g Body
v 0.027178 -0.006031 -0.008070
v 0.027455 -0.005910 -0.008070
v 0.026900 -0.005006 -0.008070
v 0.031354 -0.034145 -0.004351
v 0.031052 -0.033843 -0.004351
v 0.031052 -0.033843 -0.001862
v -0.031052 -0.033843 -0.001862
v -0.031052 -0.033843 -0.004351
v -0.031354 -0.034145 -0.004351
v 0.031354 0.034145 -0.004351
v 0.032253 0.035045 -0.004351
v 0.032253 0.035045 -0.001862
v 0.032253 0.035045 -0.004351
v 0.031866 0.034658 -0.012665
v 0.032253 0.035045 -0.012665
v -0.032253 0.035045 -0.001862
v -0.032253 0.035045 -0.004351
v -0.031354 0.034145 -0.004351
v -0.032253 0.035045 -0.004351
v -0.031866 0.034658 -0.012665
v -0.032253 0.035045 -0.012665
v 0.017111 -0.007725 0.005904
v 0.016069 -0.008249 0.005904
v 0.015225 -0.008690 0.005904
v 0.023036 0.004079 0.005904
v 0.023663 0.003513 0.005904
v 0.024163 0.003082 0.005904
v -0.029422 -0.004019 0.002642
v -0.029422 -0.004019 -0.005395
v -0.037667 -0.004019 -0.005395
v -0.038593 -0.004019 -0.004469
v -0.038593 -0.004019 0.001716
v -0.037667 -0.004019 0.002642
v -0.029422 0.004019 -0.005395
v -0.029422 -0.004019 -0.005395
v -0.029422 -0.004019 0.002642
v -0.029422 0.004019 0.002642
v -0.029422 0.004019 0.002642
v -0.029422 -0.004019 0.002642
v -0.037667 -0.004019 0.002642
v -0.037667 0.004019 0.002642
v -0.038593 -0.004019 -0.004469
v -0.038593 0.004019 -0.004469
v -0.038593 0.004019 0.001716
v -0.038593 -0.004019 0.001716
v -0.038593 0.004019 -0.004469
v -0.037667 0.004019 -0.005395
v -0.029422 0.004019 -0.005395
v -0.029422 0.004019 0.002642
v -0.038593 0.004019 0.001716
v -0.037667 0.004019 0.002642
v -0.037667 0.004019 -0.005395
v -0.038593 0.004019 -0.004469
v -0.038593 -0.004019 -0.004469
v -0.037667 -0.004019 -0.005395
v -0.037667 -0.004019 0.002642
v -0.038593 -0.004019 0.001716
v -0.038593 0.004019 0.001716
v -0.037667 0.004019 0.002642
v -0.037667 0.004019 -0.005395
v -0.037667 -0.004019 -0.005395
v -0.029422 -0.004019 -0.005395
v -0.029422 0.004019 -0.005395
v 0.015088 0.005910 -0.008070
v 0.015088 0.014489 -0.008070
v 0.015088 0.014489 -0.001923
v 0.015088 0.005910 -0.001923
v 0.015088 0.004433 -0.008070
v 0.015088 0.004433 -0.001923
v 0.015088 0.002955 -0.008070
v 0.015088 0.002955 -0.001923
v 0.015088 0.001478 -0.008070
v 0.015088 0.001478 -0.001923
v 0.015088 0.000000 -0.008070
v 0.015088 -0.000000 -0.001923
v 0.015088 -0.001478 -0.008070
v 0.015088 -0.001478 -0.001923
v 0.015088 -0.002955 -0.008070
v 0.015088 -0.002955 -0.001923
v 0.015088 -0.004433 -0.008070
v 0.015088 -0.004433 -0.001923
v 0.015088 -0.005910 -0.008070
v 0.015088 -0.005910 -0.001923
v 0.015088 -0.014489 -0.008070
v 0.015088 -0.014489 -0.001923
v 0.015088 0.014489 -0.008070
v 0.026900 0.014489 -0.008070
v 0.026900 0.014489 -0.001923
v 0.015088 0.014489 -0.001923
v 0.026900 -0.014489 -0.008070
v 0.015088 -0.014489 -0.008070
v 0.015088 -0.014489 -0.001923
v 0.026900 -0.014489 -0.001923
v 0.026900 -0.006814 -0.008070
v 0.026900 -0.014489 -0.008070
v 0.026900 -0.014489 -0.001923
v 0.026900 -0.006814 -0.001923
v 0.026975 -0.006362 -0.008070
v 0.026975 -0.006362 -0.001923
v 0.027178 -0.006031 -0.008070
v 0.027178 -0.006031 -0.001923
v 0.015088 0.014489 -0.001923
v 0.026900 0.014489 -0.001923
v 0.026900 0.006814 -0.001923
v 0.026346 0.005910 -0.001923
v 0.015088 0.005910 -0.001923
v 0.015088 0.004433 -0.001923
v 0.026346 0.005910 -0.001923
v 0.026900 0.004433 -0.001923
v 0.015088 0.002955 -0.001923
v 0.026900 0.005006 -0.001923
v 0.026900 0.002955 -0.001923
v 0.015088 0.001478 -0.001923
v 0.026900 0.001478 -0.001923
v 0.015088 -0.000000 -0.001923
v 0.026900 0.000000 -0.001923
v 0.015088 -0.001478 -0.001923
v 0.026900 -0.001478 -0.001923
v 0.015088 -0.002955 -0.001923
v 0.026900 -0.002955 -0.001923
v 0.015088 -0.004433 -0.001923
v 0.030244 0.001478 -0.001923
v 0.030244 0.000000 -0.001923
v 0.030244 -0.001478 -0.001923
v 0.030244 0.002955 -0.001923
v 0.030244 -0.002955 -0.001923
v 0.035104 0.000000 -0.001923
v 0.035023 0.001969 -0.001923
v 0.035023 -0.001969 -0.001923
v 0.034807 -0.003938 -0.001923
v 0.034807 0.003938 -0.001923
v 0.034455 -0.005906 -0.001923
v 0.030244 0.004433 -0.001923
v 0.034455 0.005906 -0.001923
v 0.030244 -0.004433 -0.001923
v 0.033915 -0.007875 -0.001923
v 0.030244 -0.005910 -0.001923
v 0.026900 -0.004433 -0.001923
v 0.027455 -0.005910 -0.001923
v 0.026900 -0.005006 -0.001923
v 0.027178 -0.006031 -0.001923
v 0.026975 -0.006362 -0.001923
v 0.026900 -0.006814 -0.001923
v 0.026346 -0.005910 -0.001923
v 0.015088 -0.005910 -0.001923
v 0.026346 -0.005910 -0.001923
v 0.026900 -0.014489 -0.001923
v 0.015088 -0.014489 -0.001923
v 0.034455 -0.005906 -0.008070
v 0.033915 -0.007875 -0.008070
v 0.033915 -0.007875 -0.001923
v 0.034455 -0.005906 -0.001923
v 0.034807 -0.003938 -0.008070
v 0.034807 -0.003938 -0.001923
v 0.035023 -0.001969 -0.008070
v 0.035023 -0.001969 -0.001923
v 0.035104 0.000000 -0.008070
v 0.035104 0.000000 -0.001923
v 0.035023 0.001969 -0.008070
v 0.035023 0.001969 -0.001923
v 0.034807 0.003938 -0.008070
v 0.034807 0.003938 -0.001923
v 0.034455 0.005906 -0.008070
v 0.034455 0.005906 -0.001923
v 0.033915 0.007875 -0.008070
v 0.033915 0.007875 -0.001923
v 0.030244 -0.005910 -0.001923
v 0.033915 -0.007875 -0.001923
v 0.033915 -0.007875 -0.008070
v 0.030244 -0.005910 -0.008070
v 0.027455 -0.005910 -0.001923
v 0.027455 -0.005910 -0.008070
v 0.027178 -0.006031 -0.001923
v 0.027178 -0.006031 -0.008070
v 0.030244 0.005910 -0.008070
v 0.033915 0.007875 -0.008070
v 0.033915 0.007875 -0.001923
v 0.030244 0.005910 -0.001923
v 0.027455 0.005910 -0.008070
v 0.027455 0.005910 -0.001923
v 0.027178 0.006031 -0.008070
v 0.027178 0.006031 -0.001923
v 0.030244 0.005910 -0.001923
v 0.033915 0.007875 -0.001923
v 0.027455 0.005910 -0.001923
v 0.027178 0.006031 -0.001923
v 0.026975 0.006362 -0.001923
v 0.026900 0.006814 -0.001923
v 0.026346 0.005910 -0.001923
v 0.030244 -0.005910 -0.008070
v 0.033915 -0.007875 -0.008070
v 0.034455 -0.005906 -0.008070
v 0.030244 -0.004433 -0.008070
v 0.027455 -0.005910 -0.008070
v 0.026900 -0.004433 -0.008070
v 0.034807 -0.003938 -0.008070
v 0.026900 -0.005006 -0.008070
v 0.030244 -0.002955 -0.008070
v 0.035023 -0.001969 -0.008070
v 0.030244 -0.001478 -0.008070
v 0.035104 0.000000 -0.008070
v 0.026900 -0.002955 -0.008070
v 0.030244 -0.000000 -0.008070
v 0.035023 0.001969 -0.008070
v 0.026900 -0.001478 -0.008070
v 0.030244 0.001478 -0.008070
v 0.034807 0.003938 -0.008070
v 0.026900 -0.000000 -0.008070
v 0.030244 0.002955 -0.008070
v 0.034455 0.005906 -0.008070
v 0.026900 0.001478 -0.008070
v 0.030244 0.004433 -0.008070
v 0.033915 0.007875 -0.008070
v 0.030244 0.005910 -0.008070
v 0.026900 0.002955 -0.008070
v 0.026900 0.004433 -0.008070
v 0.027455 0.005910 -0.008070
v 0.026900 0.005006 -0.008070
v 0.027178 0.006031 -0.008070
v 0.026975 0.006362 -0.008070
v 0.026900 0.006814 -0.008070
v 0.015088 0.004433 -0.008070
v 0.026346 0.005910 -0.008070
v 0.026900 0.014489 -0.008070
v 0.015088 0.014489 -0.008070
v 0.015088 0.005910 -0.008070
v 0.015088 0.002955 -0.008070
v 0.015088 0.001478 -0.008070
v 0.015088 0.000000 -0.008070
v 0.015088 -0.001478 -0.008070
v 0.015088 -0.002955 -0.008070
v 0.015088 -0.004433 -0.008070
v 0.026346 -0.005910 -0.008070
v 0.015088 -0.005910 -0.008070
v 0.015088 -0.014489 -0.008070
v 0.026900 -0.006814 -0.008070
v 0.026900 -0.014489 -0.008070
v 0.026900 -0.006814 -0.008070
v 0.026975 -0.006362 -0.008070
v 0.027178 -0.006031 -0.008070
v 0.026900 0.014489 -0.008070
v 0.026900 0.006814 -0.001923
v 0.026900 0.014489 -0.001923
v 0.026900 0.006814 -0.008070
v 0.026975 0.006362 -0.001923
v 0.026975 0.006362 -0.008070
v 0.027178 0.006031 -0.001923
v 0.027178 0.006031 -0.008070
v 0.052566 0.006873 0.003598
v 0.014137 0.009425 -0.001746
v 0.012682 0.006915 0.003575
v 0.050257 0.009430 -0.001755
v 0.053634 0.009901 -0.001796
v 0.056401 0.007418 0.003579
v 0.056803 0.011653 -0.001840
v 0.059970 0.008919 0.003570
v 0.059646 0.013784 -0.001865
v 0.063032 0.011287 0.003565
v 0.061662 0.016967 -0.001875
v 0.065383 0.014362 0.003562
v 0.062973 0.020402 -0.001869
v 0.066863 0.017932 0.003563
v 0.063192 0.021844 -0.001755
v 0.067080 0.019367 0.003575
v 0.063460 0.024227 -0.001668
v 0.067385 0.021751 0.003571
v 0.067400 0.024964 0.003578
v 0.063427 0.027138 -0.001746
v 0.067383 0.051664 0.003570
v 0.063351 0.051247 -0.001861
v 0.062397 0.054284 -0.001877
v 0.066857 0.055483 0.003562
v 0.061248 0.056771 -0.001887
v 0.065373 0.059046 0.003560
v 0.059407 0.059161 -0.001886
v 0.063018 0.062115 0.003560
v 0.056938 0.060921 -0.001879
v 0.059951 0.064472 0.003561
v 0.053621 0.062311 -0.001860
v 0.056386 0.065960 0.003565
v 0.050261 0.062940 -0.001832
v 0.052566 0.066491 0.003577
v 0.026156 0.066512 0.003586
v 0.027393 0.063002 -0.001728
v 0.019729 0.066500 0.003581
v 0.021830 0.063001 -0.001729
v 0.019452 0.062866 -0.001825
v 0.017123 0.066145 0.003575
v 0.017196 0.062422 -0.001824
v 0.014667 0.065132 0.003575
v 0.015282 0.061292 -0.001819
v 0.012547 0.063515 0.003576
v 0.013951 0.059802 -0.001815
v 0.010921 0.061401 0.003577
v 0.013030 0.057591 -0.001809
v 0.009893 0.058939 0.003580
v 0.012726 0.055321 -0.001804
v 0.009516 0.056361 0.003600
v 0.012595 0.054763 -0.001808
v 0.009273 0.055417 0.003617
v 0.012334 0.053977 -0.001800
v 0.008765 0.054840 0.003611
v 0.011712 0.053265 -0.001781
v 0.007918 0.054342 0.003619
v 0.010802 0.052554 -0.001762
v 0.006793 0.054084 0.003616
v 0.009631 0.052072 -0.001749
v 0.005712 0.054010 0.003607
v 0.008464 0.051804 -0.001734
v 0.004332 0.053941 0.003619
v -0.000000 0.053942 0.003620
v -0.000000 0.051819 -0.001706
v -0.008464 0.051804 -0.001734
v -0.004332 0.053941 0.003619
v -0.005712 0.054010 0.003607
v -0.009631 0.052072 -0.001749
v -0.006793 0.054084 0.003616
v -0.010802 0.052554 -0.001762
v -0.007918 0.054342 0.003619
v -0.011712 0.053265 -0.001781
v -0.008765 0.054840 0.003611
v -0.012334 0.053977 -0.001800
v -0.009273 0.055417 0.003617
v -0.012595 0.054763 -0.001808
v -0.009516 0.056361 0.003600
v -0.012726 0.055321 -0.001804
v -0.009893 0.058939 0.003580
v -0.013030 0.057591 -0.001809
v -0.010921 0.061401 0.003577
v -0.013951 0.059802 -0.001815
v -0.012547 0.063515 0.003576
v -0.015282 0.061292 -0.001819
v -0.014667 0.065132 0.003575
v -0.017196 0.062422 -0.001824
v -0.017123 0.066145 0.003575
v -0.019452 0.062866 -0.001825
v -0.019729 0.066500 0.003581
v -0.021830 0.063001 -0.001729
v -0.027393 0.063002 -0.001728
v -0.026156 0.066512 0.003586
v -0.050261 0.062940 -0.001832
v -0.052566 0.066491 0.003577
v -0.056386 0.065960 0.003565
v -0.053621 0.062311 -0.001860
v -0.059951 0.064472 0.003561
v -0.056938 0.060921 -0.001879
v -0.063018 0.062115 0.003560
v -0.059407 0.059161 -0.001886
v -0.065373 0.059046 0.003560
v -0.061248 0.056771 -0.001887
v -0.066857 0.055483 0.003562
v -0.062397 0.054284 -0.001877
v -0.067383 0.051664 0.003570
v -0.063351 0.051247 -0.001861
v -0.063427 0.027138 -0.001746
v -0.067400 0.024964 0.003578
v -0.063460 0.024227 -0.001668
v -0.067385 0.021751 0.003571
v -0.067080 0.019367 0.003575
v -0.063192 0.021844 -0.001755
v -0.066863 0.017932 0.003563
v -0.062973 0.020402 -0.001869
v -0.065383 0.014362 0.003562
v -0.061662 0.016967 -0.001875
v -0.063032 0.011287 0.003565
v -0.059646 0.013784 -0.001865
v -0.059970 0.008919 0.003570
v -0.056803 0.011653 -0.001840
v -0.056401 0.007418 0.003579
v -0.053634 0.009901 -0.001796
v -0.052566 0.006873 0.003598
v -0.050257 0.009430 -0.001755
v -0.014137 0.009425 -0.001746
v -0.012682 0.006915 0.003575
v 0.012682 0.006915 0.003575
v 0.011751 0.004341 0.003509
v 0.054035 0.004341 0.003509
v 0.052566 0.006873 0.003598
v 0.058131 0.004880 0.003509
v 0.056401 0.007418 0.003579
v 0.061948 0.006461 0.003509
v 0.059970 0.008919 0.003570
v 0.065226 0.008976 0.003509
v 0.063032 0.011287 0.003565
v 0.067741 0.012254 0.003509
v 0.065383 0.014362 0.003562
v 0.069322 0.016071 0.003509
v 0.066863 0.017932 0.003563
v 0.069523 0.017593 0.003509
v 0.067080 0.019367 0.003575
v 0.069862 0.020167 0.003509
v 0.067385 0.021751 0.003571
v 0.069862 0.023564 0.003509
v 0.067400 0.024964 0.003578
v 0.069862 0.051919 0.003509
v 0.067383 0.051664 0.003570
v 0.069322 0.056015 0.003509
v 0.066857 0.055483 0.003562
v 0.067469 0.060300 0.003509
v 0.065373 0.059046 0.003560
v 0.064915 0.063616 0.003509
v 0.063018 0.062115 0.003560
v 0.061754 0.066054 0.003509
v 0.059951 0.064472 0.003561
v 0.057937 0.067907 0.003509
v 0.056386 0.065960 0.003565
v 0.054035 0.068715 0.003509
v 0.052566 0.066491 0.003577
v 0.025364 0.068715 0.003509
v 0.026156 0.066512 0.003586
v 0.018396 0.068715 0.003509
v 0.019729 0.066500 0.003581
v 0.015370 0.067974 0.003509
v 0.017123 0.066145 0.003575
v 0.012965 0.066765 0.003509
v 0.014667 0.065132 0.003575
v 0.010630 0.064975 0.003509
v 0.012547 0.063515 0.003576
v 0.008921 0.062504 0.003509
v 0.010921 0.061401 0.003577
v 0.007893 0.059880 0.003509
v 0.009893 0.058939 0.003580
v 0.007540 0.057732 0.003592
v 0.009516 0.056361 0.003600
v 0.007443 0.057018 0.003592
v 0.009273 0.055417 0.003617
v 0.007144 0.056357 0.003592
v 0.008765 0.054840 0.003611
v 0.006589 0.055913 0.003592
v 0.007918 0.054342 0.003619
v 0.005752 0.055766 0.003509
v 0.006793 0.054084 0.003616
v 0.004630 0.055756 0.003509
v 0.005712 0.054010 0.003607
v 0.002725 0.055756 0.003509
v 0.004332 0.053941 0.003619
v -0.000000 0.055756 0.003509
v -0.000000 0.053942 0.003620
v -0.004332 0.053941 0.003619
v -0.002725 0.055756 0.003509
v -0.005712 0.054010 0.003607
v -0.004630 0.055756 0.003509
v -0.006793 0.054084 0.003616
v -0.005752 0.055766 0.003509
v -0.007918 0.054342 0.003619
v -0.006589 0.055913 0.003592
v -0.008765 0.054840 0.003611
v -0.007144 0.056357 0.003592
v -0.009273 0.055417 0.003617
v -0.007443 0.057018 0.003592
v -0.009516 0.056361 0.003600
v -0.007540 0.057732 0.003592
v -0.009893 0.058939 0.003580
v -0.007893 0.059880 0.003509
v -0.010921 0.061401 0.003577
v -0.008921 0.062504 0.003509
v -0.012547 0.063515 0.003576
v -0.010630 0.064975 0.003509
v -0.014667 0.065132 0.003575
v -0.012965 0.066765 0.003509
v -0.017123 0.066145 0.003575
v -0.015370 0.067974 0.003509
v -0.019729 0.066500 0.003581
v -0.018396 0.068715 0.003509
v -0.026156 0.066512 0.003586
v -0.025364 0.068715 0.003509
v -0.052566 0.066491 0.003577
v -0.054035 0.068715 0.003509
v -0.056386 0.065960 0.003565
v -0.057937 0.067907 0.003509
v -0.059951 0.064472 0.003561
v -0.061754 0.066054 0.003509
v -0.063018 0.062115 0.003560
v -0.064915 0.063616 0.003509
v -0.065373 0.059046 0.003560
v -0.067469 0.060300 0.003509
v -0.066857 0.055483 0.003562
v -0.069322 0.056015 0.003509
v -0.067383 0.051664 0.003570
v -0.069862 0.051919 0.003509
v -0.067400 0.024964 0.003578
v -0.069862 0.023564 0.003509
v -0.067385 0.021751 0.003571
v -0.069862 0.020167 0.003509
v -0.067080 0.019367 0.003575
v -0.069523 0.017593 0.003509
v -0.066863 0.017932 0.003563
v -0.069322 0.016071 0.003509
v -0.065383 0.014362 0.003562
v -0.067741 0.012254 0.003509
v -0.063032 0.011287 0.003565
v -0.065226 0.008976 0.003509
v -0.059970 0.008919 0.003570
v -0.061948 0.006461 0.003509
v -0.056401 0.007418 0.003579
v -0.058131 0.004880 0.003509
v -0.052566 0.006873 0.003598
v -0.054035 0.004341 0.003509
v -0.012682 0.006915 0.003575
v -0.011751 0.004341 0.003509
v 0.063427 0.027138 -0.001746
v 0.063471 0.026181 -0.004902
v 0.063471 0.024288 -0.004902
v 0.063460 0.024227 -0.001668
v 0.063321 0.022737 -0.004903
v 0.063192 0.021844 -0.001755
v 0.021830 0.063001 -0.001729
v 0.023223 0.063064 -0.004896
v 0.026015 0.063064 -0.004896
v 0.027393 0.063002 -0.001728
v 0.052539 0.007206 0.004176
v 0.012682 0.007206 0.004176
v 0.014137 0.010021 -0.001447
v 0.050227 0.010021 -0.001447
v 0.053489 0.010451 -0.001447
v 0.056309 0.007702 0.004176
v 0.056529 0.012118 -0.001447
v 0.059821 0.009157 0.004176
v 0.059275 0.014148 -0.001447
v 0.062838 0.011471 0.004176
v 0.061210 0.017207 -0.001447
v 0.065152 0.014488 0.004176
v 0.062469 0.020519 -0.001447
v 0.066607 0.018000 0.004176
v 0.062603 0.021907 -0.001447
v 0.066792 0.019400 0.004176
v 0.062831 0.024257 -0.001447
v 0.067103 0.021770 0.004176
v 0.067103 0.024964 0.004176
v 0.062831 0.027138 -0.001447
v 0.067103 0.051634 0.004176
v 0.062831 0.051192 -0.001447
v 0.061912 0.054128 -0.001447
v 0.066607 0.055404 0.004176
v 0.060816 0.056516 -0.001447
v 0.065152 0.058916 0.004176
v 0.059057 0.058800 -0.001447
v 0.062838 0.061933 0.004176
v 0.056692 0.060477 -0.001447
v 0.059821 0.064247 0.004176
v 0.053489 0.061804 -0.001447
v 0.056309 0.065702 0.004176
v 0.050227 0.062396 -0.001447
v 0.052539 0.066198 0.004176
v 0.026156 0.066198 0.004176
v 0.027393 0.062396 -0.001447
v 0.019744 0.066198 0.004176
v 0.021844 0.062396 -0.001447
v 0.019546 0.062324 -0.001447
v 0.017183 0.065861 0.004176
v 0.017427 0.061922 -0.001447
v 0.014796 0.064873 0.004176
v 0.015653 0.060880 -0.001447
v 0.012746 0.063300 0.004176
v 0.014428 0.059514 -0.001447
v 0.011174 0.061251 0.004176
v 0.013572 0.057449 -0.001447
v 0.010185 0.058864 0.004176
v 0.013281 0.055218 -0.001447
v 0.009848 0.056303 0.004176
v 0.013118 0.054559 -0.001447
v 0.009610 0.055279 0.004176
v 0.012776 0.053623 -0.001447
v 0.009029 0.054603 0.004176
v 0.012038 0.052788 -0.001447
v 0.008101 0.054024 0.004176
v 0.011015 0.052005 -0.001447
v 0.006893 0.053734 0.004176
v 0.009753 0.051489 -0.001447
v 0.005772 0.053666 0.004176
v 0.008521 0.051204 -0.001447
v 0.004348 0.053573 0.004176
v -0.000000 0.053573 0.004176
v -0.000000 0.051204 -0.001447
v -0.008521 0.051204 -0.001447
v -0.004348 0.053573 0.004176
v -0.005772 0.053666 0.004176
v -0.009753 0.051489 -0.001447
v -0.006893 0.053734 0.004176
v -0.011015 0.052005 -0.001447
v -0.008101 0.054024 0.004176
v -0.012038 0.052788 -0.001447
v -0.009029 0.054603 0.004176
v -0.012776 0.053623 -0.001447
v -0.009610 0.055279 0.004176
v -0.013118 0.054559 -0.001447
v -0.009848 0.056303 0.004176
v -0.013281 0.055218 -0.001447
v -0.010185 0.058864 0.004176
v -0.013572 0.057449 -0.001447
v -0.011174 0.061251 0.004176
v -0.014428 0.059514 -0.001447
v -0.012746 0.063300 0.004176
v -0.015653 0.060880 -0.001447
v -0.014796 0.064873 0.004176
v -0.017427 0.061922 -0.001447
v -0.017183 0.065861 0.004176
v -0.019546 0.062324 -0.001447
v -0.019744 0.066198 0.004176
v -0.021844 0.062396 -0.001447
v -0.027393 0.062396 -0.001447
v -0.026156 0.066198 0.004176
v -0.050227 0.062396 -0.001447
v -0.052539 0.066198 0.004176
v -0.056309 0.065702 0.004176
v -0.053489 0.061804 -0.001447
v -0.059821 0.064247 0.004176
v -0.056692 0.060477 -0.001447
v -0.062838 0.061933 0.004176
v -0.059057 0.058800 -0.001447
v -0.065152 0.058916 0.004176
v -0.060816 0.056516 -0.001447
v -0.066607 0.055404 0.004176
v -0.061912 0.054128 -0.001447
v -0.067103 0.051634 0.004176
v -0.062831 0.051192 -0.001447
v -0.062831 0.027138 -0.001447
v -0.067103 0.024964 0.004176
v -0.062831 0.024257 -0.001447
v -0.067103 0.021770 0.004176
v -0.066792 0.019400 0.004176
v -0.062603 0.021907 -0.001447
v -0.066607 0.018000 0.004176
v -0.062469 0.020519 -0.001447
v -0.065152 0.014488 0.004176
v -0.061210 0.017207 -0.001447
v -0.062838 0.011471 0.004176
v -0.059275 0.014148 -0.001447
v -0.059821 0.009157 0.004176
v -0.056529 0.012118 -0.001447
v -0.056309 0.007702 0.004176
v -0.053489 0.010451 -0.001447
v -0.052539 0.007206 0.004176
v -0.050227 0.010021 -0.001447
v -0.014137 0.010021 -0.001447
v -0.012682 0.007206 0.004176
v 0.012682 0.007206 0.004176
v 0.054035 0.004341 0.004176
v 0.011751 0.004341 0.004176
v 0.052539 0.007206 0.004176
v 0.058131 0.004880 0.004176
v 0.056309 0.007702 0.004176
v 0.061948 0.006461 0.004176
v 0.059821 0.009157 0.004176
v 0.065226 0.008976 0.004176
v 0.062838 0.011471 0.004176
v 0.067741 0.012254 0.004176
v 0.065152 0.014488 0.004176
v 0.069322 0.016071 0.004176
v 0.066607 0.018000 0.004176
v 0.069523 0.017593 0.004176
v 0.066792 0.019400 0.004176
v 0.069862 0.020167 0.004176
v 0.067103 0.021770 0.004176
v 0.069862 0.023564 0.004176
v 0.067103 0.024964 0.004176
v 0.069862 0.051919 0.004176
v 0.067103 0.051634 0.004176
v 0.069322 0.056015 0.004176
v 0.066607 0.055404 0.004176
v 0.067469 0.060300 0.004176
v 0.065152 0.058916 0.004176
v 0.064915 0.063616 0.004176
v 0.062838 0.061933 0.004176
v 0.061754 0.066054 0.004176
v 0.059821 0.064247 0.004176
v 0.057937 0.067907 0.004176
v 0.056309 0.065702 0.004176
v 0.054035 0.068715 0.004176
v 0.052539 0.066198 0.004176
v 0.025364 0.068715 0.004176
v 0.026156 0.066198 0.004176
v 0.018396 0.068715 0.004176
v 0.019744 0.066198 0.004176
v 0.015370 0.067974 0.004176
v 0.017183 0.065861 0.004176
v 0.012965 0.066765 0.004176
v 0.014796 0.064873 0.004176
v 0.010630 0.064975 0.004176
v 0.012746 0.063300 0.004176
v 0.008921 0.062504 0.004176
v 0.011174 0.061251 0.004176
v 0.007901 0.059884 0.004176
v 0.010185 0.058864 0.004176
v 0.007559 0.057736 0.004259
v 0.009848 0.056303 0.004176
v 0.007463 0.057011 0.004259
v 0.009610 0.055279 0.004176
v 0.007160 0.056341 0.004259
v 0.009029 0.054603 0.004176
v 0.006582 0.055889 0.004259
v 0.008101 0.054024 0.004176
v 0.005744 0.055756 0.004176
v 0.006893 0.053734 0.004176
v 0.004630 0.055756 0.004176
v 0.005772 0.053666 0.004176
v 0.002725 0.055756 0.004176
v 0.004348 0.053573 0.004176
v -0.000000 0.055756 0.004176
v -0.000000 0.053573 0.004176
v -0.004348 0.053573 0.004176
v -0.002725 0.055756 0.004176
v -0.005772 0.053666 0.004176
v -0.004630 0.055756 0.004176
v -0.006893 0.053734 0.004176
v -0.005744 0.055756 0.004176
v -0.008101 0.054024 0.004176
v -0.006582 0.055889 0.004259
v -0.009029 0.054603 0.004176
v -0.007160 0.056341 0.004259
v -0.009610 0.055279 0.004176
v -0.007463 0.057011 0.004259
v -0.009848 0.056303 0.004176
v -0.007559 0.057736 0.004259
v -0.010185 0.058864 0.004176
v -0.007901 0.059884 0.004176
v -0.011174 0.061251 0.004176
v -0.008921 0.062504 0.004176
v -0.012746 0.063300 0.004176
v -0.010630 0.064975 0.004176
v -0.014796 0.064873 0.004176
v -0.012965 0.066765 0.004176
v -0.017183 0.065861 0.004176
v -0.015370 0.067974 0.004176
v -0.019744 0.066198 0.004176
v -0.018396 0.068715 0.004176
v -0.026156 0.066198 0.004176
v -0.025364 0.068715 0.004176
v -0.052539 0.066198 0.004176
v -0.054035 0.068715 0.004176
v -0.056309 0.065702 0.004176
v -0.057937 0.067907 0.004176
v -0.059821 0.064247 0.004176
v -0.061754 0.066054 0.004176
v -0.062838 0.061933 0.004176
v -0.064915 0.063616 0.004176
v -0.065152 0.058916 0.004176
v -0.067469 0.060300 0.004176
v -0.066607 0.055404 0.004176
v -0.069322 0.056015 0.004176
v -0.067103 0.051634 0.004176
v -0.069862 0.051919 0.004176
v -0.067103 0.024964 0.004176
v -0.069862 0.023564 0.004176
v -0.067103 0.021770 0.004176
v -0.069862 0.020167 0.004176
v -0.066792 0.019400 0.004176
v -0.069523 0.017593 0.004176
v -0.066607 0.018000 0.004176
v -0.069322 0.016071 0.004176
v -0.065152 0.014488 0.004176
v -0.067741 0.012254 0.004176
v -0.062838 0.011471 0.004176
v -0.065226 0.008976 0.004176
v -0.059821 0.009157 0.004176
v -0.061948 0.006461 0.004176
v -0.056309 0.007702 0.004176
v -0.058131 0.004880 0.004176
v -0.052539 0.007206 0.004176
v -0.054035 0.004341 0.004176
v -0.012682 0.007206 0.004176
v -0.011751 0.004341 0.004176
v 0.062831 0.027138 -0.001447
v 0.062804 0.024319 -0.004896
v 0.062804 0.026181 -0.004896
v 0.062831 0.024257 -0.001447
v 0.062657 0.022801 -0.004896
v 0.062603 0.021907 -0.001447
v 0.021844 0.062396 -0.001447
v 0.027393 0.062396 -0.001447
v 0.026015 0.062396 -0.004896
v 0.023223 0.062396 -0.004896
v 0.014137 0.009425 -0.001746
v 0.014137 0.010021 -0.001447
v 0.012682 0.007206 0.004176
v 0.012682 0.006915 0.003575
v 0.011751 0.004341 0.004176
v 0.011751 0.004341 0.003509
v 0.063351 0.051247 -0.001861
v 0.062831 0.027138 -0.001447
v 0.063427 0.027138 -0.001746
v 0.062831 0.051192 -0.001447
v 0.062397 0.054284 -0.001877
v 0.061912 0.054128 -0.001447
v 0.061248 0.056771 -0.001887
v 0.060816 0.056516 -0.001447
v 0.059407 0.059161 -0.001886
v 0.059057 0.058800 -0.001447
v 0.056938 0.060921 -0.001879
v 0.056692 0.060477 -0.001447
v 0.053621 0.062311 -0.001860
v 0.053489 0.061804 -0.001447
v 0.050261 0.062940 -0.001832
v 0.050227 0.062396 -0.001447
v 0.027393 0.063002 -0.001728
v 0.027393 0.062396 -0.001447
v 0.050257 0.009430 -0.001755
v 0.014137 0.010021 -0.001447
v 0.014137 0.009425 -0.001746
v 0.050227 0.010021 -0.001447
v 0.053634 0.009901 -0.001796
v 0.053489 0.010451 -0.001447
v 0.056803 0.011653 -0.001840
v 0.056529 0.012118 -0.001447
v 0.059646 0.013784 -0.001865
v 0.059275 0.014148 -0.001447
v 0.061662 0.016967 -0.001875
v 0.061210 0.017207 -0.001447
v 0.062973 0.020402 -0.001869
v 0.062469 0.020519 -0.001447
v 0.063192 0.021844 -0.001755
v 0.062603 0.021907 -0.001447
v -0.000000 0.053942 0.003620
v -0.000000 0.051204 -0.001447
v -0.000000 0.051819 -0.001706
v -0.000000 0.053573 0.004176
v -0.000000 0.055756 0.003509
v -0.000000 0.055756 0.004176
v 0.019452 0.062866 -0.001825
v 0.021844 0.062396 -0.001447
v 0.021830 0.063001 -0.001729
v 0.019546 0.062324 -0.001447
v 0.017196 0.062422 -0.001824
v 0.017427 0.061922 -0.001447
v 0.015282 0.061292 -0.001819
v 0.015653 0.060880 -0.001447
v 0.013951 0.059802 -0.001815
v 0.014428 0.059514 -0.001447
v 0.013030 0.057591 -0.001809
v 0.013572 0.057449 -0.001447
v 0.012726 0.055321 -0.001804
v 0.013281 0.055218 -0.001447
v 0.012595 0.054763 -0.001808
v 0.013118 0.054559 -0.001447
v 0.012334 0.053977 -0.001800
v 0.012776 0.053623 -0.001447
v 0.011712 0.053265 -0.001781
v 0.012038 0.052788 -0.001447
v 0.010802 0.052554 -0.001762
v 0.011015 0.052005 -0.001447
v 0.009631 0.052072 -0.001749
v 0.009753 0.051489 -0.001447
v 0.008464 0.051804 -0.001734
v 0.008521 0.051204 -0.001447
v -0.000000 0.051819 -0.001706
v -0.000000 0.051204 -0.001447
v -0.008521 0.051204 -0.001447
v -0.008464 0.051804 -0.001734
v -0.009753 0.051489 -0.001447
v -0.009631 0.052072 -0.001749
v -0.011015 0.052005 -0.001447
v -0.010802 0.052554 -0.001762
v -0.012038 0.052788 -0.001447
v -0.011712 0.053265 -0.001781
v -0.012776 0.053623 -0.001447
v -0.012334 0.053977 -0.001800
v -0.013118 0.054559 -0.001447
v -0.012595 0.054763 -0.001808
v -0.013281 0.055218 -0.001447
v -0.012726 0.055321 -0.001804
v -0.013572 0.057449 -0.001447
v -0.013030 0.057591 -0.001809
v -0.014428 0.059514 -0.001447
v -0.013951 0.059802 -0.001815
v -0.015653 0.060880 -0.001447
v -0.015282 0.061292 -0.001819
v -0.017427 0.061922 -0.001447
v -0.017196 0.062422 -0.001824
v -0.019546 0.062324 -0.001447
v -0.019452 0.062866 -0.001825
v -0.021844 0.062396 -0.001447
v -0.021830 0.063001 -0.001729
v 0.011751 0.004341 0.003509
v 0.011751 0.004341 0.004176
v 0.054035 0.004341 0.004176
v 0.054035 0.004341 0.003509
v 0.058131 0.004880 0.004176
v 0.058131 0.004880 0.003509
v 0.061948 0.006461 0.004176
v 0.061948 0.006461 0.003509
v 0.065226 0.008976 0.004176
v 0.065226 0.008976 0.003509
v 0.067741 0.012254 0.004176
v 0.067741 0.012254 0.003509
v 0.069322 0.016071 0.004176
v 0.069322 0.016071 0.003509
v 0.069523 0.017593 0.004176
v 0.069523 0.017593 0.003509
v 0.069862 0.020167 0.004176
v 0.069862 0.020167 0.003509
v 0.069862 0.023564 0.004176
v 0.069862 0.023564 0.003509
v 0.069862 0.051919 0.004176
v 0.069862 0.051919 0.003509
v 0.069322 0.056015 0.004176
v 0.069322 0.056015 0.003509
v 0.067469 0.060300 0.004176
v 0.067469 0.060300 0.003509
v 0.064915 0.063616 0.004176
v 0.064915 0.063616 0.003509
v 0.061754 0.066054 0.004176
v 0.061754 0.066054 0.003509
v 0.057937 0.067907 0.004176
v 0.057937 0.067907 0.003509
v 0.054035 0.068715 0.004176
v 0.054035 0.068715 0.003509
v 0.025364 0.068715 0.004176
v 0.025364 0.068715 0.003509
v 0.018396 0.068715 0.004176
v 0.018396 0.068715 0.003509
v 0.015370 0.067974 0.004176
v 0.015370 0.067974 0.003509
v 0.012965 0.066765 0.004176
v 0.012965 0.066765 0.003509
v 0.010630 0.064975 0.004176
v 0.010630 0.064975 0.003509
v 0.008921 0.062504 0.004176
v 0.008921 0.062504 0.003509
v 0.007901 0.059884 0.004176
v 0.007893 0.059880 0.003509
v 0.007559 0.057736 0.004259
v 0.007540 0.057732 0.003592
v 0.007463 0.057011 0.004259
v 0.007443 0.057018 0.003592
v 0.007160 0.056341 0.004259
v 0.007144 0.056357 0.003592
v 0.006582 0.055889 0.004259
v 0.006589 0.055913 0.003592
v 0.005744 0.055756 0.004176
v 0.005752 0.055766 0.003509
v 0.004630 0.055756 0.004176
v 0.004630 0.055756 0.003509
v 0.002725 0.055756 0.004176
v 0.002725 0.055756 0.003509
v -0.000000 0.055756 0.004176
v -0.000000 0.055756 0.003509
v -0.002725 0.055756 0.003509
v -0.002725 0.055756 0.004176
v -0.004630 0.055756 0.003509
v -0.004630 0.055756 0.004176
v -0.005752 0.055766 0.003509
v -0.005744 0.055756 0.004176
v -0.006589 0.055913 0.003592
v -0.006582 0.055889 0.004259
v -0.007144 0.056357 0.003592
v -0.007160 0.056341 0.004259
v -0.007443 0.057018 0.003592
v -0.007463 0.057011 0.004259
v -0.007540 0.057732 0.003592
v -0.007559 0.057736 0.004259
v -0.007893 0.059880 0.003509
v -0.007901 0.059884 0.004176
v -0.008921 0.062504 0.003509
v -0.008921 0.062504 0.004176
v -0.010630 0.064975 0.003509
v -0.010630 0.064975 0.004176
v -0.012965 0.066765 0.003509
v -0.012965 0.066765 0.004176
v -0.015370 0.067974 0.003509
v -0.015370 0.067974 0.004176
v -0.018396 0.068715 0.003509
v -0.018396 0.068715 0.004176
v -0.025364 0.068715 0.003509
v -0.025364 0.068715 0.004176
v -0.054035 0.068715 0.003509
v -0.054035 0.068715 0.004176
v -0.057937 0.067907 0.003509
v -0.057937 0.067907 0.004176
v -0.061754 0.066054 0.003509
v -0.061754 0.066054 0.004176
v -0.064915 0.063616 0.003509
v -0.064915 0.063616 0.004176
v -0.067469 0.060300 0.003509
v -0.067469 0.060300 0.004176
v -0.069322 0.056015 0.003509
v -0.069322 0.056015 0.004176
v -0.069862 0.051919 0.003509
v -0.069862 0.051919 0.004176
v -0.069862 0.023564 0.003509
v -0.069862 0.023564 0.004176
v -0.069862 0.020167 0.003509
v -0.069862 0.020167 0.004176
v -0.069523 0.017593 0.003509
v -0.069523 0.017593 0.004176
v -0.069322 0.016071 0.003509
v -0.069322 0.016071 0.004176
v -0.067741 0.012254 0.003509
v -0.067741 0.012254 0.004176
v -0.065226 0.008976 0.003509
v -0.065226 0.008976 0.004176
v -0.061948 0.006461 0.003509
v -0.061948 0.006461 0.004176
v -0.058131 0.004880 0.003509
v -0.058131 0.004880 0.004176
v -0.054035 0.004341 0.003509
v -0.054035 0.004341 0.004176
v -0.011751 0.004341 0.003509
v -0.011751 0.004341 0.004176
v 0.063471 0.024288 -0.004902
v 0.062657 0.022801 -0.004896
v 0.063321 0.022737 -0.004903
v 0.062804 0.024319 -0.004896
v 0.063471 0.026181 -0.004902
v 0.062804 0.026181 -0.004896
v 0.023223 0.063064 -0.004896
v 0.023223 0.062396 -0.004896
v 0.026015 0.062396 -0.004896
v 0.026015 0.063064 -0.004896
v 0.063427 0.027138 -0.001746
v 0.062831 0.027138 -0.001447
v 0.062804 0.026181 -0.004896
v 0.063471 0.026181 -0.004902
v 0.021830 0.063001 -0.001729
v 0.021844 0.062396 -0.001447
v 0.023223 0.062396 -0.004896
v 0.023223 0.063064 -0.004896
v 0.026015 0.063064 -0.004896
v 0.026015 0.062396 -0.004896
v 0.027393 0.062396 -0.001447
v 0.027393 0.063002 -0.001728
v 0.063321 0.022737 -0.004903
v 0.062657 0.022801 -0.004896
v 0.062603 0.021907 -0.001447
v 0.063192 0.021844 -0.001755
v -0.063427 0.027138 -0.001746
v -0.063471 0.024288 -0.004902
v -0.063471 0.026181 -0.004902
v -0.063460 0.024227 -0.001668
v -0.063321 0.022737 -0.004903
v -0.063192 0.021844 -0.001755
v -0.021830 0.063001 -0.001729
v -0.027393 0.063002 -0.001728
v -0.026015 0.063064 -0.004896
v -0.023223 0.063064 -0.004896
v -0.062831 0.027138 -0.001447
v -0.062804 0.026181 -0.004896
v -0.062804 0.024319 -0.004896
v -0.062831 0.024257 -0.001447
v -0.062657 0.022801 -0.004896
v -0.062603 0.021907 -0.001447
v -0.021844 0.062396 -0.001447
v -0.023223 0.062396 -0.004896
v -0.026015 0.062396 -0.004896
v -0.027393 0.062396 -0.001447
v -0.014137 0.009425 -0.001746
v -0.012682 0.007206 0.004176
v -0.014137 0.010021 -0.001447
v -0.012682 0.006915 0.003575
v -0.011751 0.004341 0.004176
v -0.011751 0.004341 0.003509
v -0.063351 0.051247 -0.001861
v -0.063427 0.027138 -0.001746
v -0.062831 0.027138 -0.001447
v -0.062831 0.051192 -0.001447
v -0.062397 0.054284 -0.001877
v -0.061912 0.054128 -0.001447
v -0.061248 0.056771 -0.001887
v -0.060816 0.056516 -0.001447
v -0.059407 0.059161 -0.001886
v -0.059057 0.058800 -0.001447
v -0.056938 0.060921 -0.001879
v -0.056692 0.060477 -0.001447
v -0.053621 0.062311 -0.001860
v -0.053489 0.061804 -0.001447
v -0.050261 0.062940 -0.001832
v -0.050227 0.062396 -0.001447
v -0.027393 0.063002 -0.001728
v -0.027393 0.062396 -0.001447
v -0.050257 0.009430 -0.001755
v -0.014137 0.009425 -0.001746
v -0.014137 0.010021 -0.001447
v -0.050227 0.010021 -0.001447
v -0.053634 0.009901 -0.001796
v -0.053489 0.010451 -0.001447
v -0.056803 0.011653 -0.001840
v -0.056529 0.012118 -0.001447
v -0.059646 0.013784 -0.001865
v -0.059275 0.014148 -0.001447
v -0.061662 0.016967 -0.001875
v -0.061210 0.017207 -0.001447
v -0.062973 0.020402 -0.001869
v -0.062469 0.020519 -0.001447
v -0.063192 0.021844 -0.001755
v -0.062603 0.021907 -0.001447
v -0.063471 0.024288 -0.004902
v -0.063321 0.022737 -0.004903
v -0.062657 0.022801 -0.004896
v -0.062804 0.024319 -0.004896
v -0.063471 0.026181 -0.004902
v -0.062804 0.026181 -0.004896
v -0.023223 0.063064 -0.004896
v -0.026015 0.063064 -0.004896
v -0.026015 0.062396 -0.004896
v -0.023223 0.062396 -0.004896
v -0.063427 0.027138 -0.001746
v -0.063471 0.026181 -0.004902
v -0.062804 0.026181 -0.004896
v -0.062831 0.027138 -0.001447
v -0.021830 0.063001 -0.001729
v -0.023223 0.063064 -0.004896
v -0.023223 0.062396 -0.004896
v -0.021844 0.062396 -0.001447
v -0.026015 0.063064 -0.004896
v -0.027393 0.063002 -0.001728
v -0.027393 0.062396 -0.001447
v -0.026015 0.062396 -0.004896
v -0.063321 0.022737 -0.004903
v -0.063192 0.021844 -0.001755
v -0.062603 0.021907 -0.001447
v -0.062657 0.022801 -0.004896
v 0.052566 -0.006873 0.003598
v 0.012682 -0.006915 0.003575
v 0.014137 -0.009425 -0.001746
v 0.050257 -0.009430 -0.001755
v 0.053634 -0.009901 -0.001796
v 0.056401 -0.007418 0.003579
v 0.056803 -0.011653 -0.001840
v 0.059970 -0.008919 0.003570
v 0.059646 -0.013784 -0.001865
v 0.063032 -0.011287 0.003565
v 0.061662 -0.016967 -0.001875
v 0.065383 -0.014362 0.003562
v 0.062973 -0.020402 -0.001869
v 0.066863 -0.017932 0.003563
v 0.063192 -0.021844 -0.001755
v 0.067080 -0.019367 0.003575
v 0.063460 -0.024227 -0.001668
v 0.067385 -0.021751 0.003571
v 0.067400 -0.024964 0.003578
v 0.063427 -0.027138 -0.001746
v 0.067383 -0.051664 0.003570
v 0.063351 -0.051247 -0.001861
v 0.062397 -0.054284 -0.001877
v 0.066857 -0.055483 0.003562
v 0.061248 -0.056771 -0.001887
v 0.065373 -0.059046 0.003560
v 0.059407 -0.059161 -0.001886
v 0.063018 -0.062115 0.003560
v 0.056938 -0.060921 -0.001879
v 0.059951 -0.064472 0.003561
v 0.053621 -0.062311 -0.001860
v 0.056386 -0.065960 0.003565
v 0.050261 -0.062940 -0.001832
v 0.052566 -0.066491 0.003577
v 0.026156 -0.066512 0.003586
v 0.027393 -0.063002 -0.001728
v 0.019729 -0.066500 0.003581
v 0.021830 -0.063001 -0.001729
v 0.019452 -0.062866 -0.001825
v 0.017123 -0.066145 0.003575
v 0.017196 -0.062422 -0.001824
v 0.014667 -0.065132 0.003575
v 0.015282 -0.061292 -0.001819
v 0.012547 -0.063515 0.003576
v 0.013951 -0.059802 -0.001815
v 0.010921 -0.061401 0.003577
v 0.013030 -0.057591 -0.001809
v 0.009893 -0.058939 0.003580
v 0.012726 -0.055321 -0.001804
v 0.009516 -0.056361 0.003600
v 0.012595 -0.054763 -0.001808
v 0.009273 -0.055417 0.003617
v 0.012334 -0.053977 -0.001800
v 0.008765 -0.054840 0.003611
v 0.011712 -0.053265 -0.001781
v 0.007918 -0.054342 0.003619
v 0.010802 -0.052554 -0.001762
v 0.006793 -0.054084 0.003616
v 0.009631 -0.052072 -0.001749
v 0.005712 -0.054010 0.003607
v 0.008464 -0.051804 -0.001734
v 0.004332 -0.053941 0.003619
v -0.000000 -0.053942 0.003620
v -0.000000 -0.051819 -0.001706
v -0.008464 -0.051804 -0.001734
v -0.004332 -0.053941 0.003619
v -0.005712 -0.054010 0.003607
v -0.009631 -0.052072 -0.001749
v -0.006793 -0.054084 0.003616
v -0.010802 -0.052554 -0.001762
v -0.007918 -0.054342 0.003619
v -0.011712 -0.053265 -0.001781
v -0.008765 -0.054840 0.003611
v -0.012334 -0.053977 -0.001800
v -0.009273 -0.055417 0.003617
v -0.012595 -0.054763 -0.001808
v -0.009516 -0.056361 0.003600
v -0.012726 -0.055321 -0.001804
v -0.009893 -0.058939 0.003580
v -0.013030 -0.057591 -0.001809
v -0.010921 -0.061401 0.003577
v -0.013951 -0.059802 -0.001815
v -0.012547 -0.063515 0.003576
v -0.015282 -0.061292 -0.001819
v -0.014667 -0.065132 0.003575
v -0.017196 -0.062422 -0.001824
v -0.017123 -0.066145 0.003575
v -0.019452 -0.062866 -0.001825
v -0.019729 -0.066500 0.003581
v -0.021830 -0.063001 -0.001729
v -0.027393 -0.063002 -0.001728
v -0.026156 -0.066512 0.003586
v -0.050261 -0.062940 -0.001832
v -0.052566 -0.066491 0.003577
v -0.056386 -0.065960 0.003565
v -0.053621 -0.062311 -0.001860
v -0.059951 -0.064472 0.003561
v -0.056938 -0.060921 -0.001879
v -0.063018 -0.062115 0.003560
v -0.059407 -0.059161 -0.001886
v -0.065373 -0.059046 0.003560
v -0.061248 -0.056771 -0.001887
v -0.066857 -0.055483 0.003562
v -0.062397 -0.054284 -0.001877
v -0.067383 -0.051664 0.003570
v -0.063351 -0.051247 -0.001861
v -0.063427 -0.027138 -0.001746
v -0.067400 -0.024964 0.003578
v -0.063460 -0.024227 -0.001668
v -0.067385 -0.021751 0.003571
v -0.067080 -0.019367 0.003575
v -0.063192 -0.021844 -0.001755
v -0.066863 -0.017932 0.003563
v -0.062973 -0.020402 -0.001869
v -0.065383 -0.014362 0.003562
v -0.061662 -0.016967 -0.001875
v -0.063032 -0.011287 0.003565
v -0.059646 -0.013784 -0.001865
v -0.059970 -0.008919 0.003570
v -0.056803 -0.011653 -0.001840
v -0.056401 -0.007418 0.003579
v -0.053634 -0.009901 -0.001796
v -0.052566 -0.006873 0.003598
v -0.050257 -0.009430 -0.001755
v -0.014137 -0.009425 -0.001746
v -0.012682 -0.006915 0.003575
v 0.012682 -0.006915 0.003575
v 0.054035 -0.004341 0.003509
v 0.011751 -0.004341 0.003509
v 0.052566 -0.006873 0.003598
v 0.058131 -0.004880 0.003509
v 0.056401 -0.007418 0.003579
v 0.061948 -0.006461 0.003509
v 0.059970 -0.008919 0.003570
v 0.065226 -0.008976 0.003509
v 0.063032 -0.011287 0.003565
v 0.067741 -0.012254 0.003509
v 0.065383 -0.014362 0.003562
v 0.069322 -0.016071 0.003509
v 0.066863 -0.017932 0.003563
v 0.069523 -0.017593 0.003509
v 0.067080 -0.019367 0.003575
v 0.069862 -0.020167 0.003509
v 0.067385 -0.021751 0.003571
v 0.069862 -0.023564 0.003509
v 0.067400 -0.024964 0.003578
v 0.069862 -0.051919 0.003509
v 0.067383 -0.051664 0.003570
v 0.069322 -0.056015 0.003509
v 0.066857 -0.055483 0.003562
v 0.067469 -0.060300 0.003509
v 0.065373 -0.059046 0.003560
v 0.064915 -0.063616 0.003509
v 0.063018 -0.062115 0.003560
v 0.061754 -0.066054 0.003509
v 0.059951 -0.064472 0.003561
v 0.057937 -0.067907 0.003509
v 0.056386 -0.065960 0.003565
v 0.054035 -0.068715 0.003509
v 0.052566 -0.066491 0.003577
v 0.025364 -0.068715 0.003509
v 0.026156 -0.066512 0.003586
v 0.018396 -0.068715 0.003509
v 0.019729 -0.066500 0.003581
v 0.015370 -0.067974 0.003509
v 0.017123 -0.066145 0.003575
v 0.012965 -0.066765 0.003509
v 0.014667 -0.065132 0.003575
v 0.010630 -0.064975 0.003509
v 0.012547 -0.063515 0.003576
v 0.008921 -0.062504 0.003509
v 0.010921 -0.061401 0.003577
v 0.007893 -0.059880 0.003509
v 0.009893 -0.058939 0.003580
v 0.007540 -0.057732 0.003592
v 0.009516 -0.056361 0.003600
v 0.007443 -0.057018 0.003592
v 0.009273 -0.055417 0.003617
v 0.007144 -0.056357 0.003592
v 0.008765 -0.054840 0.003611
v 0.006589 -0.055913 0.003592
v 0.007918 -0.054342 0.003619
v 0.005752 -0.055766 0.003509
v 0.006793 -0.054084 0.003616
v 0.004630 -0.055756 0.003509
v 0.005712 -0.054010 0.003607
v 0.002725 -0.055756 0.003509
v 0.004332 -0.053941 0.003619
v -0.000000 -0.055756 0.003509
v -0.000000 -0.053942 0.003620
v -0.004332 -0.053941 0.003619
v -0.002725 -0.055756 0.003509
v -0.005712 -0.054010 0.003607
v -0.004630 -0.055756 0.003509
v -0.006793 -0.054084 0.003616
v -0.005752 -0.055766 0.003509
v -0.007918 -0.054342 0.003619
v -0.006589 -0.055913 0.003592
v -0.008765 -0.054840 0.003611
v -0.007144 -0.056357 0.003592
v -0.009273 -0.055417 0.003617
v -0.007443 -0.057018 0.003592
v -0.009516 -0.056361 0.003600
v -0.007540 -0.057732 0.003592
v -0.009893 -0.058939 0.003580
v -0.007893 -0.059880 0.003509
v -0.010921 -0.061401 0.003577
v -0.008921 -0.062504 0.003509
v -0.012547 -0.063515 0.003576
v -0.010630 -0.064975 0.003509
v -0.014667 -0.065132 0.003575
v -0.012965 -0.066765 0.003509
v -0.017123 -0.066145 0.003575
v -0.015370 -0.067974 0.003509
v -0.019729 -0.066500 0.003581
v -0.018396 -0.068715 0.003509
v -0.026156 -0.066512 0.003586
v -0.025364 -0.068715 0.003509
v -0.052566 -0.066491 0.003577
v -0.054035 -0.068715 0.003509
v -0.056386 -0.065960 0.003565
v -0.057937 -0.067907 0.003509
v -0.059951 -0.064472 0.003561
v -0.061754 -0.066054 0.003509
v -0.063018 -0.062115 0.003560
v -0.064915 -0.063616 0.003509
v -0.065373 -0.059046 0.003560
v -0.067469 -0.060300 0.003509
v -0.066857 -0.055483 0.003562
v -0.069322 -0.056015 0.003509
v -0.067383 -0.051664 0.003570
v -0.069862 -0.051919 0.003509
v -0.067400 -0.024964 0.003578
v -0.069862 -0.023564 0.003509
v -0.067385 -0.021751 0.003571
v -0.069862 -0.020167 0.003509
v -0.067080 -0.019367 0.003575
v -0.069523 -0.017593 0.003509
v -0.066863 -0.017932 0.003563
v -0.069322 -0.016071 0.003509
v -0.065383 -0.014362 0.003562
v -0.067741 -0.012254 0.003509
v -0.063032 -0.011287 0.003565
v -0.065226 -0.008976 0.003509
v -0.059970 -0.008919 0.003570
v -0.061948 -0.006461 0.003509
v -0.056401 -0.007418 0.003579
v -0.058131 -0.004880 0.003509
v -0.052566 -0.006873 0.003598
v -0.054035 -0.004341 0.003509
v -0.012682 -0.006915 0.003575
v -0.011751 -0.004341 0.003509
v 0.063427 -0.027138 -0.001746
v 0.063471 -0.024288 -0.004902
v 0.063471 -0.026181 -0.004902
v 0.063460 -0.024227 -0.001668
v 0.063321 -0.022737 -0.004903
v 0.063192 -0.021844 -0.001755
v 0.021830 -0.063001 -0.001729
v 0.027393 -0.063002 -0.001728
v 0.026015 -0.063064 -0.004896
v 0.023223 -0.063064 -0.004896
v 0.052539 -0.007206 0.004176
v 0.014137 -0.010021 -0.001447
v 0.012682 -0.007206 0.004176
v 0.050227 -0.010021 -0.001447
v 0.053489 -0.010451 -0.001447
v 0.056309 -0.007702 0.004176
v 0.056529 -0.012118 -0.001447
v 0.059821 -0.009157 0.004176
v 0.059275 -0.014148 -0.001447
v 0.062838 -0.011471 0.004176
v 0.061210 -0.017207 -0.001447
v 0.065152 -0.014488 0.004176
v 0.062469 -0.020519 -0.001447
v 0.066607 -0.018000 0.004176
v 0.062603 -0.021907 -0.001447
v 0.066792 -0.019400 0.004176
v 0.062831 -0.024257 -0.001447
v 0.067103 -0.021770 0.004176
v 0.067103 -0.024964 0.004176
v 0.062831 -0.027138 -0.001447
v 0.067103 -0.051634 0.004176
v 0.062831 -0.051192 -0.001447
v 0.061912 -0.054128 -0.001447
v 0.066607 -0.055404 0.004176
v 0.060816 -0.056516 -0.001447
v 0.065152 -0.058916 0.004176
v 0.059057 -0.058800 -0.001447
v 0.062838 -0.061933 0.004176
v 0.056692 -0.060477 -0.001447
v 0.059821 -0.064247 0.004176
v 0.053489 -0.061804 -0.001447
v 0.056309 -0.065702 0.004176
v 0.050227 -0.062396 -0.001447
v 0.052539 -0.066198 0.004176
v 0.026156 -0.066198 0.004176
v 0.027393 -0.062396 -0.001447
v 0.019744 -0.066198 0.004176
v 0.021844 -0.062396 -0.001447
v 0.019546 -0.062324 -0.001447
v 0.017183 -0.065861 0.004176
v 0.017427 -0.061922 -0.001447
v 0.014796 -0.064873 0.004176
v 0.015653 -0.060880 -0.001447
v 0.012746 -0.063300 0.004176
v 0.014428 -0.059514 -0.001447
v 0.011174 -0.061251 0.004176
v 0.013572 -0.057449 -0.001447
v 0.010185 -0.058864 0.004176
v 0.013281 -0.055218 -0.001447
v 0.009848 -0.056303 0.004176
v 0.013118 -0.054559 -0.001447
v 0.009610 -0.055279 0.004176
v 0.012776 -0.053623 -0.001447
v 0.009029 -0.054603 0.004176
v 0.012038 -0.052788 -0.001447
v 0.008101 -0.054024 0.004176
v 0.011015 -0.052005 -0.001447
v 0.006893 -0.053734 0.004176
v 0.009753 -0.051489 -0.001447
v 0.005772 -0.053666 0.004176
v 0.008521 -0.051204 -0.001447
v 0.004348 -0.053573 0.004176
v -0.000000 -0.053573 0.004176
v -0.000000 -0.051204 -0.001447
v -0.008521 -0.051204 -0.001447
v -0.004348 -0.053573 0.004176
v -0.005772 -0.053666 0.004176
v -0.009753 -0.051489 -0.001447
v -0.006893 -0.053734 0.004176
v -0.011015 -0.052005 -0.001447
v -0.008101 -0.054024 0.004176
v -0.012038 -0.052788 -0.001447
v -0.009029 -0.054603 0.004176
v -0.012776 -0.053623 -0.001447
v -0.009610 -0.055279 0.004176
v -0.013118 -0.054559 -0.001447
v -0.009848 -0.056303 0.004176
v -0.013281 -0.055218 -0.001447
v -0.010185 -0.058864 0.004176
v -0.013572 -0.057449 -0.001447
v -0.011174 -0.061251 0.004176
v -0.014428 -0.059514 -0.001447
v -0.012746 -0.063300 0.004176
v -0.015653 -0.060880 -0.001447
v -0.014796 -0.064873 0.004176
v -0.017427 -0.061922 -0.001447
v -0.017183 -0.065861 0.004176
v -0.019546 -0.062324 -0.001447
v -0.019744 -0.066198 0.004176
v -0.021844 -0.062396 -0.001447
v -0.027393 -0.062396 -0.001447
v -0.026156 -0.066198 0.004176
v -0.050227 -0.062396 -0.001447
v -0.052539 -0.066198 0.004176
v -0.056309 -0.065702 0.004176
v -0.053489 -0.061804 -0.001447
v -0.059821 -0.064247 0.004176
v -0.056692 -0.060477 -0.001447
v -0.062838 -0.061933 0.004176
v -0.059057 -0.058800 -0.001447
v -0.065152 -0.058916 0.004176
v -0.060816 -0.056516 -0.001447
v -0.066607 -0.055404 0.004176
v -0.061912 -0.054128 -0.001447
v -0.067103 -0.051634 0.004176
v -0.062831 -0.051192 -0.001447
v -0.062831 -0.027138 -0.001447
v -0.067103 -0.024964 0.004176
v -0.062831 -0.024257 -0.001447
v -0.067103 -0.021770 0.004176
v -0.066792 -0.019400 0.004176
v -0.062603 -0.021907 -0.001447
v -0.066607 -0.018000 0.004176
v -0.062469 -0.020519 -0.001447
v -0.065152 -0.014488 0.004176
v -0.061210 -0.017207 -0.001447
v -0.062838 -0.011471 0.004176
v -0.059275 -0.014148 -0.001447
v -0.059821 -0.009157 0.004176
v -0.056529 -0.012118 -0.001447
v -0.056309 -0.007702 0.004176
v -0.053489 -0.010451 -0.001447
v -0.052539 -0.007206 0.004176
v -0.050227 -0.010021 -0.001447
v -0.014137 -0.010021 -0.001447
v -0.012682 -0.007206 0.004176
v 0.012682 -0.007206 0.004176
v 0.011751 -0.004341 0.004176
v 0.054035 -0.004341 0.004176
v 0.052539 -0.007206 0.004176
v 0.058131 -0.004880 0.004176
v 0.056309 -0.007702 0.004176
v 0.061948 -0.006461 0.004176
v 0.059821 -0.009157 0.004176
v 0.065226 -0.008976 0.004176
v 0.062838 -0.011471 0.004176
v 0.067741 -0.012254 0.004176
v 0.065152 -0.014488 0.004176
v 0.069322 -0.016071 0.004176
v 0.066607 -0.018000 0.004176
v 0.069523 -0.017593 0.004176
v 0.066792 -0.019400 0.004176
v 0.069862 -0.020167 0.004176
v 0.067103 -0.021770 0.004176
v 0.069862 -0.023564 0.004176
v 0.067103 -0.024964 0.004176
v 0.069862 -0.051919 0.004176
v 0.067103 -0.051634 0.004176
v 0.069322 -0.056015 0.004176
v 0.066607 -0.055404 0.004176
v 0.067469 -0.060300 0.004176
v 0.065152 -0.058916 0.004176
v 0.064915 -0.063616 0.004176
v 0.062838 -0.061933 0.004176
v 0.061754 -0.066054 0.004176
v 0.059821 -0.064247 0.004176
v 0.057937 -0.067907 0.004176
v 0.056309 -0.065702 0.004176
v 0.054035 -0.068715 0.004176
v 0.052539 -0.066198 0.004176
v 0.025364 -0.068715 0.004176
v 0.026156 -0.066198 0.004176
v 0.018396 -0.068715 0.004176
v 0.019744 -0.066198 0.004176
v 0.015370 -0.067974 0.004176
v 0.017183 -0.065861 0.004176
v 0.012965 -0.066765 0.004176
v 0.014796 -0.064873 0.004176
v 0.010630 -0.064975 0.004176
v 0.012746 -0.063300 0.004176
v 0.008921 -0.062504 0.004176
v 0.011174 -0.061251 0.004176
v 0.007901 -0.059884 0.004176
v 0.010185 -0.058864 0.004176
v 0.007559 -0.057736 0.004259
v 0.009848 -0.056303 0.004176
v 0.007463 -0.057011 0.004259
v 0.009610 -0.055279 0.004176
v 0.007160 -0.056341 0.004259
v 0.009029 -0.054603 0.004176
v 0.006582 -0.055889 0.004259
v 0.008101 -0.054024 0.004176
v 0.005744 -0.055756 0.004176
v 0.006893 -0.053734 0.004176
v 0.004630 -0.055756 0.004176
v 0.005772 -0.053666 0.004176
v 0.002725 -0.055756 0.004176
v 0.004348 -0.053573 0.004176
v -0.000000 -0.055756 0.004176
v -0.000000 -0.053573 0.004176
v -0.004348 -0.053573 0.004176
v -0.002725 -0.055756 0.004176
v -0.005772 -0.053666 0.004176
v -0.004630 -0.055756 0.004176
v -0.006893 -0.053734 0.004176
v -0.005744 -0.055756 0.004176
v -0.008101 -0.054024 0.004176
v -0.006582 -0.055889 0.004259
v -0.009029 -0.054603 0.004176
v -0.007160 -0.056341 0.004259
v -0.009610 -0.055279 0.004176
v -0.007463 -0.057011 0.004259
v -0.009848 -0.056303 0.004176
v -0.007559 -0.057736 0.004259
v -0.010185 -0.058864 0.004176
v -0.007901 -0.059884 0.004176
v -0.011174 -0.061251 0.004176
v -0.008921 -0.062504 0.004176
v -0.012746 -0.063300 0.004176
v -0.010630 -0.064975 0.004176
v -0.014796 -0.064873 0.004176
v -0.012965 -0.066765 0.004176
v -0.017183 -0.065861 0.004176
v -0.015370 -0.067974 0.004176
v -0.019744 -0.066198 0.004176
v -0.018396 -0.068715 0.004176
v -0.026156 -0.066198 0.004176
v -0.025364 -0.068715 0.004176
v -0.052539 -0.066198 0.004176
v -0.054035 -0.068715 0.004176
v -0.056309 -0.065702 0.004176
v -0.057937 -0.067907 0.004176
v -0.059821 -0.064247 0.004176
v -0.061754 -0.066054 0.004176
v -0.062838 -0.061933 0.004176
v -0.064915 -0.063616 0.004176
v -0.065152 -0.058916 0.004176
v -0.067469 -0.060300 0.004176
v -0.066607 -0.055404 0.004176
v -0.069322 -0.056015 0.004176
v -0.067103 -0.051634 0.004176
v -0.069862 -0.051919 0.004176
v -0.067103 -0.024964 0.004176
v -0.069862 -0.023564 0.004176
v -0.067103 -0.021770 0.004176
v -0.069862 -0.020167 0.004176
v -0.066792 -0.019400 0.004176
v -0.069523 -0.017593 0.004176
v -0.066607 -0.018000 0.004176
v -0.069322 -0.016071 0.004176
v -0.065152 -0.014488 0.004176
v -0.067741 -0.012254 0.004176
v -0.062838 -0.011471 0.004176
v -0.065226 -0.008976 0.004176
v -0.059821 -0.009157 0.004176
v -0.061948 -0.006461 0.004176
v -0.056309 -0.007702 0.004176
v -0.058131 -0.004880 0.004176
v -0.052539 -0.007206 0.004176
v -0.054035 -0.004341 0.004176
v -0.012682 -0.007206 0.004176
v -0.011751 -0.004341 0.004176
v 0.062831 -0.027138 -0.001447
v 0.062804 -0.026181 -0.004896
v 0.062804 -0.024319 -0.004896
v 0.062831 -0.024257 -0.001447
v 0.062657 -0.022801 -0.004896
v 0.062603 -0.021907 -0.001447
v 0.021844 -0.062396 -0.001447
v 0.023223 -0.062396 -0.004896
v 0.026015 -0.062396 -0.004896
v 0.027393 -0.062396 -0.001447
v 0.014137 -0.009425 -0.001746
v 0.012682 -0.007206 0.004176
v 0.014137 -0.010021 -0.001447
v 0.012682 -0.006915 0.003575
v 0.011751 -0.004341 0.004176
v 0.011751 -0.004341 0.003509
v 0.063351 -0.051247 -0.001861
v 0.063427 -0.027138 -0.001746
v 0.062831 -0.027138 -0.001447
v 0.062831 -0.051192 -0.001447
v 0.062397 -0.054284 -0.001877
v 0.061912 -0.054128 -0.001447
v 0.061248 -0.056771 -0.001887
v 0.060816 -0.056516 -0.001447
v 0.059407 -0.059161 -0.001886
v 0.059057 -0.058800 -0.001447
v 0.056938 -0.060921 -0.001879
v 0.056692 -0.060477 -0.001447
v 0.053621 -0.062311 -0.001860
v 0.053489 -0.061804 -0.001447
v 0.050261 -0.062940 -0.001832
v 0.050227 -0.062396 -0.001447
v 0.027393 -0.063002 -0.001728
v 0.027393 -0.062396 -0.001447
v 0.050257 -0.009430 -0.001755
v 0.014137 -0.009425 -0.001746
v 0.014137 -0.010021 -0.001447
v 0.050227 -0.010021 -0.001447
v 0.053634 -0.009901 -0.001796
v 0.053489 -0.010451 -0.001447
v 0.056803 -0.011653 -0.001840
v 0.056529 -0.012118 -0.001447
v 0.059646 -0.013784 -0.001865
v 0.059275 -0.014148 -0.001447
v 0.061662 -0.016967 -0.001875
v 0.061210 -0.017207 -0.001447
v 0.062973 -0.020402 -0.001869
v 0.062469 -0.020519 -0.001447
v 0.063192 -0.021844 -0.001755
v 0.062603 -0.021907 -0.001447
v -0.000000 -0.053942 0.003620
v -0.000000 -0.051819 -0.001706
v -0.000000 -0.051204 -0.001447
v -0.000000 -0.053573 0.004176
v -0.000000 -0.055756 0.003509
v -0.000000 -0.055756 0.004176
v 0.019452 -0.062866 -0.001825
v 0.021830 -0.063001 -0.001729
v 0.021844 -0.062396 -0.001447
v 0.019546 -0.062324 -0.001447
v 0.017196 -0.062422 -0.001824
v 0.017427 -0.061922 -0.001447
v 0.015282 -0.061292 -0.001819
v 0.015653 -0.060880 -0.001447
v 0.013951 -0.059802 -0.001815
v 0.014428 -0.059514 -0.001447
v 0.013030 -0.057591 -0.001809
v 0.013572 -0.057449 -0.001447
v 0.012726 -0.055321 -0.001804
v 0.013281 -0.055218 -0.001447
v 0.012595 -0.054763 -0.001808
v 0.013118 -0.054559 -0.001447
v 0.012334 -0.053977 -0.001800
v 0.012776 -0.053623 -0.001447
v 0.011712 -0.053265 -0.001781
v 0.012038 -0.052788 -0.001447
v 0.010802 -0.052554 -0.001762
v 0.011015 -0.052005 -0.001447
v 0.009631 -0.052072 -0.001749
v 0.009753 -0.051489 -0.001447
v 0.008464 -0.051804 -0.001734
v 0.008521 -0.051204 -0.001447
v -0.000000 -0.051819 -0.001706
v -0.000000 -0.051204 -0.001447
v -0.008521 -0.051204 -0.001447
v -0.008464 -0.051804 -0.001734
v -0.009753 -0.051489 -0.001447
v -0.009631 -0.052072 -0.001749
v -0.011015 -0.052005 -0.001447
v -0.010802 -0.052554 -0.001762
v -0.012038 -0.052788 -0.001447
v -0.011712 -0.053265 -0.001781
v -0.012776 -0.053623 -0.001447
v -0.012334 -0.053977 -0.001800
v -0.013118 -0.054559 -0.001447
v -0.012595 -0.054763 -0.001808
v -0.013281 -0.055218 -0.001447
v -0.012726 -0.055321 -0.001804
v -0.013572 -0.057449 -0.001447
v -0.013030 -0.057591 -0.001809
v -0.014428 -0.059514 -0.001447
v -0.013951 -0.059802 -0.001815
v -0.015653 -0.060880 -0.001447
v -0.015282 -0.061292 -0.001819
v -0.017427 -0.061922 -0.001447
v -0.017196 -0.062422 -0.001824
v -0.019546 -0.062324 -0.001447
v -0.019452 -0.062866 -0.001825
v -0.021844 -0.062396 -0.001447
v -0.021830 -0.063001 -0.001729
v 0.011751 -0.004341 0.003509
v 0.054035 -0.004341 0.004176
v 0.011751 -0.004341 0.004176
v 0.054035 -0.004341 0.003509
v 0.058131 -0.004880 0.004176
v 0.058131 -0.004880 0.003509
v 0.061948 -0.006461 0.004176
v 0.061948 -0.006461 0.003509
v 0.065226 -0.008976 0.004176
v 0.065226 -0.008976 0.003509
v 0.067741 -0.012254 0.004176
v 0.067741 -0.012254 0.003509
v 0.069322 -0.016071 0.004176
v 0.069322 -0.016071 0.003509
v 0.069523 -0.017593 0.004176
v 0.069523 -0.017593 0.003509
v 0.069862 -0.020167 0.004176
v 0.069862 -0.020167 0.003509
v 0.069862 -0.023564 0.004176
v 0.069862 -0.023564 0.003509
v 0.069862 -0.051919 0.004176
v 0.069862 -0.051919 0.003509
v 0.069322 -0.056015 0.004176
v 0.069322 -0.056015 0.003509
v 0.067469 -0.060300 0.004176
v 0.067469 -0.060300 0.003509
v 0.064915 -0.063616 0.004176
v 0.064915 -0.063616 0.003509
v 0.061754 -0.066054 0.004176
v 0.061754 -0.066054 0.003509
v 0.057937 -0.067907 0.004176
v 0.057937 -0.067907 0.003509
v 0.054035 -0.068715 0.004176
v 0.054035 -0.068715 0.003509
v 0.025364 -0.068715 0.004176
v 0.025364 -0.068715 0.003509
v 0.018396 -0.068715 0.004176
v 0.018396 -0.068715 0.003509
v 0.015370 -0.067974 0.004176
v 0.015370 -0.067974 0.003509
v 0.012965 -0.066765 0.004176
v 0.012965 -0.066765 0.003509
v 0.010630 -0.064975 0.004176
v 0.010630 -0.064975 0.003509
v 0.008921 -0.062504 0.004176
v 0.008921 -0.062504 0.003509
v 0.007901 -0.059884 0.004176
v 0.007893 -0.059880 0.003509
v 0.007559 -0.057736 0.004259
v 0.007540 -0.057732 0.003592
v 0.007463 -0.057011 0.004259
v 0.007443 -0.057018 0.003592
v 0.007160 -0.056341 0.004259
v 0.007144 -0.056357 0.003592
v 0.006582 -0.055889 0.004259
v 0.006589 -0.055913 0.003592
v 0.005744 -0.055756 0.004176
v 0.005752 -0.055766 0.003509
v 0.004630 -0.055756 0.004176
v 0.004630 -0.055756 0.003509
v 0.002725 -0.055756 0.004176
v 0.002725 -0.055756 0.003509
v -0.000000 -0.055756 0.004176
v -0.000000 -0.055756 0.003509
v -0.002725 -0.055756 0.003509
v -0.002725 -0.055756 0.004176
v -0.004630 -0.055756 0.003509
v -0.004630 -0.055756 0.004176
v -0.005752 -0.055766 0.003509
v -0.005744 -0.055756 0.004176
v -0.006589 -0.055913 0.003592
v -0.006582 -0.055889 0.004259
v -0.007144 -0.056357 0.003592
v -0.007160 -0.056341 0.004259
v -0.007443 -0.057018 0.003592
v -0.007463 -0.057011 0.004259
v -0.007540 -0.057732 0.003592
v -0.007559 -0.057736 0.004259
v -0.007893 -0.059880 0.003509
v -0.007901 -0.059884 0.004176
v -0.008921 -0.062504 0.003509
v -0.008921 -0.062504 0.004176
v -0.010630 -0.064975 0.003509
v -0.010630 -0.064975 0.004176
v -0.012965 -0.066765 0.003509
v -0.012965 -0.066765 0.004176
v -0.015370 -0.067974 0.003509
v -0.015370 -0.067974 0.004176
v -0.018396 -0.068715 0.003509
v -0.018396 -0.068715 0.004176
v -0.025364 -0.068715 0.003509
v -0.025364 -0.068715 0.004176
v -0.054035 -0.068715 0.003509
v -0.054035 -0.068715 0.004176
v -0.057937 -0.067907 0.003509
v -0.057937 -0.067907 0.004176
v -0.061754 -0.066054 0.003509
v -0.061754 -0.066054 0.004176
v -0.064915 -0.063616 0.003509
v -0.064915 -0.063616 0.004176
v -0.067469 -0.060300 0.003509
v -0.067469 -0.060300 0.004176
v -0.069322 -0.056015 0.003509
v -0.069322 -0.056015 0.004176
v -0.069862 -0.051919 0.003509
v -0.069862 -0.051919 0.004176
v -0.069862 -0.023564 0.003509
v -0.069862 -0.023564 0.004176
v -0.069862 -0.020167 0.003509
v -0.069862 -0.020167 0.004176
v -0.069523 -0.017593 0.003509
v -0.069523 -0.017593 0.004176
v -0.069322 -0.016071 0.003509
v -0.069322 -0.016071 0.004176
v -0.067741 -0.012254 0.003509
v -0.067741 -0.012254 0.004176
v -0.065226 -0.008976 0.003509
v -0.065226 -0.008976 0.004176
v -0.061948 -0.006461 0.003509
v -0.061948 -0.006461 0.004176
v -0.058131 -0.004880 0.003509
v -0.058131 -0.004880 0.004176
v -0.054035 -0.004341 0.003509
v -0.054035 -0.004341 0.004176
v -0.011751 -0.004341 0.003509
v -0.011751 -0.004341 0.004176
v 0.063471 -0.024288 -0.004902
v 0.063321 -0.022737 -0.004903
v 0.062657 -0.022801 -0.004896
v 0.062804 -0.024319 -0.004896
v 0.063471 -0.026181 -0.004902
v 0.062804 -0.026181 -0.004896
v 0.023223 -0.063064 -0.004896
v 0.026015 -0.063064 -0.004896
v 0.026015 -0.062396 -0.004896
v 0.023223 -0.062396 -0.004896
v 0.063427 -0.027138 -0.001746
v 0.063471 -0.026181 -0.004902
v 0.062804 -0.026181 -0.004896
v 0.062831 -0.027138 -0.001447
v 0.021830 -0.063001 -0.001729
v 0.023223 -0.063064 -0.004896
v 0.023223 -0.062396 -0.004896
v 0.021844 -0.062396 -0.001447
v 0.026015 -0.063064 -0.004896
v 0.027393 -0.063002 -0.001728
v 0.027393 -0.062396 -0.001447
v 0.026015 -0.062396 -0.004896
v 0.063321 -0.022737 -0.004903
v 0.063192 -0.021844 -0.001755
v 0.062603 -0.021907 -0.001447
v 0.062657 -0.022801 -0.004896
v -0.063427 -0.027138 -0.001746
v -0.063471 -0.026181 -0.004902
v -0.063471 -0.024288 -0.004902
v -0.063460 -0.024227 -0.001668
v -0.063321 -0.022737 -0.004903
v -0.063192 -0.021844 -0.001755
v -0.021830 -0.063001 -0.001729
v -0.023223 -0.063064 -0.004896
v -0.026015 -0.063064 -0.004896
v -0.027393 -0.063002 -0.001728
v -0.062831 -0.027138 -0.001447
v -0.062804 -0.024319 -0.004896
v -0.062804 -0.026181 -0.004896
v -0.062831 -0.024257 -0.001447
v -0.062657 -0.022801 -0.004896
v -0.062603 -0.021907 -0.001447
v -0.021844 -0.062396 -0.001447
v -0.027393 -0.062396 -0.001447
v -0.026015 -0.062396 -0.004896
v -0.023223 -0.062396 -0.004896
v -0.014137 -0.009425 -0.001746
v -0.014137 -0.010021 -0.001447
v -0.012682 -0.007206 0.004176
v -0.012682 -0.006915 0.003575
v -0.011751 -0.004341 0.004176
v -0.011751 -0.004341 0.003509
v -0.063351 -0.051247 -0.001861
v -0.062831 -0.027138 -0.001447
v -0.063427 -0.027138 -0.001746
v -0.062831 -0.051192 -0.001447
v -0.062397 -0.054284 -0.001877
v -0.061912 -0.054128 -0.001447
v -0.061248 -0.056771 -0.001887
v -0.060816 -0.056516 -0.001447
v -0.059407 -0.059161 -0.001886
v -0.059057 -0.058800 -0.001447
v -0.056938 -0.060921 -0.001879
v -0.056692 -0.060477 -0.001447
v -0.053621 -0.062311 -0.001860
v -0.053489 -0.061804 -0.001447
v -0.050261 -0.062940 -0.001832
v -0.050227 -0.062396 -0.001447
v -0.027393 -0.063002 -0.001728
v -0.027393 -0.062396 -0.001447
v -0.050257 -0.009430 -0.001755
v -0.014137 -0.010021 -0.001447
v -0.014137 -0.009425 -0.001746
v -0.050227 -0.010021 -0.001447
v -0.053634 -0.009901 -0.001796
v -0.053489 -0.010451 -0.001447
v -0.056803 -0.011653 -0.001840
v -0.056529 -0.012118 -0.001447
v -0.059646 -0.013784 -0.001865
v -0.059275 -0.014148 -0.001447
v -0.061662 -0.016967 -0.001875
v -0.061210 -0.017207 -0.001447
v -0.062973 -0.020402 -0.001869
v -0.062469 -0.020519 -0.001447
v -0.063192 -0.021844 -0.001755
v -0.062603 -0.021907 -0.001447
v -0.063471 -0.024288 -0.004902
v -0.062657 -0.022801 -0.004896
v -0.063321 -0.022737 -0.004903
v -0.062804 -0.024319 -0.004896
v -0.063471 -0.026181 -0.004902
v -0.062804 -0.026181 -0.004896
v -0.023223 -0.063064 -0.004896
v -0.023223 -0.062396 -0.004896
v -0.026015 -0.062396 -0.004896
v -0.026015 -0.063064 -0.004896
v -0.063427 -0.027138 -0.001746
v -0.062831 -0.027138 -0.001447
v -0.062804 -0.026181 -0.004896
v -0.063471 -0.026181 -0.004902
v -0.021830 -0.063001 -0.001729
v -0.021844 -0.062396 -0.001447
v -0.023223 -0.062396 -0.004896
v -0.023223 -0.063064 -0.004896
v -0.026015 -0.063064 -0.004896
v -0.026015 -0.062396 -0.004896
v -0.027393 -0.062396 -0.001447
v -0.027393 -0.063002 -0.001728
v -0.063321 -0.022737 -0.004903
v -0.062657 -0.022801 -0.004896
v -0.062603 -0.021907 -0.001447
v -0.063192 -0.021844 -0.001755
v 0.035179 -0.033090 -0.004351
v 0.035796 -0.033151 -0.001862
v 0.035179 -0.033090 -0.001862
v 0.035796 -0.033151 -0.004351
v 0.036390 -0.033331 -0.001862
v 0.036390 -0.033331 -0.004351
v 0.036938 -0.033624 -0.001862
v 0.036938 -0.033624 -0.004351
v 0.037418 -0.034017 -0.001862
v 0.037418 -0.034017 -0.004351
v 0.037811 -0.034497 -0.001862
v 0.037811 -0.034497 -0.004351
v 0.037811 -0.034497 -0.004351
v 0.062858 -0.024122 -0.004351
v 0.062858 -0.024122 -0.001862
v 0.037811 -0.034497 -0.001862
v 0.038284 -0.035639 -0.004351
v 0.038345 -0.036256 -0.001862
v 0.038284 -0.035639 -0.001862
v 0.038345 -0.036256 -0.004351
v 0.038284 -0.036874 -0.001862
v 0.038284 -0.036874 -0.004351
v 0.038104 -0.037468 -0.001862
v 0.038104 -0.037468 -0.004351
v 0.038284 -0.036874 -0.012665
v 0.037811 -0.038016 -0.001862
v 0.038104 -0.037468 -0.012665
v 0.038284 -0.036874 -0.013625
v 0.037811 -0.038016 -0.004351
v 0.037418 -0.038495 -0.001862
v 0.037418 -0.038495 -0.004351
v 0.036938 -0.038889 -0.001862
v 0.037811 -0.038016 -0.012665
v 0.038104 -0.037468 -0.013625
v 0.036938 -0.038889 -0.004351
v 0.036390 -0.039182 -0.001862
v 0.038104 -0.037468 -0.014255
v 0.038284 -0.036874 -0.014255
v 0.037811 -0.038016 -0.014255
v 0.037811 -0.038016 -0.013625
v 0.037418 -0.038495 -0.014255
v 0.037418 -0.038495 -0.012665
v 0.037418 -0.038495 -0.013625
v 0.036938 -0.038889 -0.014255
v 0.036390 -0.039182 -0.004351
v 0.035796 -0.039362 -0.001862
v 0.036938 -0.038889 -0.012665
v 0.036938 -0.038889 -0.013625
v 0.036390 -0.039182 -0.014255
v 0.035796 -0.039362 -0.004351
v 0.035179 -0.039423 -0.001862
v 0.036390 -0.039182 -0.012665
v 0.035179 -0.039423 -0.004351
v 0.034561 -0.039362 -0.001862
v 0.034561 -0.039362 -0.004351
v 0.035796 -0.039362 -0.012665
v 0.036390 -0.039182 -0.013625
v 0.035796 -0.039362 -0.014255
v 0.035796 -0.039362 -0.013625
v 0.034561 -0.039362 -0.001862
v 0.024784 -0.062965 -0.001862
v 0.024190 -0.062785 -0.001862
v 0.033967 -0.039182 -0.001862
v 0.023643 -0.062492 -0.001862
v 0.033419 -0.038889 -0.001862
v 0.033967 -0.033331 -0.001862
v 0.034561 -0.033151 -0.001862
v 0.035179 -0.039423 -0.001862
v 0.035179 -0.033090 -0.001862
v 0.035796 -0.039362 -0.001862
v 0.035796 -0.033151 -0.001862
v 0.036390 -0.039182 -0.001862
v 0.036390 -0.033331 -0.001862
v 0.036938 -0.038889 -0.001862
v 0.036938 -0.033624 -0.001862
v 0.037418 -0.038495 -0.001862
v 0.037418 -0.034017 -0.001862
v 0.037811 -0.038016 -0.001862
v 0.037811 -0.034497 -0.001862
v 0.038104 -0.037468 -0.001862
v 0.038104 -0.035045 -0.001862
v 0.038284 -0.036874 -0.001862
v 0.063151 -0.024670 -0.001862
v 0.062858 -0.024122 -0.001862
v 0.063331 -0.025264 -0.001862
v 0.038284 -0.035639 -0.001862
v 0.038345 -0.036256 -0.001862
v 0.033419 -0.038889 -0.004351
v 0.023643 -0.062492 -0.004351
v 0.024190 -0.062785 -0.004351
v 0.033967 -0.039182 -0.004351
v 0.024784 -0.062965 -0.004351
v 0.034561 -0.039362 -0.004351
v 0.034203 -0.038611 -0.004273
v 0.033763 -0.038376 -0.004273
v 0.034681 -0.038756 -0.004273
v 0.032940 -0.038495 -0.004351
v 0.035179 -0.038805 -0.004273
v 0.033376 -0.038059 -0.004273
v 0.035179 -0.039423 -0.004351
v 0.035676 -0.038756 -0.004273
v 0.035796 -0.039362 -0.004351
v 0.032546 -0.038016 -0.004351
v 0.033059 -0.037672 -0.004273
v 0.032253 -0.037468 -0.004351
v 0.032824 -0.037232 -0.004273
v 0.032073 -0.036874 -0.004351
v 0.032679 -0.036754 -0.004273
v 0.032012 -0.036256 -0.004351
v 0.032630 -0.036256 -0.004273
v 0.032073 -0.035639 -0.004351
v 0.032679 -0.035759 -0.004273
v 0.032253 -0.035045 -0.004351
v 0.032824 -0.035281 -0.004273
v 0.033419 -0.038889 -0.004351
v 0.032940 -0.038495 -0.001862
v 0.033419 -0.038889 -0.001862
v 0.032940 -0.038495 -0.004351
v 0.032546 -0.038016 -0.001862
v 0.032546 -0.038016 -0.004351
v 0.032253 -0.037468 -0.001862
v 0.032253 -0.037468 -0.004351
v 0.032073 -0.036874 -0.001862
v 0.032073 -0.036874 -0.004351
v 0.032012 -0.036256 -0.001862
v 0.032012 -0.036256 -0.004351
v 0.032073 -0.035639 -0.001862
v 0.032073 -0.035639 -0.004351
v 0.032253 -0.035045 -0.001862
v 0.032253 -0.035045 -0.004351
v 0.031646 -0.033598 -0.004351
v 0.031052 -0.033843 -0.004351
v 0.031354 -0.034145 -0.004351
v 0.031344 -0.033296 -0.004351
v 0.032040 -0.033118 -0.004351
v 0.031738 -0.032816 -0.004351
v 0.013801 -0.015752 -0.004351
v 0.014195 -0.015273 -0.004351
v 0.032218 -0.032422 -0.004351
v 0.014675 -0.014879 -0.004351
v 0.033067 -0.032431 -0.004351
v 0.032765 -0.032130 -0.004351
v 0.032520 -0.032724 -0.004351
v 0.032520 -0.032724 -0.004351
v 0.031738 -0.032816 -0.004351
v 0.032040 -0.033118 -0.004351
v 0.031052 -0.033843 -0.001862
v 0.031079 -0.033792 -0.001862
v 0.031344 -0.033296 -0.001862
v 0.032253 -0.035045 -0.001862
v 0.032546 -0.034497 -0.001862
v 0.032546 -0.038016 -0.001862
v 0.032940 -0.038495 -0.001862
v 0.032253 -0.037468 -0.001862
v 0.032073 -0.035639 -0.001862
v 0.032073 -0.036874 -0.001862
v 0.032012 -0.036256 -0.001862
v 0.032940 -0.034017 -0.001862
v 0.033419 -0.033624 -0.001862
v 0.032765 -0.032130 -0.001862
v 0.032218 -0.032422 -0.001862
v 0.031738 -0.032816 -0.001862
v 0.014675 -0.014879 -0.001862
v 0.014195 -0.015273 -0.001862
v 0.033967 -0.033331 -0.004351
v 0.034561 -0.033151 -0.001862
v 0.033967 -0.033331 -0.001862
v 0.034561 -0.033151 -0.004351
v 0.035179 -0.033090 -0.001862
v 0.035179 -0.033090 -0.004351
v 0.032159 -0.034110 -0.012665
v 0.031866 -0.034658 -0.012665
v 0.032253 -0.035045 -0.012665
v 0.032546 -0.034497 -0.012665
v 0.032552 -0.033630 -0.012665
v 0.032940 -0.034017 -0.012665
v 0.033032 -0.033237 -0.012665
v 0.033419 -0.033624 -0.012665
v 0.033580 -0.032944 -0.012665
v 0.033967 -0.033331 -0.012665
v 0.062858 -0.024122 -0.004351
v 0.063151 -0.024670 -0.001862
v 0.062858 -0.024122 -0.001862
v 0.063151 -0.024670 -0.004351
v 0.063331 -0.025264 -0.001862
v 0.063331 -0.025264 -0.004351
v 0.038284 -0.035639 -0.004351
v 0.063331 -0.025264 -0.004351
v 0.063151 -0.024670 -0.004351
v 0.038104 -0.035045 -0.004351
v 0.062858 -0.024122 -0.004351
v 0.037811 -0.034497 -0.004351
v 0.037533 -0.035281 -0.004273
v 0.037678 -0.035759 -0.004273
v 0.038345 -0.036256 -0.004351
v 0.037727 -0.036256 -0.004273
v 0.037298 -0.034840 -0.004273
v 0.036981 -0.034454 -0.004273
v 0.037418 -0.034017 -0.004351
v 0.036594 -0.034137 -0.004273
v 0.036938 -0.033624 -0.004351
v 0.038284 -0.035639 -0.001862
v 0.063331 -0.025264 -0.001862
v 0.063331 -0.025264 -0.004351
v 0.038284 -0.035639 -0.004351
v 0.024784 -0.062965 -0.004351
v 0.024190 -0.062785 -0.001862
v 0.024784 -0.062965 -0.001862
v 0.024190 -0.062785 -0.004351
v 0.023643 -0.062492 -0.001862
v 0.023643 -0.062492 -0.004351
v 0.033419 -0.038889 -0.001862
v 0.023643 -0.062492 -0.001862
v 0.023643 -0.062492 -0.004351
v 0.033419 -0.038889 -0.004351
v 0.034561 -0.039362 -0.004351
v 0.024784 -0.062965 -0.004351
v 0.024784 -0.062965 -0.001862
v 0.034561 -0.039362 -0.001862
v 0.031344 -0.033296 -0.004351
v 0.013801 -0.015752 -0.004351
v 0.013801 -0.015752 -0.002425
v 0.031344 -0.033296 -0.002425
v 0.031079 -0.033792 -0.001862
v 0.031052 -0.033843 -0.001862
v 0.031052 -0.033843 -0.004351
v 0.031344 -0.033296 -0.004351
v 0.031344 -0.033296 -0.002425
v 0.032765 -0.032130 -0.001862
v 0.032765 -0.032130 -0.004351
v 0.033067 -0.032431 -0.004351
v 0.033967 -0.033331 -0.001862
v 0.033967 -0.033331 -0.004351
v 0.033580 -0.032944 -0.012665
v 0.033967 -0.033331 -0.012665
v 0.032218 -0.032422 -0.004351
v 0.032765 -0.032130 -0.004351
v 0.032765 -0.032130 -0.001862
v 0.032218 -0.032422 -0.001862
v 0.032546 -0.034497 -0.001862
v 0.031738 -0.032816 -0.001862
v 0.032940 -0.034017 -0.001862
v 0.013801 -0.015752 -0.004351
v 0.014195 -0.015273 -0.001862
v 0.013801 -0.015752 -0.002425
v 0.014195 -0.015273 -0.004351
v 0.014675 -0.014879 -0.001862
v 0.014675 -0.014879 -0.004351
v 0.032218 -0.032422 -0.001862
v 0.014675 -0.014879 -0.001862
v 0.014675 -0.014879 -0.004351
v 0.032218 -0.032422 -0.004351
v 0.031738 -0.032816 -0.001862
v 0.031344 -0.033296 -0.001862
v 0.031079 -0.033792 -0.001862
v 0.031344 -0.033296 -0.002425
v 0.031738 -0.032816 -0.001862
v 0.031344 -0.033296 -0.002425
v 0.013801 -0.015752 -0.002425
v 0.014195 -0.015273 -0.001862
v 0.032073 -0.035639 -0.013625
v 0.032253 -0.035045 -0.014255
v 0.032253 -0.035045 -0.013625
v 0.032073 -0.035639 -0.014255
v 0.032012 -0.036256 -0.013625
v 0.032012 -0.036256 -0.014255
v 0.032073 -0.036874 -0.013625
v 0.032073 -0.036874 -0.014255
v 0.032253 -0.037468 -0.013625
v 0.032253 -0.037468 -0.014255
v 0.032546 -0.038016 -0.013625
v 0.032546 -0.038016 -0.014255
v 0.032940 -0.038495 -0.013625
v 0.032940 -0.038495 -0.014255
v 0.033419 -0.038889 -0.013625
v 0.033419 -0.038889 -0.014255
v 0.033967 -0.039182 -0.013625
v 0.033967 -0.039182 -0.014255
v 0.034561 -0.039362 -0.013625
v 0.034561 -0.039362 -0.014255
v 0.035179 -0.039423 -0.013625
v 0.035179 -0.039423 -0.014255
v 0.035796 -0.039362 -0.013625
v 0.035796 -0.039362 -0.014255
v 0.038104 -0.035045 -0.013625
v 0.038284 -0.035639 -0.014255
v 0.038284 -0.035639 -0.013625
v 0.038104 -0.035045 -0.014255
v 0.037811 -0.034497 -0.013625
v 0.037811 -0.034497 -0.014255
v 0.037418 -0.034017 -0.013625
v 0.037418 -0.034017 -0.014255
v 0.036938 -0.033624 -0.013625
v 0.036938 -0.033624 -0.014255
v 0.036390 -0.033331 -0.013625
v 0.036390 -0.033331 -0.014255
v 0.035796 -0.033151 -0.013625
v 0.035796 -0.033151 -0.014255
v 0.035179 -0.033090 -0.013625
v 0.035179 -0.033090 -0.014255
v 0.032253 -0.035045 -0.013625
v 0.032253 -0.035045 -0.014255
v 0.032546 -0.034497 -0.014255
v 0.032546 -0.034497 -0.013625
v 0.032940 -0.034017 -0.014255
v 0.032546 -0.034497 -0.012665
v 0.032253 -0.035045 -0.012665
v 0.032940 -0.034017 -0.012665
v 0.032940 -0.034017 -0.013625
v 0.033419 -0.033624 -0.014255
v 0.033419 -0.033624 -0.012665
v 0.033419 -0.033624 -0.013625
v 0.033967 -0.033331 -0.012665
v 0.033967 -0.033331 -0.014255
v 0.033967 -0.033331 -0.013625
v 0.034561 -0.033151 -0.014255
v 0.034561 -0.033151 -0.013625
v 0.035179 -0.033090 -0.014255
v 0.035179 -0.033090 -0.013625
v 0.033059 -0.037672 -0.012658
v 0.032824 -0.037232 -0.004273
v 0.033059 -0.037672 -0.004273
v 0.032824 -0.037232 -0.012658
v 0.032824 -0.037232 -0.013625
v 0.032679 -0.036754 -0.012658
v 0.032679 -0.036754 -0.013625
v 0.032679 -0.036754 -0.013625
v 0.032630 -0.036256 -0.012658
v 0.032630 -0.036256 -0.013625
v 0.033376 -0.038059 -0.012658
v 0.033059 -0.037672 -0.004273
v 0.033376 -0.038059 -0.004273
v 0.033376 -0.038059 -0.013625
v 0.033059 -0.037672 -0.013625
v 0.033376 -0.038059 -0.012658
v 0.033763 -0.038376 -0.013625
v 0.033376 -0.038059 -0.013625
v 0.033763 -0.038376 -0.012658
v 0.034203 -0.038611 -0.012658
v 0.033763 -0.038376 -0.004273
v 0.034203 -0.038611 -0.004273
v 0.034681 -0.038756 -0.012658
v 0.034681 -0.038756 -0.004273
v 0.035179 -0.038805 -0.012658
v 0.035179 -0.038805 -0.004273
v 0.032824 -0.037232 -0.013625
v 0.032824 -0.037232 -0.012658
v 0.033059 -0.037672 -0.012658
v 0.032679 -0.036754 -0.004273
v 0.032824 -0.037232 -0.004273
v 0.032679 -0.036754 -0.012658
v 0.032630 -0.036256 -0.004273
v 0.032679 -0.036754 -0.004273
v 0.032630 -0.036256 -0.012658
v 0.032679 -0.035759 -0.004273
v 0.032679 -0.035759 -0.012658
v 0.032824 -0.035281 -0.004273
v 0.032679 -0.035759 -0.013625
v 0.032824 -0.035281 -0.012658
v 0.032824 -0.035281 -0.013625
v 0.035676 -0.038756 -0.012658
v 0.035179 -0.038805 -0.012658
v 0.035179 -0.038805 -0.004273
v 0.035676 -0.038756 -0.004273
v 0.035676 -0.038756 -0.013625
v 0.035179 -0.038805 -0.012658
v 0.035179 -0.038805 -0.013625
v 0.035179 -0.033708 -0.012658
v 0.035676 -0.033757 -0.004273
v 0.035179 -0.033708 -0.004273
v 0.035676 -0.033757 -0.012658
v 0.036154 -0.033902 -0.004273
v 0.035676 -0.033757 -0.004273
v 0.036154 -0.033902 -0.012658
v 0.035676 -0.033757 -0.013625
v 0.036154 -0.033902 -0.012658
v 0.036154 -0.033902 -0.013625
v 0.036594 -0.034137 -0.012658
v 0.036594 -0.034137 -0.013625
v 0.035179 -0.033708 -0.013625
v 0.035676 -0.033757 -0.012658
v 0.035179 -0.033708 -0.012658
v 0.036154 -0.033902 -0.012658
v 0.036594 -0.034137 -0.004273
v 0.036594 -0.034137 -0.012658
v 0.036594 -0.034137 -0.012658
v 0.036981 -0.034454 -0.004273
v 0.036981 -0.034454 -0.012658
v 0.036981 -0.034454 -0.013625
v 0.036594 -0.034137 -0.012658
v 0.037298 -0.034840 -0.004273
v 0.037298 -0.034840 -0.012658
v 0.036981 -0.034454 -0.013625
v 0.037533 -0.035281 -0.004273
v 0.037298 -0.034840 -0.013625
v 0.037533 -0.035281 -0.012658
v 0.037678 -0.035759 -0.004273
v 0.037678 -0.035759 -0.012658
v 0.037533 -0.035281 -0.013625
v 0.037678 -0.035759 -0.013625
v 0.037727 -0.036256 -0.012658
v 0.037727 -0.036256 -0.013625
v 0.037678 -0.035759 -0.013625
v 0.037678 -0.035759 -0.012658
v 0.037533 -0.035281 -0.012658
v 0.037727 -0.036256 -0.012658
v 0.037727 -0.036256 -0.004273
v 0.037678 -0.035759 -0.004273
v 0.034203 -0.033902 -0.012658
v 0.034681 -0.033757 -0.004273
v 0.034203 -0.033902 -0.004273
v 0.034681 -0.033757 -0.012658
v 0.035179 -0.033708 -0.004273
v 0.035179 -0.033708 -0.012658
v 0.034681 -0.033757 -0.013625
v 0.035179 -0.033708 -0.012658
v 0.035179 -0.033708 -0.013625
v 0.033763 -0.038376 -0.012658
v 0.033376 -0.038059 -0.012658
v 0.033376 -0.038059 -0.004273
v 0.033763 -0.038376 -0.004273
v 0.034203 -0.038611 -0.013625
v 0.033763 -0.038376 -0.013625
v 0.034203 -0.038611 -0.012658
v 0.034681 -0.038756 -0.013625
v 0.034681 -0.038756 -0.012658
v 0.035179 -0.038805 -0.013625
v 0.035179 -0.038805 -0.012658
v 0.035796 -0.039362 -0.012665
v 0.035796 -0.039362 -0.013625
v 0.035676 -0.038756 -0.013625
v 0.035676 -0.038756 -0.012658
v 0.035796 -0.039362 -0.004351
v 0.035676 -0.038756 -0.004273
v 0.032824 -0.035281 -0.012658
v 0.032824 -0.035281 -0.013625
v 0.032253 -0.035045 -0.013625
v 0.032253 -0.035045 -0.012665
v 0.032824 -0.035281 -0.004273
v 0.032253 -0.035045 -0.004351
v 0.038284 -0.035639 -0.013625
v 0.038284 -0.035639 -0.014255
v 0.038345 -0.036256 -0.014255
v 0.038345 -0.036256 -0.013625
v 0.038284 -0.036874 -0.014255
v 0.038284 -0.036874 -0.013625
v 0.032824 -0.035281 -0.013625
v 0.032073 -0.035639 -0.013625
v 0.032253 -0.035045 -0.013625
v 0.032679 -0.035759 -0.013625
v 0.032012 -0.036256 -0.013625
v 0.032630 -0.036256 -0.013625
v 0.032073 -0.036874 -0.013625
v 0.032679 -0.036754 -0.013625
v 0.032253 -0.037468 -0.013625
v 0.032824 -0.037232 -0.013625
v 0.032546 -0.038016 -0.013625
v 0.033059 -0.037672 -0.013625
v 0.032940 -0.038495 -0.013625
v 0.033376 -0.038059 -0.013625
v 0.033419 -0.038889 -0.013625
v 0.033763 -0.038376 -0.013625
v 0.033967 -0.039182 -0.013625
v 0.034203 -0.038611 -0.013625
v 0.034561 -0.039362 -0.013625
v 0.034681 -0.038756 -0.013625
v 0.035179 -0.039423 -0.013625
v 0.035179 -0.038805 -0.013625
v 0.035179 -0.038805 -0.013625
v 0.035796 -0.039362 -0.013625
v 0.035676 -0.038756 -0.013625
v 0.037727 -0.036256 -0.012658
v 0.037678 -0.036754 -0.012658
v 0.037678 -0.036754 -0.004273
v 0.037727 -0.036256 -0.004273
v 0.037727 -0.036256 -0.013625
v 0.037678 -0.036754 -0.012658
v 0.037678 -0.036754 -0.013625
v 0.034561 -0.033151 -0.013625
v 0.034203 -0.033902 -0.013625
v 0.033967 -0.033331 -0.013625
v 0.034681 -0.033757 -0.013625
v 0.035179 -0.033708 -0.013625
v 0.035179 -0.033090 -0.013625
v 0.035179 -0.033090 -0.013625
v 0.035676 -0.033757 -0.013625
v 0.035796 -0.033151 -0.013625
v 0.036154 -0.033902 -0.013625
v 0.036390 -0.033331 -0.013625
v 0.036594 -0.034137 -0.013625
v 0.036938 -0.033624 -0.013625
v 0.036981 -0.034454 -0.013625
v 0.037418 -0.034017 -0.013625
v 0.038284 -0.036874 -0.013625
v 0.037678 -0.036754 -0.013625
v 0.037727 -0.036256 -0.013625
v 0.038345 -0.036256 -0.013625
v 0.038284 -0.035639 -0.013625
v 0.037678 -0.035759 -0.013625
v 0.038104 -0.035045 -0.013625
v 0.038284 -0.035639 -0.013625
v 0.037678 -0.035759 -0.013625
v 0.037533 -0.035281 -0.013625
v 0.037811 -0.034497 -0.013625
v 0.037298 -0.034840 -0.013625
v 0.037418 -0.034017 -0.013625
v 0.036981 -0.034454 -0.013625
v 0.033967 -0.033331 -0.012665
v 0.033967 -0.033331 -0.013625
v 0.034203 -0.033902 -0.013625
v 0.034203 -0.033902 -0.012658
v 0.033967 -0.033331 -0.004351
v 0.034203 -0.033902 -0.012658
v 0.034203 -0.033902 -0.004273
v 0.038284 -0.036874 -0.012665
v 0.037678 -0.036754 -0.012658
v 0.037678 -0.036754 -0.013625
v 0.038284 -0.036874 -0.013625
v 0.038284 -0.036874 -0.004351
v 0.037678 -0.036754 -0.012658
v 0.037678 -0.036754 -0.004273
v 0.038284 -0.036874 -0.004351
v 0.038345 -0.036256 -0.004351
v 0.037727 -0.036256 -0.004273
v 0.037678 -0.036754 -0.004273
v 0.036938 -0.033624 -0.004351
v 0.036154 -0.033902 -0.004273
v 0.036594 -0.034137 -0.004273
v 0.036390 -0.033331 -0.004351
v 0.035676 -0.033757 -0.004273
v 0.035796 -0.033151 -0.004351
v 0.035179 -0.033708 -0.004273
v 0.035179 -0.033090 -0.004351
v 0.034681 -0.033757 -0.004273
v 0.034561 -0.033151 -0.004351
v 0.034203 -0.033902 -0.004273
v 0.033967 -0.033331 -0.004351
v 0.033419 -0.033624 -0.004351
v 0.032520 -0.032724 -0.004351
v 0.032040 -0.033118 -0.004351
v 0.032940 -0.034017 -0.004351
v 0.033967 -0.033331 -0.004351
v 0.033067 -0.032431 -0.004351
v 0.032520 -0.032724 -0.004351
v 0.033419 -0.033624 -0.004351
v 0.033067 -0.032431 -0.004351
v 0.033032 -0.033237 -0.012665
v 0.033580 -0.032944 -0.012665
v 0.032520 -0.032724 -0.004351
v 0.032552 -0.033630 -0.012665
v 0.032040 -0.033118 -0.004351
v 0.032159 -0.034110 -0.012665
v 0.031646 -0.033598 -0.004351
v 0.031866 -0.034658 -0.012665
v 0.031354 -0.034145 -0.004351
v 0.032940 -0.034017 -0.004351
v 0.032040 -0.033118 -0.004351
v 0.031646 -0.033598 -0.004351
v 0.032546 -0.034497 -0.004351
v 0.031354 -0.034145 -0.004351
v 0.032253 -0.035045 -0.004351
v 0.031052 -0.033843 -0.001862
v 0.032253 -0.035045 -0.001862
v 0.032253 -0.035045 -0.004351
v 0.031354 -0.034145 -0.004351
v 0.032253 -0.035045 -0.004351
v 0.031866 -0.034658 -0.012665
v 0.032253 -0.035045 -0.012665
v 0.034203 -0.033902 -0.013625
v 0.034681 -0.033757 -0.013625
v 0.034681 -0.033757 -0.012658
v 0.034203 -0.033902 -0.012658
v -0.035179 -0.033090 -0.004351
v -0.035179 -0.033090 -0.001862
v -0.035796 -0.033151 -0.001862
v -0.035796 -0.033151 -0.004351
v -0.036390 -0.033331 -0.001862
v -0.036390 -0.033331 -0.004351
v -0.036938 -0.033624 -0.001862
v -0.036938 -0.033624 -0.004351
v -0.037418 -0.034017 -0.001862
v -0.037418 -0.034017 -0.004351
v -0.037811 -0.034497 -0.001862
v -0.037811 -0.034497 -0.004351
v -0.037811 -0.034497 -0.004351
v -0.037811 -0.034497 -0.001862
v -0.062858 -0.024122 -0.001862
v -0.062858 -0.024122 -0.004351
v -0.038284 -0.035639 -0.004351
v -0.038284 -0.035639 -0.001862
v -0.038345 -0.036256 -0.001862
v -0.038345 -0.036256 -0.004351
v -0.038284 -0.036874 -0.001862
v -0.038284 -0.036874 -0.004351
v -0.038104 -0.037468 -0.001862
v -0.038104 -0.037468 -0.004351
v -0.038284 -0.036874 -0.012665
v -0.037811 -0.038016 -0.001862
v -0.038104 -0.037468 -0.012665
v -0.038284 -0.036874 -0.013625
v -0.037811 -0.038016 -0.004351
v -0.037418 -0.038495 -0.001862
v -0.037418 -0.038495 -0.004351
v -0.036938 -0.038889 -0.001862
v -0.037811 -0.038016 -0.012665
v -0.038104 -0.037468 -0.013625
v -0.036938 -0.038889 -0.004351
v -0.036390 -0.039182 -0.001862
v -0.038104 -0.037468 -0.014255
v -0.038284 -0.036874 -0.014255
v -0.037811 -0.038016 -0.014255
v -0.037811 -0.038016 -0.013625
v -0.037418 -0.038495 -0.014255
v -0.037418 -0.038495 -0.012665
v -0.037418 -0.038495 -0.013625
v -0.036938 -0.038889 -0.014255
v -0.036390 -0.039182 -0.004351
v -0.035796 -0.039362 -0.001862
v -0.036938 -0.038889 -0.012665
v -0.036938 -0.038889 -0.013625
v -0.036390 -0.039182 -0.014255
v -0.035796 -0.039362 -0.004351
v -0.035179 -0.039423 -0.001862
v -0.036390 -0.039182 -0.012665
v -0.035179 -0.039423 -0.004351
v -0.034561 -0.039362 -0.001862
v -0.034561 -0.039362 -0.004351
v -0.035796 -0.039362 -0.012665
v -0.036390 -0.039182 -0.013625
v -0.035796 -0.039362 -0.014255
v -0.035796 -0.039362 -0.013625
v -0.034561 -0.039362 -0.001862
v -0.024190 -0.062785 -0.001862
v -0.024784 -0.062965 -0.001862
v -0.033967 -0.039182 -0.001862
v -0.023643 -0.062492 -0.001862
v -0.033419 -0.038889 -0.001862
v -0.034561 -0.033151 -0.001862
v -0.035179 -0.033090 -0.001862
v -0.035179 -0.039423 -0.001862
v -0.035796 -0.033151 -0.001862
v -0.035796 -0.039362 -0.001862
v -0.036390 -0.033331 -0.001862
v -0.036390 -0.039182 -0.001862
v -0.036938 -0.033624 -0.001862
v -0.036938 -0.038889 -0.001862
v -0.037418 -0.034017 -0.001862
v -0.037418 -0.038495 -0.001862
v -0.033967 -0.033331 -0.001862
v -0.037811 -0.034497 -0.001862
v -0.037811 -0.038016 -0.001862
v -0.033419 -0.033624 -0.001862
v -0.032765 -0.032130 -0.001862
v -0.032940 -0.038495 -0.001862
v -0.032218 -0.032422 -0.001862
v -0.032940 -0.034017 -0.001862
v -0.032546 -0.038016 -0.001862
v -0.031738 -0.032816 -0.001862
v -0.014675 -0.014879 -0.001862
v -0.014195 -0.015273 -0.001862
v -0.032546 -0.034497 -0.001862
v -0.032253 -0.037468 -0.001862
v -0.032253 -0.035045 -0.001862
v -0.032073 -0.036874 -0.001862
v -0.031344 -0.033296 -0.001862
v -0.032073 -0.035639 -0.001862
v -0.032012 -0.036256 -0.001862
v -0.031079 -0.033792 -0.001862
v -0.031052 -0.033843 -0.001862
v -0.032546 -0.034497 -0.001862
v -0.031738 -0.032816 -0.001862
v -0.032940 -0.034017 -0.001862
v -0.033419 -0.038889 -0.004351
v -0.024190 -0.062785 -0.004351
v -0.023643 -0.062492 -0.004351
v -0.033967 -0.039182 -0.004351
v -0.024784 -0.062965 -0.004351
v -0.034561 -0.039362 -0.004351
v -0.034203 -0.038611 -0.004273
v -0.033763 -0.038376 -0.004273
v -0.034681 -0.038756 -0.004273
v -0.032940 -0.038495 -0.004351
v -0.035179 -0.038805 -0.004273
v -0.033376 -0.038059 -0.004273
v -0.035179 -0.039423 -0.004351
v -0.035676 -0.038756 -0.004273
v -0.035796 -0.039362 -0.004351
v -0.032546 -0.038016 -0.004351
v -0.033059 -0.037672 -0.004273
v -0.032253 -0.037468 -0.004351
v -0.032824 -0.037232 -0.004273
v -0.032073 -0.036874 -0.004351
v -0.032679 -0.036754 -0.004273
v -0.032012 -0.036256 -0.004351
v -0.032630 -0.036256 -0.004273
v -0.032073 -0.035639 -0.004351
v -0.032679 -0.035759 -0.004273
v -0.032253 -0.035045 -0.004351
v -0.032824 -0.035281 -0.004273
v -0.033419 -0.038889 -0.004351
v -0.033419 -0.038889 -0.001862
v -0.032940 -0.038495 -0.001862
v -0.032940 -0.038495 -0.004351
v -0.032546 -0.038016 -0.001862
v -0.032546 -0.038016 -0.004351
v -0.032253 -0.037468 -0.001862
v -0.032253 -0.037468 -0.004351
v -0.032073 -0.036874 -0.001862
v -0.032073 -0.036874 -0.004351
v -0.032012 -0.036256 -0.001862
v -0.032012 -0.036256 -0.004351
v -0.032073 -0.035639 -0.001862
v -0.032073 -0.035639 -0.004351
v -0.032253 -0.035045 -0.001862
v -0.032253 -0.035045 -0.004351
v -0.031646 -0.033598 -0.004351
v -0.031354 -0.034145 -0.004351
v -0.031052 -0.033843 -0.004351
v -0.031344 -0.033296 -0.004351
v -0.032040 -0.033118 -0.004351
v -0.031738 -0.032816 -0.004351
v -0.013801 -0.015752 -0.004351
v -0.014195 -0.015273 -0.004351
v -0.032218 -0.032422 -0.004351
v -0.014675 -0.014879 -0.004351
v -0.033067 -0.032431 -0.004351
v -0.032520 -0.032724 -0.004351
v -0.032765 -0.032130 -0.004351
v -0.032520 -0.032724 -0.004351
v -0.031738 -0.032816 -0.004351
v -0.032040 -0.033118 -0.004351
v -0.038284 -0.036874 -0.001862
v -0.038345 -0.036256 -0.001862
v -0.038284 -0.035639 -0.001862
v -0.038104 -0.037468 -0.001862
v -0.038104 -0.035045 -0.001862
v -0.063331 -0.025264 -0.001862
v -0.063151 -0.024670 -0.001862
v -0.062858 -0.024122 -0.001862
v -0.033967 -0.033331 -0.004351
v -0.033967 -0.033331 -0.001862
v -0.034561 -0.033151 -0.001862
v -0.034561 -0.033151 -0.004351
v -0.035179 -0.033090 -0.001862
v -0.035179 -0.033090 -0.004351
v -0.032159 -0.034110 -0.012665
v -0.032253 -0.035045 -0.012665
v -0.031866 -0.034658 -0.012665
v -0.032546 -0.034497 -0.012665
v -0.032552 -0.033630 -0.012665
v -0.032940 -0.034017 -0.012665
v -0.033032 -0.033237 -0.012665
v -0.033419 -0.033624 -0.012665
v -0.033580 -0.032944 -0.012665
v -0.033967 -0.033331 -0.012665
v -0.062858 -0.024122 -0.004351
v -0.062858 -0.024122 -0.001862
v -0.063151 -0.024670 -0.001862
v -0.063151 -0.024670 -0.004351
v -0.063331 -0.025264 -0.001862
v -0.063331 -0.025264 -0.004351
v -0.038284 -0.035639 -0.004351
v -0.063151 -0.024670 -0.004351
v -0.063331 -0.025264 -0.004351
v -0.038104 -0.035045 -0.004351
v -0.062858 -0.024122 -0.004351
v -0.037811 -0.034497 -0.004351
v -0.037533 -0.035281 -0.004273
v -0.037678 -0.035759 -0.004273
v -0.038345 -0.036256 -0.004351
v -0.037727 -0.036256 -0.004273
v -0.037298 -0.034840 -0.004273
v -0.036981 -0.034454 -0.004273
v -0.037418 -0.034017 -0.004351
v -0.036594 -0.034137 -0.004273
v -0.036938 -0.033624 -0.004351
v -0.038284 -0.035639 -0.001862
v -0.038284 -0.035639 -0.004351
v -0.063331 -0.025264 -0.004351
v -0.063331 -0.025264 -0.001862
v -0.024784 -0.062965 -0.004351
v -0.024784 -0.062965 -0.001862
v -0.024190 -0.062785 -0.001862
v -0.024190 -0.062785 -0.004351
v -0.023643 -0.062492 -0.001862
v -0.023643 -0.062492 -0.004351
v -0.033419 -0.038889 -0.001862
v -0.033419 -0.038889 -0.004351
v -0.023643 -0.062492 -0.004351
v -0.023643 -0.062492 -0.001862
v -0.034561 -0.039362 -0.004351
v -0.034561 -0.039362 -0.001862
v -0.024784 -0.062965 -0.001862
v -0.024784 -0.062965 -0.004351
v -0.031344 -0.033296 -0.004351
v -0.031344 -0.033296 -0.002425
v -0.013801 -0.015752 -0.002425
v -0.013801 -0.015752 -0.004351
v -0.031344 -0.033296 -0.004351
v -0.031052 -0.033843 -0.004351
v -0.031052 -0.033843 -0.001862
v -0.031079 -0.033792 -0.001862
v -0.031344 -0.033296 -0.002425
v -0.032765 -0.032130 -0.001862
v -0.033967 -0.033331 -0.001862
v -0.033967 -0.033331 -0.004351
v -0.033067 -0.032431 -0.004351
v -0.032765 -0.032130 -0.004351
v -0.033580 -0.032944 -0.012665
v -0.033967 -0.033331 -0.012665
v -0.032218 -0.032422 -0.004351
v -0.032218 -0.032422 -0.001862
v -0.032765 -0.032130 -0.001862
v -0.032765 -0.032130 -0.004351
v -0.013801 -0.015752 -0.004351
v -0.013801 -0.015752 -0.002425
v -0.014195 -0.015273 -0.001862
v -0.014195 -0.015273 -0.004351
v -0.014675 -0.014879 -0.001862
v -0.014675 -0.014879 -0.004351
v -0.032218 -0.032422 -0.001862
v -0.032218 -0.032422 -0.004351
v -0.014675 -0.014879 -0.004351
v -0.014675 -0.014879 -0.001862
v -0.031738 -0.032816 -0.001862
v -0.031344 -0.033296 -0.002425
v -0.031079 -0.033792 -0.001862
v -0.031344 -0.033296 -0.001862
v -0.031738 -0.032816 -0.001862
v -0.014195 -0.015273 -0.001862
v -0.013801 -0.015752 -0.002425
v -0.031344 -0.033296 -0.002425
v -0.032073 -0.035639 -0.013625
v -0.032253 -0.035045 -0.013625
v -0.032253 -0.035045 -0.014255
v -0.032073 -0.035639 -0.014255
v -0.032012 -0.036256 -0.013625
v -0.032012 -0.036256 -0.014255
v -0.032073 -0.036874 -0.013625
v -0.032073 -0.036874 -0.014255
v -0.032253 -0.037468 -0.013625
v -0.032253 -0.037468 -0.014255
v -0.032546 -0.038016 -0.013625
v -0.032546 -0.038016 -0.014255
v -0.032940 -0.038495 -0.013625
v -0.032940 -0.038495 -0.014255
v -0.033419 -0.038889 -0.013625
v -0.033419 -0.038889 -0.014255
v -0.033967 -0.039182 -0.013625
v -0.033967 -0.039182 -0.014255
v -0.034561 -0.039362 -0.013625
v -0.034561 -0.039362 -0.014255
v -0.035179 -0.039423 -0.013625
v -0.035179 -0.039423 -0.014255
v -0.035796 -0.039362 -0.013625
v -0.035796 -0.039362 -0.014255
v -0.038104 -0.035045 -0.013625
v -0.038284 -0.035639 -0.013625
v -0.038284 -0.035639 -0.014255
v -0.038104 -0.035045 -0.014255
v -0.037811 -0.034497 -0.013625
v -0.037811 -0.034497 -0.014255
v -0.037418 -0.034017 -0.013625
v -0.037418 -0.034017 -0.014255
v -0.036938 -0.033624 -0.013625
v -0.036938 -0.033624 -0.014255
v -0.036390 -0.033331 -0.013625
v -0.036390 -0.033331 -0.014255
v -0.035796 -0.033151 -0.013625
v -0.035796 -0.033151 -0.014255
v -0.035179 -0.033090 -0.013625
v -0.035179 -0.033090 -0.014255
v -0.032253 -0.035045 -0.013625
v -0.032546 -0.034497 -0.014255
v -0.032253 -0.035045 -0.014255
v -0.032546 -0.034497 -0.013625
v -0.032940 -0.034017 -0.014255
v -0.032546 -0.034497 -0.012665
v -0.032253 -0.035045 -0.012665
v -0.032940 -0.034017 -0.012665
v -0.032940 -0.034017 -0.013625
v -0.033419 -0.033624 -0.014255
v -0.033419 -0.033624 -0.012665
v -0.033419 -0.033624 -0.013625
v -0.033967 -0.033331 -0.012665
v -0.033967 -0.033331 -0.014255
v -0.033967 -0.033331 -0.013625
v -0.034561 -0.033151 -0.014255
v -0.034561 -0.033151 -0.013625
v -0.035179 -0.033090 -0.014255
v -0.035179 -0.033090 -0.013625
v -0.033059 -0.037672 -0.012658
v -0.033059 -0.037672 -0.004273
v -0.032824 -0.037232 -0.004273
v -0.032824 -0.037232 -0.012658
v -0.032824 -0.037232 -0.013625
v -0.032679 -0.036754 -0.012658
v -0.032679 -0.036754 -0.013625
v -0.032679 -0.036754 -0.013625
v -0.032630 -0.036256 -0.012658
v -0.032630 -0.036256 -0.013625
v -0.033376 -0.038059 -0.012658
v -0.033059 -0.037672 -0.004273
v -0.033376 -0.038059 -0.004273
v -0.033376 -0.038059 -0.013625
v -0.033376 -0.038059 -0.012658
v -0.033059 -0.037672 -0.013625
v -0.033763 -0.038376 -0.013625
v -0.033376 -0.038059 -0.013625
v -0.033763 -0.038376 -0.012658
v -0.034203 -0.038611 -0.012658
v -0.033763 -0.038376 -0.004273
v -0.034203 -0.038611 -0.004273
v -0.034681 -0.038756 -0.012658
v -0.034681 -0.038756 -0.004273
v -0.035179 -0.038805 -0.012658
v -0.035179 -0.038805 -0.004273
v -0.033059 -0.037672 -0.012658
v -0.032824 -0.037232 -0.012658
v -0.032824 -0.037232 -0.013625
v -0.032824 -0.037232 -0.004273
v -0.032679 -0.036754 -0.004273
v -0.032679 -0.036754 -0.012658
v -0.032679 -0.036754 -0.004273
v -0.032630 -0.036256 -0.004273
v -0.032630 -0.036256 -0.012658
v -0.032679 -0.035759 -0.004273
v -0.032679 -0.035759 -0.012658
v -0.032824 -0.035281 -0.004273
v -0.032679 -0.035759 -0.013625
v -0.032824 -0.035281 -0.012658
v -0.032824 -0.035281 -0.013625
v -0.035676 -0.038756 -0.012658
v -0.035676 -0.038756 -0.004273
v -0.035179 -0.038805 -0.004273
v -0.035179 -0.038805 -0.012658
v -0.035676 -0.038756 -0.013625
v -0.035179 -0.038805 -0.012658
v -0.035179 -0.038805 -0.013625
v -0.035179 -0.033708 -0.012658
v -0.035179 -0.033708 -0.004273
v -0.035676 -0.033757 -0.004273
v -0.035676 -0.033757 -0.012658
v -0.035676 -0.033757 -0.004273
v -0.036154 -0.033902 -0.004273
v -0.036154 -0.033902 -0.012658
v -0.035676 -0.033757 -0.013625
v -0.036154 -0.033902 -0.012658
v -0.036154 -0.033902 -0.013625
v -0.036594 -0.034137 -0.012658
v -0.036594 -0.034137 -0.013625
v -0.035179 -0.033708 -0.013625
v -0.035676 -0.033757 -0.012658
v -0.035179 -0.033708 -0.012658
v -0.036154 -0.033902 -0.012658
v -0.036594 -0.034137 -0.004273
v -0.036594 -0.034137 -0.012658
v -0.036594 -0.034137 -0.012658
v -0.036981 -0.034454 -0.004273
v -0.036981 -0.034454 -0.012658
v -0.036594 -0.034137 -0.012658
v -0.036981 -0.034454 -0.013625
v -0.037298 -0.034840 -0.004273
v -0.037298 -0.034840 -0.012658
v -0.036981 -0.034454 -0.013625
v -0.037533 -0.035281 -0.004273
v -0.037298 -0.034840 -0.013625
v -0.037533 -0.035281 -0.012658
v -0.037678 -0.035759 -0.004273
v -0.037678 -0.035759 -0.012658
v -0.037533 -0.035281 -0.013625
v -0.037678 -0.035759 -0.013625
v -0.037727 -0.036256 -0.012658
v -0.037727 -0.036256 -0.013625
v -0.037533 -0.035281 -0.012658
v -0.037678 -0.035759 -0.012658
v -0.037678 -0.035759 -0.013625
v -0.037678 -0.035759 -0.004273
v -0.037727 -0.036256 -0.004273
v -0.037727 -0.036256 -0.012658
v -0.034203 -0.033902 -0.012658
v -0.034203 -0.033902 -0.004273
v -0.034681 -0.033757 -0.004273
v -0.034681 -0.033757 -0.012658
v -0.035179 -0.033708 -0.004273
v -0.035179 -0.033708 -0.012658
v -0.034681 -0.033757 -0.013625
v -0.035179 -0.033708 -0.012658
v -0.035179 -0.033708 -0.013625
v -0.033763 -0.038376 -0.012658
v -0.033763 -0.038376 -0.004273
v -0.033376 -0.038059 -0.004273
v -0.033376 -0.038059 -0.012658
v -0.034203 -0.038611 -0.013625
v -0.033763 -0.038376 -0.013625
v -0.034203 -0.038611 -0.012658
v -0.034681 -0.038756 -0.013625
v -0.034681 -0.038756 -0.012658
v -0.035179 -0.038805 -0.013625
v -0.035179 -0.038805 -0.012658
v -0.035796 -0.039362 -0.012665
v -0.035676 -0.038756 -0.013625
v -0.035796 -0.039362 -0.013625
v -0.035676 -0.038756 -0.012658
v -0.035796 -0.039362 -0.004351
v -0.035676 -0.038756 -0.004273
v -0.032824 -0.035281 -0.012658
v -0.032253 -0.035045 -0.013625
v -0.032824 -0.035281 -0.013625
v -0.032253 -0.035045 -0.012665
v -0.032824 -0.035281 -0.004273
v -0.032253 -0.035045 -0.004351
v -0.038284 -0.035639 -0.013625
v -0.038345 -0.036256 -0.014255
v -0.038284 -0.035639 -0.014255
v -0.038345 -0.036256 -0.013625
v -0.038284 -0.036874 -0.014255
v -0.038284 -0.036874 -0.013625
v -0.032824 -0.035281 -0.013625
v -0.032253 -0.035045 -0.013625
v -0.032073 -0.035639 -0.013625
v -0.032679 -0.035759 -0.013625
v -0.032012 -0.036256 -0.013625
v -0.032630 -0.036256 -0.013625
v -0.032073 -0.036874 -0.013625
v -0.032679 -0.036754 -0.013625
v -0.032253 -0.037468 -0.013625
v -0.032824 -0.037232 -0.013625
v -0.032546 -0.038016 -0.013625
v -0.033059 -0.037672 -0.013625
v -0.032940 -0.038495 -0.013625
v -0.033376 -0.038059 -0.013625
v -0.033419 -0.038889 -0.013625
v -0.033763 -0.038376 -0.013625
v -0.033967 -0.039182 -0.013625
v -0.034203 -0.038611 -0.013625
v -0.034561 -0.039362 -0.013625
v -0.034681 -0.038756 -0.013625
v -0.035179 -0.039423 -0.013625
v -0.035179 -0.038805 -0.013625
v -0.035179 -0.038805 -0.013625
v -0.035796 -0.039362 -0.013625
v -0.035676 -0.038756 -0.013625
v -0.037727 -0.036256 -0.012658
v -0.037727 -0.036256 -0.004273
v -0.037678 -0.036754 -0.004273
v -0.037678 -0.036754 -0.012658
v -0.037727 -0.036256 -0.013625
v -0.037678 -0.036754 -0.012658
v -0.037678 -0.036754 -0.013625
v -0.034561 -0.033151 -0.013625
v -0.033967 -0.033331 -0.013625
v -0.034203 -0.033902 -0.013625
v -0.034681 -0.033757 -0.013625
v -0.035179 -0.033708 -0.013625
v -0.035179 -0.033090 -0.013625
v -0.035179 -0.033090 -0.013625
v -0.035676 -0.033757 -0.013625
v -0.035796 -0.033151 -0.013625
v -0.036154 -0.033902 -0.013625
v -0.036390 -0.033331 -0.013625
v -0.036594 -0.034137 -0.013625
v -0.036938 -0.033624 -0.013625
v -0.036981 -0.034454 -0.013625
v -0.037418 -0.034017 -0.013625
v -0.038284 -0.036874 -0.013625
v -0.037727 -0.036256 -0.013625
v -0.037678 -0.036754 -0.013625
v -0.038345 -0.036256 -0.013625
v -0.038284 -0.035639 -0.013625
v -0.037678 -0.035759 -0.013625
v -0.038104 -0.035045 -0.013625
v -0.037678 -0.035759 -0.013625
v -0.038284 -0.035639 -0.013625
v -0.037533 -0.035281 -0.013625
v -0.037811 -0.034497 -0.013625
v -0.037298 -0.034840 -0.013625
v -0.037418 -0.034017 -0.013625
v -0.036981 -0.034454 -0.013625
v -0.033967 -0.033331 -0.012665
v -0.034203 -0.033902 -0.012658
v -0.034203 -0.033902 -0.013625
v -0.033967 -0.033331 -0.013625
v -0.033967 -0.033331 -0.004351
v -0.034203 -0.033902 -0.012658
v -0.034203 -0.033902 -0.004273
v -0.038284 -0.036874 -0.012665
v -0.038284 -0.036874 -0.013625
v -0.037678 -0.036754 -0.013625
v -0.037678 -0.036754 -0.012658
v -0.038284 -0.036874 -0.004351
v -0.037678 -0.036754 -0.012658
v -0.037678 -0.036754 -0.004273
v -0.038284 -0.036874 -0.004351
v -0.037678 -0.036754 -0.004273
v -0.037727 -0.036256 -0.004273
v -0.038345 -0.036256 -0.004351
v -0.036938 -0.033624 -0.004351
v -0.036594 -0.034137 -0.004273
v -0.036154 -0.033902 -0.004273
v -0.036390 -0.033331 -0.004351
v -0.035676 -0.033757 -0.004273
v -0.035796 -0.033151 -0.004351
v -0.035179 -0.033708 -0.004273
v -0.035179 -0.033090 -0.004351
v -0.034681 -0.033757 -0.004273
v -0.034561 -0.033151 -0.004351
v -0.034203 -0.033902 -0.004273
v -0.033967 -0.033331 -0.004351
v -0.033419 -0.033624 -0.004351
v -0.032940 -0.034017 -0.004351
v -0.032040 -0.033118 -0.004351
v -0.032520 -0.032724 -0.004351
v -0.033967 -0.033331 -0.004351
v -0.033419 -0.033624 -0.004351
v -0.032520 -0.032724 -0.004351
v -0.033067 -0.032431 -0.004351
v -0.033067 -0.032431 -0.004351
v -0.033580 -0.032944 -0.012665
v -0.033032 -0.033237 -0.012665
v -0.032520 -0.032724 -0.004351
v -0.032552 -0.033630 -0.012665
v -0.032040 -0.033118 -0.004351
v -0.032159 -0.034110 -0.012665
v -0.031646 -0.033598 -0.004351
v -0.031866 -0.034658 -0.012665
v -0.031354 -0.034145 -0.004351
v -0.032940 -0.034017 -0.004351
v -0.031646 -0.033598 -0.004351
v -0.032040 -0.033118 -0.004351
v -0.032546 -0.034497 -0.004351
v -0.031354 -0.034145 -0.004351
v -0.032253 -0.035045 -0.004351
v -0.031354 -0.034145 -0.004351
v -0.032253 -0.035045 -0.004351
v -0.032253 -0.035045 -0.001862
v -0.031052 -0.033843 -0.001862
v -0.032253 -0.035045 -0.004351
v -0.031866 -0.034658 -0.012665
v -0.032253 -0.035045 -0.012665
v -0.034203 -0.033902 -0.013625
v -0.034203 -0.033902 -0.012658
v -0.034681 -0.033757 -0.012658
v -0.034681 -0.033757 -0.013625
v 0.035179 0.033090 -0.004351
v 0.035179 0.033090 -0.001862
v 0.035796 0.033151 -0.001862
v 0.035796 0.033151 -0.004351
v 0.036390 0.033331 -0.001862
v 0.036390 0.033331 -0.004351
v 0.036938 0.033624 -0.001862
v 0.036938 0.033624 -0.004351
v 0.037418 0.034017 -0.001862
v 0.037418 0.034017 -0.004351
v 0.037811 0.034497 -0.001862
v 0.037811 0.034497 -0.004351
v 0.037811 0.034497 -0.004351
v 0.037811 0.034497 -0.001862
v 0.062858 0.024122 -0.001862
v 0.062858 0.024122 -0.004351
v 0.038284 0.035639 -0.004351
v 0.038284 0.035639 -0.001862
v 0.038345 0.036256 -0.001862
v 0.038345 0.036256 -0.004351
v 0.038284 0.036874 -0.001862
v 0.038284 0.036874 -0.004351
v 0.038104 0.037468 -0.001862
v 0.038104 0.037468 -0.004351
v 0.038284 0.036874 -0.012665
v 0.037811 0.038016 -0.001862
v 0.038104 0.037468 -0.012665
v 0.038284 0.036874 -0.013625
v 0.037811 0.038016 -0.004351
v 0.037418 0.038495 -0.001862
v 0.037418 0.038495 -0.004351
v 0.036938 0.038889 -0.001862
v 0.037811 0.038016 -0.012665
v 0.038104 0.037468 -0.013625
v 0.036938 0.038889 -0.004351
v 0.036390 0.039182 -0.001862
v 0.038104 0.037468 -0.014255
v 0.038284 0.036874 -0.014255
v 0.037811 0.038016 -0.014255
v 0.037811 0.038016 -0.013625
v 0.037418 0.038495 -0.014255
v 0.037418 0.038495 -0.012665
v 0.037418 0.038495 -0.013625
v 0.036938 0.038889 -0.014255
v 0.036390 0.039182 -0.004351
v 0.035796 0.039362 -0.001862
v 0.036938 0.038889 -0.012665
v 0.036938 0.038889 -0.013625
v 0.036390 0.039182 -0.014255
v 0.035796 0.039362 -0.004351
v 0.035179 0.039423 -0.001862
v 0.036390 0.039182 -0.012665
v 0.035179 0.039423 -0.004351
v 0.034561 0.039362 -0.001862
v 0.034561 0.039362 -0.004351
v 0.035796 0.039362 -0.012665
v 0.036390 0.039182 -0.013625
v 0.035796 0.039362 -0.014255
v 0.035796 0.039362 -0.013625
v 0.034561 0.039362 -0.001862
v 0.024190 0.062785 -0.001862
v 0.024784 0.062965 -0.001862
v 0.033967 0.039182 -0.001862
v 0.023643 0.062492 -0.001862
v 0.033419 0.038889 -0.001862
v 0.034561 0.033151 -0.001862
v 0.035179 0.033090 -0.001862
v 0.035179 0.039423 -0.001862
v 0.035796 0.033151 -0.001862
v 0.035796 0.039362 -0.001862
v 0.036390 0.033331 -0.001862
v 0.036390 0.039182 -0.001862
v 0.036938 0.033624 -0.001862
v 0.036938 0.038889 -0.001862
v 0.037418 0.034017 -0.001862
v 0.037418 0.038495 -0.001862
v 0.033967 0.033331 -0.001862
v 0.037811 0.034497 -0.001862
v 0.037811 0.038016 -0.001862
v 0.033419 0.033624 -0.001862
v 0.032765 0.032130 -0.001862
v 0.032940 0.038495 -0.001862
v 0.032218 0.032422 -0.001862
v 0.032940 0.034017 -0.001862
v 0.032546 0.038016 -0.001862
v 0.031738 0.032816 -0.001862
v 0.014675 0.014879 -0.001862
v 0.014195 0.015273 -0.001862
v 0.032546 0.034497 -0.001862
v 0.032253 0.037468 -0.001862
v 0.032253 0.035045 -0.001862
v 0.032073 0.036874 -0.001862
v 0.031344 0.033296 -0.001862
v 0.032073 0.035639 -0.001862
v 0.032012 0.036256 -0.001862
v 0.031052 0.033843 -0.001862
v 0.031079 0.033792 -0.001862
v 0.032546 0.034497 -0.001862
v 0.031738 0.032816 -0.001862
v 0.032940 0.034017 -0.001862
v 0.033419 0.038889 -0.004351
v 0.024190 0.062785 -0.004351
v 0.023643 0.062492 -0.004351
v 0.033967 0.039182 -0.004351
v 0.024784 0.062965 -0.004351
v 0.034561 0.039362 -0.004351
v 0.034203 0.038611 -0.004273
v 0.033763 0.038376 -0.004273
v 0.034681 0.038756 -0.004273
v 0.032940 0.038495 -0.004351
v 0.035179 0.038805 -0.004273
v 0.033376 0.038059 -0.004273
v 0.035179 0.039423 -0.004351
v 0.035676 0.038756 -0.004273
v 0.035796 0.039362 -0.004351
v 0.032546 0.038016 -0.004351
v 0.033059 0.037672 -0.004273
v 0.032253 0.037468 -0.004351
v 0.032824 0.037232 -0.004273
v 0.032073 0.036874 -0.004351
v 0.032679 0.036754 -0.004273
v 0.032012 0.036256 -0.004351
v 0.032630 0.036256 -0.004273
v 0.032073 0.035639 -0.004351
v 0.032679 0.035759 -0.004273
v 0.032253 0.035045 -0.004351
v 0.032824 0.035281 -0.004273
v 0.033419 0.038889 -0.004351
v 0.033419 0.038889 -0.001862
v 0.032940 0.038495 -0.001862
v 0.032940 0.038495 -0.004351
v 0.032546 0.038016 -0.001862
v 0.032546 0.038016 -0.004351
v 0.032253 0.037468 -0.001862
v 0.032253 0.037468 -0.004351
v 0.032073 0.036874 -0.001862
v 0.032073 0.036874 -0.004351
v 0.032012 0.036256 -0.001862
v 0.032012 0.036256 -0.004351
v 0.032073 0.035639 -0.001862
v 0.032073 0.035639 -0.004351
v 0.032253 0.035045 -0.001862
v 0.032253 0.035045 -0.004351
v 0.031646 0.033598 -0.004351
v 0.031354 0.034145 -0.004351
v 0.031052 0.033843 -0.004351
v 0.031344 0.033296 -0.004351
v 0.032040 0.033118 -0.004351
v 0.031738 0.032816 -0.004351
v 0.013801 0.015752 -0.004351
v 0.014195 0.015273 -0.004351
v 0.032218 0.032422 -0.004351
v 0.014675 0.014879 -0.004351
v 0.033067 0.032431 -0.004351
v 0.032520 0.032724 -0.004351
v 0.032765 0.032130 -0.004351
v 0.032520 0.032724 -0.004351
v 0.031738 0.032816 -0.004351
v 0.032040 0.033118 -0.004351
v 0.038284 0.036874 -0.001862
v 0.038345 0.036256 -0.001862
v 0.038284 0.035639 -0.001862
v 0.038104 0.037468 -0.001862
v 0.038104 0.035045 -0.001862
v 0.063331 0.025264 -0.001862
v 0.063151 0.024670 -0.001862
v 0.062858 0.024122 -0.001862
v 0.033967 0.033331 -0.004351
v 0.033967 0.033331 -0.001862
v 0.034561 0.033151 -0.001862
v 0.034561 0.033151 -0.004351
v 0.035179 0.033090 -0.001862
v 0.035179 0.033090 -0.004351
v 0.032159 0.034110 -0.012665
v 0.032253 0.035045 -0.012665
v 0.031866 0.034658 -0.012665
v 0.032546 0.034497 -0.012665
v 0.032552 0.033630 -0.012665
v 0.032940 0.034017 -0.012665
v 0.033032 0.033237 -0.012665
v 0.033419 0.033624 -0.012665
v 0.033580 0.032944 -0.012665
v 0.033967 0.033331 -0.012665
v 0.062858 0.024122 -0.004351
v 0.062858 0.024122 -0.001862
v 0.063151 0.024670 -0.001862
v 0.063151 0.024670 -0.004351
v 0.063331 0.025264 -0.001862
v 0.063331 0.025264 -0.004351
v 0.038284 0.035639 -0.004351
v 0.063151 0.024670 -0.004351
v 0.063331 0.025264 -0.004351
v 0.038104 0.035045 -0.004351
v 0.062858 0.024122 -0.004351
v 0.037811 0.034497 -0.004351
v 0.037533 0.035281 -0.004273
v 0.037678 0.035759 -0.004273
v 0.038345 0.036256 -0.004351
v 0.037727 0.036256 -0.004273
v 0.037298 0.034840 -0.004273
v 0.036981 0.034454 -0.004273
v 0.037418 0.034017 -0.004351
v 0.036594 0.034137 -0.004273
v 0.036938 0.033624 -0.004351
v 0.038284 0.035639 -0.001862
v 0.038284 0.035639 -0.004351
v 0.063331 0.025264 -0.004351
v 0.063331 0.025264 -0.001862
v 0.024784 0.062965 -0.004351
v 0.024784 0.062965 -0.001862
v 0.024190 0.062785 -0.001862
v 0.024190 0.062785 -0.004351
v 0.023643 0.062492 -0.001862
v 0.023643 0.062492 -0.004351
v 0.033419 0.038889 -0.001862
v 0.033419 0.038889 -0.004351
v 0.023643 0.062492 -0.004351
v 0.023643 0.062492 -0.001862
v 0.034561 0.039362 -0.004351
v 0.034561 0.039362 -0.001862
v 0.024784 0.062965 -0.001862
v 0.024784 0.062965 -0.004351
v 0.031344 0.033296 -0.004351
v 0.031344 0.033296 -0.002425
v 0.013801 0.015752 -0.002425
v 0.013801 0.015752 -0.004351
v 0.031079 0.033792 -0.001862
v 0.031344 0.033296 -0.002425
v 0.031344 0.033296 -0.004351
v 0.031052 0.033843 -0.004351
v 0.031052 0.033843 -0.001862
v 0.033067 0.032431 -0.004351
v 0.032765 0.032130 -0.004351
v 0.032765 0.032130 -0.001862
v 0.033967 0.033331 -0.001862
v 0.033967 0.033331 -0.004351
v 0.033580 0.032944 -0.012665
v 0.033967 0.033331 -0.012665
v 0.032218 0.032422 -0.004351
v 0.032218 0.032422 -0.001862
v 0.032765 0.032130 -0.001862
v 0.032765 0.032130 -0.004351
v 0.013801 0.015752 -0.004351
v 0.013801 0.015752 -0.002425
v 0.014195 0.015273 -0.001862
v 0.014195 0.015273 -0.004351
v 0.014675 0.014879 -0.001862
v 0.014675 0.014879 -0.004351
v 0.032218 0.032422 -0.001862
v 0.032218 0.032422 -0.004351
v 0.014675 0.014879 -0.004351
v 0.014675 0.014879 -0.001862
v 0.031738 0.032816 -0.001862
v 0.031344 0.033296 -0.002425
v 0.031079 0.033792 -0.001862
v 0.031344 0.033296 -0.001862
v 0.031738 0.032816 -0.001862
v 0.014195 0.015273 -0.001862
v 0.013801 0.015752 -0.002425
v 0.031344 0.033296 -0.002425
v 0.032073 0.035639 -0.013625
v 0.032253 0.035045 -0.013625
v 0.032253 0.035045 -0.014255
v 0.032073 0.035639 -0.014255
v 0.032012 0.036256 -0.013625
v 0.032012 0.036256 -0.014255
v 0.032073 0.036874 -0.013625
v 0.032073 0.036874 -0.014255
v 0.032253 0.037468 -0.013625
v 0.032253 0.037468 -0.014255
v 0.032546 0.038016 -0.013625
v 0.032546 0.038016 -0.014255
v 0.032940 0.038495 -0.013625
v 0.032940 0.038495 -0.014255
v 0.033419 0.038889 -0.013625
v 0.033419 0.038889 -0.014255
v 0.033967 0.039182 -0.013625
v 0.033967 0.039182 -0.014255
v 0.034561 0.039362 -0.013625
v 0.034561 0.039362 -0.014255
v 0.035179 0.039423 -0.013625
v 0.035179 0.039423 -0.014255
v 0.035796 0.039362 -0.013625
v 0.035796 0.039362 -0.014255
v 0.038104 0.035045 -0.013625
v 0.038284 0.035639 -0.013625
v 0.038284 0.035639 -0.014255
v 0.038104 0.035045 -0.014255
v 0.037811 0.034497 -0.013625
v 0.037811 0.034497 -0.014255
v 0.037418 0.034017 -0.013625
v 0.037418 0.034017 -0.014255
v 0.036938 0.033624 -0.013625
v 0.036938 0.033624 -0.014255
v 0.036390 0.033331 -0.013625
v 0.036390 0.033331 -0.014255
v 0.035796 0.033151 -0.013625
v 0.035796 0.033151 -0.014255
v 0.035179 0.033090 -0.013625
v 0.035179 0.033090 -0.014255
v 0.032253 0.035045 -0.013625
v 0.032546 0.034497 -0.014255
v 0.032253 0.035045 -0.014255
v 0.032546 0.034497 -0.013625
v 0.032940 0.034017 -0.014255
v 0.032546 0.034497 -0.012665
v 0.032253 0.035045 -0.012665
v 0.032940 0.034017 -0.012665
v 0.032940 0.034017 -0.013625
v 0.033419 0.033624 -0.014255
v 0.033419 0.033624 -0.012665
v 0.033419 0.033624 -0.013625
v 0.033967 0.033331 -0.012665
v 0.033967 0.033331 -0.014255
v 0.033967 0.033331 -0.013625
v 0.034561 0.033151 -0.014255
v 0.034561 0.033151 -0.013625
v 0.035179 0.033090 -0.014255
v 0.035179 0.033090 -0.013625
v 0.033059 0.037672 -0.012658
v 0.033059 0.037672 -0.004273
v 0.032824 0.037232 -0.004273
v 0.032824 0.037232 -0.012658
v 0.032824 0.037232 -0.013625
v 0.032679 0.036754 -0.012658
v 0.032679 0.036754 -0.013625
v 0.032679 0.036754 -0.013625
v 0.032630 0.036256 -0.012658
v 0.032630 0.036256 -0.013625
v 0.033376 0.038059 -0.012658
v 0.033059 0.037672 -0.004273
v 0.033376 0.038059 -0.004273
v 0.033376 0.038059 -0.013625
v 0.033376 0.038059 -0.012658
v 0.033059 0.037672 -0.013625
v 0.033763 0.038376 -0.013625
v 0.033376 0.038059 -0.013625
v 0.033763 0.038376 -0.012658
v 0.034203 0.038611 -0.012658
v 0.033763 0.038376 -0.004273
v 0.034203 0.038611 -0.004273
v 0.034681 0.038756 -0.012658
v 0.034681 0.038756 -0.004273
v 0.035179 0.038805 -0.012658
v 0.035179 0.038805 -0.004273
v 0.033059 0.037672 -0.012658
v 0.032824 0.037232 -0.012658
v 0.032824 0.037232 -0.013625
v 0.032824 0.037232 -0.004273
v 0.032679 0.036754 -0.004273
v 0.032679 0.036754 -0.012658
v 0.032679 0.036754 -0.004273
v 0.032630 0.036256 -0.004273
v 0.032630 0.036256 -0.012658
v 0.032679 0.035759 -0.004273
v 0.032679 0.035759 -0.012658
v 0.032824 0.035281 -0.004273
v 0.032679 0.035759 -0.013625
v 0.032824 0.035281 -0.012658
v 0.032824 0.035281 -0.013625
v 0.035676 0.038756 -0.012658
v 0.035676 0.038756 -0.004273
v 0.035179 0.038805 -0.004273
v 0.035179 0.038805 -0.012658
v 0.035676 0.038756 -0.013625
v 0.035179 0.038805 -0.012658
v 0.035179 0.038805 -0.013625
v 0.035179 0.033708 -0.012658
v 0.035179 0.033708 -0.004273
v 0.035676 0.033757 -0.004273
v 0.035676 0.033757 -0.012658
v 0.035676 0.033757 -0.004273
v 0.036154 0.033902 -0.004273
v 0.036154 0.033902 -0.012658
v 0.035676 0.033757 -0.013625
v 0.036154 0.033902 -0.012658
v 0.036154 0.033902 -0.013625
v 0.036594 0.034137 -0.012658
v 0.036594 0.034137 -0.013625
v 0.035179 0.033708 -0.013625
v 0.035676 0.033757 -0.012658
v 0.035179 0.033708 -0.012658
v 0.036154 0.033902 -0.012658
v 0.036594 0.034137 -0.004273
v 0.036594 0.034137 -0.012658
v 0.036594 0.034137 -0.012658
v 0.036981 0.034454 -0.004273
v 0.036981 0.034454 -0.012658
v 0.036594 0.034137 -0.012658
v 0.036981 0.034454 -0.013625
v 0.037298 0.034840 -0.004273
v 0.037298 0.034840 -0.012658
v 0.036981 0.034454 -0.013625
v 0.037533 0.035281 -0.004273
v 0.037298 0.034840 -0.013625
v 0.037533 0.035281 -0.012658
v 0.037678 0.035759 -0.004273
v 0.037678 0.035759 -0.012658
v 0.037533 0.035281 -0.013625
v 0.037678 0.035759 -0.013625
v 0.037727 0.036256 -0.012658
v 0.037727 0.036256 -0.013625
v 0.037533 0.035281 -0.012658
v 0.037678 0.035759 -0.012658
v 0.037678 0.035759 -0.013625
v 0.037678 0.035759 -0.004273
v 0.037727 0.036256 -0.004273
v 0.037727 0.036256 -0.012658
v 0.034203 0.033902 -0.012658
v 0.034203 0.033902 -0.004273
v 0.034681 0.033757 -0.004273
v 0.034681 0.033757 -0.012658
v 0.035179 0.033708 -0.004273
v 0.035179 0.033708 -0.012658
v 0.034681 0.033757 -0.013625
v 0.035179 0.033708 -0.012658
v 0.035179 0.033708 -0.013625
v 0.033763 0.038376 -0.012658
v 0.033763 0.038376 -0.004273
v 0.033376 0.038059 -0.004273
v 0.033376 0.038059 -0.012658
v 0.034203 0.038611 -0.013625
v 0.033763 0.038376 -0.013625
v 0.034203 0.038611 -0.012658
v 0.034681 0.038756 -0.013625
v 0.034681 0.038756 -0.012658
v 0.035179 0.038805 -0.013625
v 0.035179 0.038805 -0.012658
v 0.035796 0.039362 -0.012665
v 0.035676 0.038756 -0.013625
v 0.035796 0.039362 -0.013625
v 0.035676 0.038756 -0.012658
v 0.035796 0.039362 -0.004351
v 0.035676 0.038756 -0.004273
v 0.032824 0.035281 -0.012658
v 0.032253 0.035045 -0.013625
v 0.032824 0.035281 -0.013625
v 0.032253 0.035045 -0.012665
v 0.032824 0.035281 -0.004273
v 0.032253 0.035045 -0.004351
v 0.038284 0.035639 -0.013625
v 0.038345 0.036256 -0.014255
v 0.038284 0.035639 -0.014255
v 0.038345 0.036256 -0.013625
v 0.038284 0.036874 -0.014255
v 0.038284 0.036874 -0.013625
v 0.032824 0.035281 -0.013625
v 0.032253 0.035045 -0.013625
v 0.032073 0.035639 -0.013625
v 0.032679 0.035759 -0.013625
v 0.032012 0.036256 -0.013625
v 0.032630 0.036256 -0.013625
v 0.032073 0.036874 -0.013625
v 0.032679 0.036754 -0.013625
v 0.032253 0.037468 -0.013625
v 0.032824 0.037232 -0.013625
v 0.032546 0.038016 -0.013625
v 0.033059 0.037672 -0.013625
v 0.032940 0.038495 -0.013625
v 0.033376 0.038059 -0.013625
v 0.033419 0.038889 -0.013625
v 0.033763 0.038376 -0.013625
v 0.033967 0.039182 -0.013625
v 0.034203 0.038611 -0.013625
v 0.034561 0.039362 -0.013625
v 0.034681 0.038756 -0.013625
v 0.035179 0.039423 -0.013625
v 0.035179 0.038805 -0.013625
v 0.035179 0.038805 -0.013625
v 0.035796 0.039362 -0.013625
v 0.035676 0.038756 -0.013625
v 0.037727 0.036256 -0.012658
v 0.037727 0.036256 -0.004273
v 0.037678 0.036754 -0.004273
v 0.037678 0.036754 -0.012658
v 0.037727 0.036256 -0.013625
v 0.037678 0.036754 -0.012658
v 0.037678 0.036754 -0.013625
v 0.034561 0.033151 -0.013625
v 0.033967 0.033331 -0.013625
v 0.034203 0.033902 -0.013625
v 0.034681 0.033757 -0.013625
v 0.035179 0.033708 -0.013625
v 0.035179 0.033090 -0.013625
v 0.035179 0.033090 -0.013625
v 0.035676 0.033757 -0.013625
v 0.035796 0.033151 -0.013625
v 0.036154 0.033902 -0.013625
v 0.036390 0.033331 -0.013625
v 0.036594 0.034137 -0.013625
v 0.036938 0.033624 -0.013625
v 0.036981 0.034454 -0.013625
v 0.037418 0.034017 -0.013625
v 0.038284 0.036874 -0.013625
v 0.037727 0.036256 -0.013625
v 0.037678 0.036754 -0.013625
v 0.038345 0.036256 -0.013625
v 0.038284 0.035639 -0.013625
v 0.037678 0.035759 -0.013625
v 0.038104 0.035045 -0.013625
v 0.037678 0.035759 -0.013625
v 0.038284 0.035639 -0.013625
v 0.037533 0.035281 -0.013625
v 0.037811 0.034497 -0.013625
v 0.037298 0.034840 -0.013625
v 0.037418 0.034017 -0.013625
v 0.036981 0.034454 -0.013625
v 0.033967 0.033331 -0.012665
v 0.034203 0.033902 -0.012658
v 0.034203 0.033902 -0.013625
v 0.033967 0.033331 -0.013625
v 0.033967 0.033331 -0.004351
v 0.034203 0.033902 -0.012658
v 0.034203 0.033902 -0.004273
v 0.038284 0.036874 -0.012665
v 0.038284 0.036874 -0.013625
v 0.037678 0.036754 -0.013625
v 0.037678 0.036754 -0.012658
v 0.038284 0.036874 -0.004351
v 0.037678 0.036754 -0.012658
v 0.037678 0.036754 -0.004273
v 0.038284 0.036874 -0.004351
v 0.037678 0.036754 -0.004273
v 0.037727 0.036256 -0.004273
v 0.038345 0.036256 -0.004351
v 0.036938 0.033624 -0.004351
v 0.036594 0.034137 -0.004273
v 0.036154 0.033902 -0.004273
v 0.036390 0.033331 -0.004351
v 0.035676 0.033757 -0.004273
v 0.035796 0.033151 -0.004351
v 0.035179 0.033708 -0.004273
v 0.035179 0.033090 -0.004351
v 0.034681 0.033757 -0.004273
v 0.034561 0.033151 -0.004351
v 0.034203 0.033902 -0.004273
v 0.033967 0.033331 -0.004351
v 0.033419 0.033624 -0.004351
v 0.032940 0.034017 -0.004351
v 0.032040 0.033118 -0.004351
v 0.032520 0.032724 -0.004351
v 0.033967 0.033331 -0.004351
v 0.033419 0.033624 -0.004351
v 0.032520 0.032724 -0.004351
v 0.033067 0.032431 -0.004351
v 0.033067 0.032431 -0.004351
v 0.033580 0.032944 -0.012665
v 0.033032 0.033237 -0.012665
v 0.032520 0.032724 -0.004351
v 0.032552 0.033630 -0.012665
v 0.032040 0.033118 -0.004351
v 0.032159 0.034110 -0.012665
v 0.031646 0.033598 -0.004351
v 0.031866 0.034658 -0.012665
v 0.031354 0.034145 -0.004351
v 0.032940 0.034017 -0.004351
v 0.031646 0.033598 -0.004351
v 0.032040 0.033118 -0.004351
v 0.032546 0.034497 -0.004351
v 0.031354 0.034145 -0.004351
v 0.032253 0.035045 -0.004351
v 0.032253 0.035045 -0.001862
v 0.031052 0.033843 -0.001862
v 0.031052 0.033843 -0.004351
v 0.031354 0.034145 -0.004351
v 0.034203 0.033902 -0.013625
v 0.034203 0.033902 -0.012658
v 0.034681 0.033757 -0.012658
v 0.034681 0.033757 -0.013625
v -0.035179 0.033090 -0.004351
v -0.035796 0.033151 -0.001862
v -0.035179 0.033090 -0.001862
v -0.035796 0.033151 -0.004351
v -0.036390 0.033331 -0.001862
v -0.036390 0.033331 -0.004351
v -0.036938 0.033624 -0.001862
v -0.036938 0.033624 -0.004351
v -0.037418 0.034017 -0.001862
v -0.037418 0.034017 -0.004351
v -0.037811 0.034497 -0.001862
v -0.037811 0.034497 -0.004351
v -0.037811 0.034497 -0.004351
v -0.062858 0.024122 -0.004351
v -0.062858 0.024122 -0.001862
v -0.037811 0.034497 -0.001862
v -0.038284 0.035639 -0.004351
v -0.038345 0.036256 -0.001862
v -0.038284 0.035639 -0.001862
v -0.038345 0.036256 -0.004351
v -0.038284 0.036874 -0.001862
v -0.038284 0.036874 -0.004351
v -0.038104 0.037468 -0.001862
v -0.038104 0.037468 -0.004351
v -0.038284 0.036874 -0.012665
v -0.037811 0.038016 -0.001862
v -0.038104 0.037468 -0.012665
v -0.038284 0.036874 -0.013625
v -0.037811 0.038016 -0.004351
v -0.037418 0.038495 -0.001862
v -0.037418 0.038495 -0.004351
v -0.036938 0.038889 -0.001862
v -0.037811 0.038016 -0.012665
v -0.038104 0.037468 -0.013625
v -0.036938 0.038889 -0.004351
v -0.036390 0.039182 -0.001862
v -0.038104 0.037468 -0.014255
v -0.038284 0.036874 -0.014255
v -0.037811 0.038016 -0.014255
v -0.037811 0.038016 -0.013625
v -0.037418 0.038495 -0.014255
v -0.037418 0.038495 -0.012665
v -0.037418 0.038495 -0.013625
v -0.036938 0.038889 -0.014255
v -0.036390 0.039182 -0.004351
v -0.035796 0.039362 -0.001862
v -0.036938 0.038889 -0.012665
v -0.036938 0.038889 -0.013625
v -0.036390 0.039182 -0.014255
v -0.035796 0.039362 -0.004351
v -0.035179 0.039423 -0.001862
v -0.036390 0.039182 -0.012665
v -0.035179 0.039423 -0.004351
v -0.034561 0.039362 -0.001862
v -0.034561 0.039362 -0.004351
v -0.035796 0.039362 -0.012665
v -0.036390 0.039182 -0.013625
v -0.035796 0.039362 -0.014255
v -0.035796 0.039362 -0.013625
v -0.034561 0.039362 -0.001862
v -0.024784 0.062965 -0.001862
v -0.024190 0.062785 -0.001862
v -0.033967 0.039182 -0.001862
v -0.023643 0.062492 -0.001862
v -0.033419 0.038889 -0.001862
v -0.033967 0.033331 -0.001862
v -0.034561 0.033151 -0.001862
v -0.035179 0.039423 -0.001862
v -0.035179 0.033090 -0.001862
v -0.035796 0.039362 -0.001862
v -0.035796 0.033151 -0.001862
v -0.036390 0.039182 -0.001862
v -0.036390 0.033331 -0.001862
v -0.036938 0.038889 -0.001862
v -0.036938 0.033624 -0.001862
v -0.037418 0.038495 -0.001862
v -0.037418 0.034017 -0.001862
v -0.037811 0.038016 -0.001862
v -0.037811 0.034497 -0.001862
v -0.038104 0.037468 -0.001862
v -0.038104 0.035045 -0.001862
v -0.038284 0.036874 -0.001862
v -0.063151 0.024670 -0.001862
v -0.062858 0.024122 -0.001862
v -0.063331 0.025264 -0.001862
v -0.038284 0.035639 -0.001862
v -0.038345 0.036256 -0.001862
v -0.033419 0.038889 -0.004351
v -0.023643 0.062492 -0.004351
v -0.024190 0.062785 -0.004351
v -0.033967 0.039182 -0.004351
v -0.024784 0.062965 -0.004351
v -0.034561 0.039362 -0.004351
v -0.034203 0.038611 -0.004273
v -0.033763 0.038376 -0.004273
v -0.034681 0.038756 -0.004273
v -0.032940 0.038495 -0.004351
v -0.035179 0.038805 -0.004273
v -0.033376 0.038059 -0.004273
v -0.035179 0.039423 -0.004351
v -0.035676 0.038756 -0.004273
v -0.035796 0.039362 -0.004351
v -0.032546 0.038016 -0.004351
v -0.033059 0.037672 -0.004273
v -0.032253 0.037468 -0.004351
v -0.032824 0.037232 -0.004273
v -0.032073 0.036874 -0.004351
v -0.032679 0.036754 -0.004273
v -0.032012 0.036256 -0.004351
v -0.032630 0.036256 -0.004273
v -0.032073 0.035639 -0.004351
v -0.032679 0.035759 -0.004273
v -0.032253 0.035045 -0.004351
v -0.032824 0.035281 -0.004273
v -0.033419 0.038889 -0.004351
v -0.032940 0.038495 -0.001862
v -0.033419 0.038889 -0.001862
v -0.032940 0.038495 -0.004351
v -0.032546 0.038016 -0.001862
v -0.032546 0.038016 -0.004351
v -0.032253 0.037468 -0.001862
v -0.032253 0.037468 -0.004351
v -0.032073 0.036874 -0.001862
v -0.032073 0.036874 -0.004351
v -0.032012 0.036256 -0.001862
v -0.032012 0.036256 -0.004351
v -0.032073 0.035639 -0.001862
v -0.032073 0.035639 -0.004351
v -0.032253 0.035045 -0.001862
v -0.032253 0.035045 -0.004351
v -0.031646 0.033598 -0.004351
v -0.031052 0.033843 -0.004351
v -0.031354 0.034145 -0.004351
v -0.031344 0.033296 -0.004351
v -0.032040 0.033118 -0.004351
v -0.031738 0.032816 -0.004351
v -0.013801 0.015752 -0.004351
v -0.014195 0.015273 -0.004351
v -0.032218 0.032422 -0.004351
v -0.014675 0.014879 -0.004351
v -0.033067 0.032431 -0.004351
v -0.032765 0.032130 -0.004351
v -0.032520 0.032724 -0.004351
v -0.032520 0.032724 -0.004351
v -0.031738 0.032816 -0.004351
v -0.032040 0.033118 -0.004351
v -0.032253 0.035045 -0.001862
v -0.031052 0.033843 -0.001862
v -0.031079 0.033792 -0.001862
v -0.031344 0.033296 -0.001862
v -0.032546 0.034497 -0.001862
v -0.032546 0.038016 -0.001862
v -0.032253 0.037468 -0.001862
v -0.032940 0.038495 -0.001862
v -0.032073 0.035639 -0.001862
v -0.032073 0.036874 -0.001862
v -0.032012 0.036256 -0.001862
v -0.032940 0.034017 -0.001862
v -0.033419 0.033624 -0.001862
v -0.032765 0.032130 -0.001862
v -0.032218 0.032422 -0.001862
v -0.031738 0.032816 -0.001862
v -0.014675 0.014879 -0.001862
v -0.014195 0.015273 -0.001862
v -0.033967 0.033331 -0.004351
v -0.034561 0.033151 -0.001862
v -0.033967 0.033331 -0.001862
v -0.034561 0.033151 -0.004351
v -0.035179 0.033090 -0.001862
v -0.035179 0.033090 -0.004351
v -0.032159 0.034110 -0.012665
v -0.031866 0.034658 -0.012665
v -0.032253 0.035045 -0.012665
v -0.032546 0.034497 -0.012665
v -0.032552 0.033630 -0.012665
v -0.032940 0.034017 -0.012665
v -0.033032 0.033237 -0.012665
v -0.033419 0.033624 -0.012665
v -0.033580 0.032944 -0.012665
v -0.033967 0.033331 -0.012665
v -0.062858 0.024122 -0.004351
v -0.063151 0.024670 -0.001862
v -0.062858 0.024122 -0.001862
v -0.063151 0.024670 -0.004351
v -0.063331 0.025264 -0.001862
v -0.063331 0.025264 -0.004351
v -0.038284 0.035639 -0.004351
v -0.063331 0.025264 -0.004351
v -0.063151 0.024670 -0.004351
v -0.038104 0.035045 -0.004351
v -0.062858 0.024122 -0.004351
v -0.037811 0.034497 -0.004351
v -0.037533 0.035281 -0.004273
v -0.037678 0.035759 -0.004273
v -0.038345 0.036256 -0.004351
v -0.037727 0.036256 -0.004273
v -0.037298 0.034840 -0.004273
v -0.036981 0.034454 -0.004273
v -0.037418 0.034017 -0.004351
v -0.036594 0.034137 -0.004273
v -0.036938 0.033624 -0.004351
v -0.038284 0.035639 -0.001862
v -0.063331 0.025264 -0.001862
v -0.063331 0.025264 -0.004351
v -0.038284 0.035639 -0.004351
v -0.024784 0.062965 -0.004351
v -0.024190 0.062785 -0.001862
v -0.024784 0.062965 -0.001862
v -0.024190 0.062785 -0.004351
v -0.023643 0.062492 -0.001862
v -0.023643 0.062492 -0.004351
v -0.033419 0.038889 -0.001862
v -0.023643 0.062492 -0.001862
v -0.023643 0.062492 -0.004351
v -0.033419 0.038889 -0.004351
v -0.034561 0.039362 -0.004351
v -0.024784 0.062965 -0.004351
v -0.024784 0.062965 -0.001862
v -0.034561 0.039362 -0.001862
v -0.031344 0.033296 -0.004351
v -0.013801 0.015752 -0.004351
v -0.013801 0.015752 -0.002425
v -0.031344 0.033296 -0.002425
v -0.031052 0.033843 -0.004351
v -0.031344 0.033296 -0.004351
v -0.031344 0.033296 -0.002425
v -0.031079 0.033792 -0.001862
v -0.031052 0.033843 -0.001862
v -0.033967 0.033331 -0.001862
v -0.032765 0.032130 -0.001862
v -0.032765 0.032130 -0.004351
v -0.033067 0.032431 -0.004351
v -0.033967 0.033331 -0.004351
v -0.033580 0.032944 -0.012665
v -0.033967 0.033331 -0.012665
v -0.032218 0.032422 -0.004351
v -0.032765 0.032130 -0.004351
v -0.032765 0.032130 -0.001862
v -0.032218 0.032422 -0.001862
v -0.032546 0.034497 -0.001862
v -0.031738 0.032816 -0.001862
v -0.032940 0.034017 -0.001862
v -0.013801 0.015752 -0.004351
v -0.014195 0.015273 -0.001862
v -0.013801 0.015752 -0.002425
v -0.014195 0.015273 -0.004351
v -0.014675 0.014879 -0.001862
v -0.014675 0.014879 -0.004351
v -0.032218 0.032422 -0.001862
v -0.014675 0.014879 -0.001862
v -0.014675 0.014879 -0.004351
v -0.032218 0.032422 -0.004351
v -0.031738 0.032816 -0.001862
v -0.031344 0.033296 -0.001862
v -0.031079 0.033792 -0.001862
v -0.031344 0.033296 -0.002425
v -0.031738 0.032816 -0.001862
v -0.031344 0.033296 -0.002425
v -0.013801 0.015752 -0.002425
v -0.014195 0.015273 -0.001862
v -0.037678 0.036754 -0.013625
v -0.037727 0.036256 -0.014255
v -0.037678 0.036754 -0.014255
v -0.037727 0.036256 -0.013625
v -0.037678 0.035759 -0.014255
v -0.037678 0.035759 -0.013625
v -0.037533 0.035281 -0.014255
v -0.037533 0.035281 -0.013625
v -0.037298 0.034840 -0.014255
v -0.037298 0.034840 -0.013625
v -0.037678 0.035759 -0.013625
v -0.037678 0.035759 -0.012658
v -0.037533 0.035281 -0.012658
v -0.037727 0.036256 -0.012658
v -0.037727 0.036256 -0.004273
v -0.037678 0.035759 -0.004273
v -0.037298 0.034840 -0.013625
v -0.037533 0.035281 -0.012658
v -0.037298 0.034840 -0.012658
v -0.036981 0.034454 -0.013625
v -0.036981 0.034454 -0.012658
v -0.037533 0.035281 -0.004273
v -0.037678 0.035759 -0.004273
v -0.037678 0.035759 -0.012658
v -0.037298 0.034840 -0.004273
v -0.036981 0.034454 -0.004273
v -0.036594 0.034137 -0.012658
v -0.036594 0.034137 -0.004273
v -0.037678 0.035759 -0.013625
v -0.037727 0.036256 -0.012658
v -0.037727 0.036256 -0.013625
v -0.036154 0.033902 -0.012658
v -0.036594 0.034137 -0.012658
v -0.036154 0.033902 -0.004273
v -0.036594 0.034137 -0.013625
v -0.036981 0.034454 -0.013625
v -0.036594 0.034137 -0.012658
v -0.036154 0.033902 -0.013625
v -0.036594 0.034137 -0.012658
v -0.036154 0.033902 -0.012658
v -0.035676 0.033757 -0.012658
v -0.035676 0.033757 -0.004273
v -0.035676 0.033757 -0.013625
v -0.036154 0.033902 -0.012658
v -0.035179 0.033708 -0.013625
v -0.035676 0.033757 -0.012658
v -0.035179 0.033708 -0.012658
v -0.035179 0.033708 -0.012658
v -0.035676 0.033757 -0.004273
v -0.035179 0.033708 -0.004273
v -0.032073 0.035639 -0.013625
v -0.032253 0.035045 -0.014255
v -0.032253 0.035045 -0.013625
v -0.032073 0.035639 -0.014255
v -0.032012 0.036256 -0.013625
v -0.032012 0.036256 -0.014255
v -0.032073 0.036874 -0.013625
v -0.032073 0.036874 -0.014255
v -0.032253 0.037468 -0.013625
v -0.032253 0.037468 -0.014255
v -0.032546 0.038016 -0.013625
v -0.032546 0.038016 -0.014255
v -0.032940 0.038495 -0.013625
v -0.032940 0.038495 -0.014255
v -0.033419 0.038889 -0.013625
v -0.033419 0.038889 -0.014255
v -0.033967 0.039182 -0.013625
v -0.033967 0.039182 -0.014255
v -0.034561 0.039362 -0.013625
v -0.034561 0.039362 -0.014255
v -0.035179 0.039423 -0.013625
v -0.035179 0.039423 -0.014255
v -0.035796 0.039362 -0.013625
v -0.035796 0.039362 -0.014255
v -0.038104 0.035045 -0.013625
v -0.038284 0.035639 -0.014255
v -0.038284 0.035639 -0.013625
v -0.038104 0.035045 -0.014255
v -0.037811 0.034497 -0.013625
v -0.037811 0.034497 -0.014255
v -0.037418 0.034017 -0.013625
v -0.037418 0.034017 -0.014255
v -0.036938 0.033624 -0.013625
v -0.036938 0.033624 -0.014255
v -0.036390 0.033331 -0.013625
v -0.036390 0.033331 -0.014255
v -0.035796 0.033151 -0.013625
v -0.035796 0.033151 -0.014255
v -0.035179 0.033090 -0.013625
v -0.035179 0.033090 -0.014255
v -0.032253 0.035045 -0.013625
v -0.032253 0.035045 -0.014255
v -0.032546 0.034497 -0.014255
v -0.032546 0.034497 -0.013625
v -0.032940 0.034017 -0.014255
v -0.032546 0.034497 -0.012665
v -0.032253 0.035045 -0.012665
v -0.032940 0.034017 -0.012665
v -0.032940 0.034017 -0.013625
v -0.033419 0.033624 -0.014255
v -0.033419 0.033624 -0.012665
v -0.033419 0.033624 -0.013625
v -0.033967 0.033331 -0.012665
v -0.033967 0.033331 -0.014255
v -0.033967 0.033331 -0.013625
v -0.034561 0.033151 -0.014255
v -0.034561 0.033151 -0.013625
v -0.035179 0.033090 -0.014255
v -0.035179 0.033090 -0.013625
v -0.033059 0.037672 -0.012658
v -0.032824 0.037232 -0.004273
v -0.033059 0.037672 -0.004273
v -0.032824 0.037232 -0.012658
v -0.032824 0.037232 -0.013625
v -0.032679 0.036754 -0.012658
v -0.032679 0.036754 -0.013625
v -0.032679 0.036754 -0.013625
v -0.032630 0.036256 -0.012658
v -0.032630 0.036256 -0.013625
v -0.033376 0.038059 -0.012658
v -0.033059 0.037672 -0.004273
v -0.033376 0.038059 -0.004273
v -0.033376 0.038059 -0.013625
v -0.033059 0.037672 -0.013625
v -0.033376 0.038059 -0.012658
v -0.033763 0.038376 -0.013625
v -0.033376 0.038059 -0.013625
v -0.033763 0.038376 -0.012658
v -0.034203 0.038611 -0.012658
v -0.033763 0.038376 -0.004273
v -0.034203 0.038611 -0.004273
v -0.034681 0.038756 -0.012658
v -0.034681 0.038756 -0.004273
v -0.035179 0.038805 -0.012658
v -0.035179 0.038805 -0.004273
v -0.032824 0.037232 -0.013625
v -0.032824 0.037232 -0.012658
v -0.033059 0.037672 -0.012658
v -0.032679 0.036754 -0.004273
v -0.032824 0.037232 -0.004273
v -0.032679 0.036754 -0.012658
v -0.032630 0.036256 -0.004273
v -0.032679 0.036754 -0.004273
v -0.032630 0.036256 -0.012658
v -0.032679 0.035759 -0.004273
v -0.032679 0.035759 -0.012658
v -0.032824 0.035281 -0.004273
v -0.032679 0.035759 -0.013625
v -0.032824 0.035281 -0.012658
v -0.032824 0.035281 -0.013625
v -0.035676 0.038756 -0.012658
v -0.035179 0.038805 -0.012658
v -0.035179 0.038805 -0.004273
v -0.035676 0.038756 -0.004273
v -0.035676 0.038756 -0.013625
v -0.035179 0.038805 -0.012658
v -0.035179 0.038805 -0.013625
v -0.034203 0.033902 -0.012658
v -0.034681 0.033757 -0.004273
v -0.034203 0.033902 -0.004273
v -0.034681 0.033757 -0.012658
v -0.035179 0.033708 -0.004273
v -0.035179 0.033708 -0.012658
v -0.034681 0.033757 -0.013625
v -0.035179 0.033708 -0.012658
v -0.035179 0.033708 -0.013625
v -0.033763 0.038376 -0.012658
v -0.033376 0.038059 -0.012658
v -0.033376 0.038059 -0.004273
v -0.033763 0.038376 -0.004273
v -0.034203 0.038611 -0.013625
v -0.033763 0.038376 -0.013625
v -0.034203 0.038611 -0.012658
v -0.034681 0.038756 -0.013625
v -0.034681 0.038756 -0.012658
v -0.035179 0.038805 -0.013625
v -0.035179 0.038805 -0.012658
v -0.035796 0.039362 -0.012665
v -0.035796 0.039362 -0.013625
v -0.035676 0.038756 -0.013625
v -0.035676 0.038756 -0.012658
v -0.035796 0.039362 -0.004351
v -0.035676 0.038756 -0.004273
v -0.032824 0.035281 -0.012658
v -0.032824 0.035281 -0.013625
v -0.032253 0.035045 -0.013625
v -0.032253 0.035045 -0.012665
v -0.032824 0.035281 -0.004273
v -0.032253 0.035045 -0.004351
v -0.037298 0.034840 -0.013625
v -0.037298 0.034840 -0.014255
v -0.036981 0.034454 -0.014255
v -0.036981 0.034454 -0.013625
v -0.036594 0.034137 -0.014255
v -0.036594 0.034137 -0.013625
v -0.036154 0.033902 -0.014255
v -0.036154 0.033902 -0.013625
v -0.035676 0.033757 -0.014255
v -0.035676 0.033757 -0.013625
v -0.035179 0.033708 -0.014255
v -0.035179 0.033708 -0.013625
v -0.034681 0.033757 -0.014255
v -0.034681 0.033757 -0.013625
v -0.034203 0.033902 -0.014255
v -0.034203 0.033902 -0.013625
v -0.033763 0.034137 -0.014255
v -0.033763 0.034137 -0.013625
v -0.033376 0.034454 -0.014255
v -0.033376 0.034454 -0.013625
v -0.033059 0.034840 -0.014255
v -0.033059 0.034840 -0.013625
v -0.032824 0.035281 -0.014255
v -0.032824 0.035281 -0.013625
v -0.032679 0.035759 -0.014255
v -0.032679 0.035759 -0.013625
v -0.032630 0.036256 -0.014255
v -0.032630 0.036256 -0.013625
v -0.032679 0.036754 -0.014255
v -0.032679 0.036754 -0.013625
v -0.032824 0.037232 -0.014255
v -0.032824 0.037232 -0.013625
v -0.033059 0.037672 -0.014255
v -0.033059 0.037672 -0.013625
v -0.033376 0.038059 -0.014255
v -0.033376 0.038059 -0.013625
v -0.033763 0.038376 -0.014255
v -0.033763 0.038376 -0.013625
v -0.034203 0.038611 -0.014255
v -0.034203 0.038611 -0.013625
v -0.034681 0.038756 -0.014255
v -0.034681 0.038756 -0.013625
v -0.035179 0.038805 -0.014255
v -0.035179 0.038805 -0.013625
v -0.035676 0.038756 -0.014255
v -0.035676 0.038756 -0.013625
v -0.036154 0.038611 -0.014255
v -0.036154 0.038611 -0.013625
v -0.036594 0.038376 -0.014255
v -0.036594 0.038376 -0.013625
v -0.036981 0.038059 -0.014255
v -0.036981 0.038059 -0.013625
v -0.037298 0.037672 -0.014255
v -0.037298 0.037672 -0.013625
v -0.037533 0.037232 -0.014255
v -0.037533 0.037232 -0.013625
v -0.037678 0.036754 -0.014255
v -0.037678 0.036754 -0.013625
v -0.038284 0.035639 -0.013625
v -0.038284 0.035639 -0.014255
v -0.038345 0.036256 -0.014255
v -0.038345 0.036256 -0.013625
v -0.038284 0.036874 -0.014255
v -0.038284 0.036874 -0.013625
v -0.032824 0.035281 -0.013625
v -0.032073 0.035639 -0.013625
v -0.032253 0.035045 -0.013625
v -0.032679 0.035759 -0.013625
v -0.032012 0.036256 -0.013625
v -0.032630 0.036256 -0.013625
v -0.032073 0.036874 -0.013625
v -0.032679 0.036754 -0.013625
v -0.032253 0.037468 -0.013625
v -0.032824 0.037232 -0.013625
v -0.032546 0.038016 -0.013625
v -0.033059 0.037672 -0.013625
v -0.032940 0.038495 -0.013625
v -0.033376 0.038059 -0.013625
v -0.033419 0.038889 -0.013625
v -0.033763 0.038376 -0.013625
v -0.033967 0.039182 -0.013625
v -0.034203 0.038611 -0.013625
v -0.034561 0.039362 -0.013625
v -0.034681 0.038756 -0.013625
v -0.035179 0.039423 -0.013625
v -0.035179 0.038805 -0.013625
v -0.035179 0.038805 -0.013625
v -0.035796 0.039362 -0.013625
v -0.035676 0.038756 -0.013625
v -0.037727 0.036256 -0.012658
v -0.037678 0.036754 -0.012658
v -0.037678 0.036754 -0.004273
v -0.037727 0.036256 -0.004273
v -0.037727 0.036256 -0.013625
v -0.037678 0.036754 -0.012658
v -0.037678 0.036754 -0.013625
v -0.034561 0.033151 -0.013625
v -0.034203 0.033902 -0.013625
v -0.033967 0.033331 -0.013625
v -0.034681 0.033757 -0.013625
v -0.035179 0.033708 -0.013625
v -0.035179 0.033090 -0.013625
v -0.035179 0.033090 -0.013625
v -0.035676 0.033757 -0.013625
v -0.035796 0.033151 -0.013625
v -0.036154 0.033902 -0.013625
v -0.036390 0.033331 -0.013625
v -0.036594 0.034137 -0.013625
v -0.036938 0.033624 -0.013625
v -0.036981 0.034454 -0.013625
v -0.037418 0.034017 -0.013625
v -0.038284 0.036874 -0.013625
v -0.037678 0.036754 -0.013625
v -0.037727 0.036256 -0.013625
v -0.038345 0.036256 -0.013625
v -0.038284 0.035639 -0.013625
v -0.037678 0.035759 -0.013625
v -0.038104 0.035045 -0.013625
v -0.038284 0.035639 -0.013625
v -0.037678 0.035759 -0.013625
v -0.037533 0.035281 -0.013625
v -0.037811 0.034497 -0.013625
v -0.037298 0.034840 -0.013625
v -0.037418 0.034017 -0.013625
v -0.036981 0.034454 -0.013625
v -0.033967 0.033331 -0.012665
v -0.033967 0.033331 -0.013625
v -0.034203 0.033902 -0.013625
v -0.034203 0.033902 -0.012658
v -0.033967 0.033331 -0.004351
v -0.034203 0.033902 -0.012658
v -0.034203 0.033902 -0.004273
v -0.038284 0.036874 -0.012665
v -0.037678 0.036754 -0.012658
v -0.037678 0.036754 -0.013625
v -0.038284 0.036874 -0.013625
v -0.038284 0.036874 -0.004351
v -0.037678 0.036754 -0.012658
v -0.037678 0.036754 -0.004273
v -0.038284 0.036874 -0.004351
v -0.038345 0.036256 -0.004351
v -0.037727 0.036256 -0.004273
v -0.037678 0.036754 -0.004273
v -0.036938 0.033624 -0.004351
v -0.036154 0.033902 -0.004273
v -0.036594 0.034137 -0.004273
v -0.036390 0.033331 -0.004351
v -0.035676 0.033757 -0.004273
v -0.035796 0.033151 -0.004351
v -0.035179 0.033708 -0.004273
v -0.035179 0.033090 -0.004351
v -0.034681 0.033757 -0.004273
v -0.034561 0.033151 -0.004351
v -0.034203 0.033902 -0.004273
v -0.033967 0.033331 -0.004351
v -0.033419 0.033624 -0.004351
v -0.032520 0.032724 -0.004351
v -0.032040 0.033118 -0.004351
v -0.032940 0.034017 -0.004351
v -0.033967 0.033331 -0.004351
v -0.033067 0.032431 -0.004351
v -0.032520 0.032724 -0.004351
v -0.033419 0.033624 -0.004351
v -0.033067 0.032431 -0.004351
v -0.033032 0.033237 -0.012665
v -0.033580 0.032944 -0.012665
v -0.032520 0.032724 -0.004351
v -0.032552 0.033630 -0.012665
v -0.032040 0.033118 -0.004351
v -0.032159 0.034110 -0.012665
v -0.031646 0.033598 -0.004351
v -0.031866 0.034658 -0.012665
v -0.031354 0.034145 -0.004351
v -0.032940 0.034017 -0.004351
v -0.032040 0.033118 -0.004351
v -0.031646 0.033598 -0.004351
v -0.032546 0.034497 -0.004351
v -0.031354 0.034145 -0.004351
v -0.032253 0.035045 -0.004351
v -0.031354 0.034145 -0.004351
v -0.031052 0.033843 -0.004351
v -0.031052 0.033843 -0.001862
v -0.032253 0.035045 -0.001862
v -0.034203 0.033902 -0.013625
v -0.034681 0.033757 -0.013625
v -0.034681 0.033757 -0.012658
v -0.034203 0.033902 -0.012658
v 0.031212 0.008462 -0.009425
v 0.031212 0.008462 -0.008286
v 0.028986 0.008713 -0.008286
v 0.028986 0.008713 -0.009425
v 0.026894 0.009127 -0.008286
v 0.028952 0.008489 -0.010563
v 0.031212 0.008234 -0.010563
v 0.026894 0.009127 -0.009425
v 0.024922 0.009687 -0.008286
v 0.026841 0.008907 -0.010563
v 0.028853 0.007851 -0.011529
v 0.031212 0.007585 -0.011529
v 0.024922 0.009687 -0.009425
v 0.023054 0.010375 -0.008286
v 0.024852 0.009471 -0.010563
v 0.026691 0.008279 -0.011529
v 0.028705 0.006897 -0.012173
v 0.031212 0.006614 -0.012173
v 0.023054 0.010375 -0.009425
v 0.021276 0.011175 -0.008286
v 0.022968 0.010165 -0.010563
v 0.024652 0.008857 -0.011529
v 0.026465 0.007340 -0.012173
v 0.028530 0.005771 -0.012400
v 0.031212 0.005468 -0.012400
v 0.021276 0.011175 -0.009425
v 0.019573 0.012070 -0.008286
v 0.026199 0.006232 -0.012400
v -0.024517 0.000000 -0.012400
v 0.031212 0.000000 -0.012400
v 0.024353 0.007939 -0.012173
v 0.024000 0.006856 -0.012400
v 0.028530 -0.005771 -0.012400
v 0.031212 -0.005468 -0.012400
v 0.031212 -0.006614 -0.012173
v 0.021928 0.007620 -0.012400
v 0.026199 -0.006232 -0.012400
v 0.019972 0.008500 -0.012400
v 0.028705 -0.006897 -0.012173
v 0.031212 -0.007585 -0.011529
v 0.022358 0.008674 -0.012173
v 0.028853 -0.007851 -0.011529
v 0.031212 -0.008234 -0.010563
v 0.026465 -0.007340 -0.012173
v 0.022724 0.009568 -0.011529
v 0.020471 0.009524 -0.012173
v 0.028952 -0.008489 -0.010563
v 0.031212 -0.008462 -0.009425
v 0.020894 0.010392 -0.011529
v 0.018121 0.009473 -0.012400
v 0.018677 0.010467 -0.012173
v 0.021176 0.010971 -0.010563
v 0.019148 0.011310 -0.011529
v 0.016363 0.010515 -0.012400
v 0.019462 0.011873 -0.010563
v 0.016963 0.011483 -0.012173
v 0.014682 0.011605 -0.012400
v 0.017472 0.012303 -0.011529
v 0.019573 0.012070 -0.009425
v 0.017931 0.013044 -0.008286
v 0.015315 0.012551 -0.012173
v 0.017812 0.012851 -0.010563
v 0.017931 0.013044 -0.009425
v 0.016336 0.014078 -0.008286
v 0.015851 0.013354 -0.011529
v 0.013062 0.012722 -0.012400
v 0.016336 0.014078 -0.009425
v 0.015088 0.014938 -0.008286
v 0.016210 0.013890 -0.010563
v 0.013717 0.013654 -0.012173
v 0.011489 0.013847 -0.012400
v 0.014271 0.014443 -0.011529
v 0.014642 0.014971 -0.010563
v 0.014772 0.015157 -0.009425
v 0.014772 0.015157 0.002654
v 0.015088 0.014938 -0.001605
v 0.016336 0.014078 -0.001605
v 0.009946 0.014962 -0.012400
v 0.008616 0.018827 -0.012400
v 0.007049 0.019112 -0.012400
v 0.005433 0.019339 -0.012400
v 0.003780 0.019499 -0.012400
v 0.002098 0.019587 -0.012400
v 0.000398 0.019596 -0.012400
v -0.001309 0.019518 -0.012400
v 0.012153 0.014771 -0.012173
v 0.010610 0.015887 -0.012173
v 0.009193 0.018697 -0.012173
v 0.012717 0.015555 -0.011529
v 0.011173 0.016671 -0.011529
v 0.009683 0.018587 -0.011529
v 0.013093 0.016078 -0.010563
v 0.011549 0.017195 -0.010563
v 0.010010 0.018514 -0.010563
v 0.013225 0.016262 -0.009425
v 0.011681 0.017379 -0.009425
v 0.013225 0.016262 0.002654
v 0.010124 0.018488 -0.009425
v 0.008616 0.018827 0.002654
v 0.009683 0.018587 -0.011529
v 0.009193 0.018697 -0.012173
v 0.008616 0.018827 -0.012400
v 0.007049 0.019112 -0.012400
v 0.011681 0.017379 0.002654
v 0.007049 0.019112 0.002654
v 0.005433 0.019339 -0.012400
v 0.010124 0.018488 0.002654
v 0.005433 0.019339 0.002654
v 0.003780 0.019499 -0.012400
v 0.003780 0.019499 0.002654
v 0.002098 0.019587 -0.012400
v 0.002098 0.019587 0.002654
v 0.000398 0.019596 -0.012400
v 0.000398 0.019596 0.002654
v -0.001309 0.019518 -0.012400
v -0.001309 0.019518 0.002654
v -0.003015 0.019349 -0.012400
v -0.003015 0.019349 0.002654
v -0.004708 0.019080 -0.012400
v -0.004708 0.019080 0.002654
v -0.006378 0.018705 -0.012400
v -0.006378 0.018705 0.002654
v -0.008017 0.018218 -0.012400
v -0.008017 0.018218 0.002654
v -0.008627 0.017987 -0.012173
v -0.009145 0.017790 -0.011529
v -0.009491 0.017659 -0.010563
v -0.009612 0.017612 -0.009425
v -0.009612 0.017612 0.002654
v -0.007947 0.018097 0.003537
v -0.009470 0.017519 0.003537
v -0.006324 0.018580 0.003537
v -0.004667 0.018951 0.003537
v -0.002987 0.019218 0.003537
v -0.007877 0.017806 0.004279
v -0.009327 0.017255 0.004279
v -0.006269 0.018284 0.004279
v -0.004626 0.018652 0.004279
v -0.001294 0.019386 0.003537
v -0.002959 0.018917 0.004279
v 0.000403 0.019463 0.003537
v -0.001278 0.019084 0.004279
v 0.002092 0.019455 0.003537
v 0.000407 0.019160 0.004279
v 0.003763 0.019367 0.003537
v 0.002085 0.019152 0.004279
v 0.005407 0.019208 0.003537
v 0.003747 0.019065 0.004279
v 0.007014 0.018983 0.003537
v 0.005382 0.018906 0.004279
v 0.008572 0.018699 0.003537
v 0.006979 0.018682 0.004279
v 0.010034 0.018371 0.003537
v 0.008529 0.018400 0.004279
v 0.011554 0.017287 0.003537
v 0.009943 0.018083 0.004279
v 0.013098 0.016171 0.003537
v 0.011345 0.017083 0.004279
v 0.014647 0.015064 0.003537
v 0.012912 0.015952 0.004279
v 0.014522 0.014800 0.004279
v 0.008411 0.017965 0.004994
v 0.009696 0.017676 0.004994
v 0.011044 0.016715 0.004994
v 0.012553 0.015625 0.004994
v 0.014180 0.014461 0.004994
v 0.006885 0.018243 0.004994
v 0.005312 0.018463 0.004994
v 0.003703 0.018619 0.004994
v 0.002068 0.018705 0.004994
v 0.000419 0.018713 0.004994
v -0.001235 0.018638 0.004994
v -0.002883 0.018474 0.004994
v -0.004514 0.018215 0.004994
v -0.006119 0.017855 0.004994
v -0.007687 0.017389 0.004994
v 0.003659 0.017879 0.005468
v 0.002051 0.017963 0.005468
v 0.000431 0.017971 0.005468
v -0.001192 0.017897 0.005468
v -0.002807 0.017737 0.005468
v -0.004402 0.017483 0.005468
v -0.005969 0.017132 0.005468
v 0.005242 0.017725 0.005468
v 0.006790 0.017508 0.005468
v 0.008292 0.017234 0.005468
v 0.009449 0.016975 0.005468
v 0.010613 0.016145 0.005468
v 0.012167 0.015022 0.005468
v 0.013765 0.013880 0.005468
v 0.005146 0.017050 0.005775
v 0.006661 0.016837 0.005775
v 0.008130 0.016569 0.005775
v 0.009111 0.016350 0.005775
v 0.010260 0.015530 0.005775
v 0.011803 0.014415 0.005775
v 0.013371 0.013294 0.005775
v 0.003598 0.017200 0.005775
v 0.002028 0.017282 0.005775
v 0.000447 0.017290 0.005775
v -0.001134 0.017218 0.005775
v -0.002703 0.017062 0.005775
v -0.004250 0.016817 0.005775
v 0.005051 0.016111 0.005904
v 0.003538 0.016258 0.005904
v 0.002005 0.016338 0.005904
v 0.000463 0.016346 0.005904
v -0.001075 0.016276 0.005904
v 0.006531 0.015904 0.005904
v -0.002599 0.016125 0.005904
v 0.004973 0.011671 0.005904
v 0.007968 0.015642 0.005904
v 0.004928 0.011676 0.005904
v 0.007978 0.011214 0.005904
v 0.001788 0.011857 0.005904
v 0.000578 0.011824 0.005904
v -0.001189 0.011760 0.005904
v -0.003979 0.011424 0.005904
v 0.008154 0.011180 0.005904
v 0.008773 0.015461 0.005904
v -0.004097 0.015887 0.005904
v -0.006570 0.010897 0.005904
v 0.009786 0.014739 0.005904
v 0.010393 0.010622 0.005904
v 0.011329 0.013624 0.005904
v 0.011337 0.010341 0.005904
v 0.012539 0.009924 0.005904
v 0.012905 0.012497 0.005904
v 0.014313 0.009222 0.005904
v 0.014529 0.011377 0.005904
v 0.014566 0.009111 0.005904
v 0.014981 0.012184 0.005775
v 0.016218 0.010282 0.005904
v 0.016542 0.008162 0.005904
v 0.017027 0.007914 0.005904
v 0.015433 0.012727 0.005468
v 0.017987 0.009233 0.005904
v 0.018447 0.007135 0.005904
v 0.019656 0.006426 0.005904
v 0.016647 0.011104 0.005775
v 0.015763 0.013369 0.004994
v 0.019851 0.008253 0.005904
v 0.020166 0.006111 0.005904
v 0.021685 0.005093 0.005904
v 0.021824 0.007365 0.005904
v 0.021945 0.004897 0.005904
v 0.022494 0.004496 0.005904
v 0.022859 0.004211 0.005904
v 0.023036 0.004079 0.005904
v 0.023663 0.003513 0.005904
v 0.018384 0.010074 0.005775
v 0.016094 0.013716 0.004279
v 0.023915 0.006595 0.005904
v 0.024163 0.003082 0.005904
v 0.024400 0.002814 0.005904
v 0.025036 0.002128 0.005904
v 0.025045 0.002117 0.005904
v 0.025049 0.002113 0.005904
v 0.025468 0.001387 0.005904
v 0.025593 0.001181 0.005904
v 0.016215 0.013982 0.003537
v 0.026135 0.005965 0.005904
v 0.025802 0.000269 0.005904
v 0.016336 0.014078 0.002654
v 0.017931 0.013044 0.002654
v 0.017931 0.013044 -0.001605
v 0.017817 0.012944 0.003537
v 0.017702 0.012674 0.004279
v 0.019573 0.012070 0.002654
v 0.019573 0.012070 -0.001605
v 0.019467 0.011966 0.003537
v 0.021276 0.011175 0.002654
v 0.021276 0.011175 -0.001605
v 0.017388 0.012316 0.004994
v 0.019361 0.011690 0.004279
v 0.021180 0.011065 0.003537
v 0.023054 0.010375 0.002654
v 0.023054 0.010375 -0.001605
v 0.017075 0.011663 0.005468
v 0.019070 0.011318 0.004994
v 0.018780 0.010652 0.005468
v 0.020207 0.009115 0.005775
v 0.020563 0.009714 0.005468
v 0.022131 0.008249 0.005775
v 0.020824 0.010396 0.004994
v 0.024167 0.007499 0.005775
v 0.022439 0.008870 0.005468
v 0.021085 0.010784 0.004279
v 0.022664 0.009568 0.004994
v 0.024418 0.008141 0.005468
v 0.026325 0.006887 0.005775
v 0.022889 0.009972 0.004279
v 0.024603 0.008854 0.004994
v 0.022971 0.010259 0.003537
v 0.024787 0.009272 0.004279
v 0.026514 0.007546 0.005468
v 0.028488 0.005500 0.005904
v 0.025755 0.000000 0.005904
v 0.024854 0.009565 0.003537
v 0.026654 0.008272 0.004994
v 0.028613 0.006434 0.005775
v 0.024922 0.009687 0.002654
v 0.024922 0.009687 -0.001605
v 0.026793 0.008703 0.004279
v 0.028737 0.007106 0.005468
v 0.026894 0.009127 0.002654
v 0.026894 0.009127 -0.001605
v 0.026843 0.009001 0.003537
v 0.028828 0.007842 0.004994
v 0.028986 0.008713 0.002654
v 0.028986 0.008713 -0.001605
v 0.028920 0.008283 0.004279
v 0.028953 0.008583 0.003537
v 0.031212 0.008462 0.002654
v 0.031212 0.008462 -0.001605
v 0.031212 0.008328 0.003537
v 0.031212 0.008024 0.004279
v 0.031212 0.007573 0.004994
v 0.031212 0.006827 0.005468
v 0.031212 0.006141 0.005775
v 0.031212 0.005192 0.005904
v 0.031212 0.000000 0.005904
v 0.031212 -0.005192 0.005904
v 0.028488 -0.005500 0.005904
v 0.028613 -0.006434 0.005775
v 0.031212 -0.006141 0.005775
v 0.026135 -0.005965 0.005904
v 0.025639 -0.000645 0.005904
v 0.023915 -0.006595 0.005904
v 0.025142 -0.001586 0.005904
v 0.025064 -0.001683 0.005904
v 0.024314 -0.002567 0.005904
v 0.023244 -0.003580 0.005904
v 0.021824 -0.007365 0.005904
v 0.022536 -0.004161 0.005904
v 0.021968 -0.004609 0.005904
v 0.020521 -0.005641 0.005904
v 0.026325 -0.006887 0.005775
v 0.028737 -0.007106 0.005468
v 0.031212 -0.006827 0.005468
v 0.024167 -0.007499 0.005775
v 0.026514 -0.007546 0.005468
v 0.028828 -0.007842 0.004994
v 0.031212 -0.007573 0.004994
v 0.019851 -0.008253 0.005904
v 0.019743 -0.006154 0.005904
v 0.022131 -0.008249 0.005775
v 0.024418 -0.008141 0.005468
v 0.026654 -0.008272 0.004994
v 0.028920 -0.008283 0.004279
v 0.031212 -0.008024 0.004279
v 0.017987 -0.009233 0.005904
v 0.018907 -0.006676 0.005904
v 0.017178 -0.007688 0.005904
v 0.022439 -0.008870 0.005468
v 0.024603 -0.008854 0.004994
v 0.026793 -0.008703 0.004279
v 0.028953 -0.008583 0.003537
v 0.031212 -0.008328 0.003537
v 0.016218 -0.010282 0.005904
v 0.017111 -0.007725 0.005904
v 0.016069 -0.008249 0.005904
v 0.022664 -0.009568 0.004994
v 0.024787 -0.009272 0.004279
v 0.026843 -0.009001 0.003537
v 0.028986 -0.008713 0.002654
v 0.031212 -0.008462 0.002654
v 0.031212 -0.008462 -0.001605
v 0.028986 -0.008713 -0.001605
v 0.026894 -0.009127 0.002654
v 0.026894 -0.009127 -0.001605
v 0.024922 -0.009687 0.002654
v 0.024922 -0.009687 -0.001605
v 0.024854 -0.009565 0.003537
v 0.023054 -0.010375 0.002654
v 0.023054 -0.010375 -0.001605
v 0.022971 -0.010259 0.003537
v 0.021276 -0.011175 0.002654
v 0.021276 -0.011175 -0.001605
v 0.022889 -0.009972 0.004279
v 0.019573 -0.012070 0.002654
v 0.019573 -0.012070 -0.001605
v 0.021180 -0.011065 0.003537
v 0.021085 -0.010784 0.004279
v 0.017931 -0.013044 0.002654
v 0.017931 -0.013044 -0.001605
v 0.019467 -0.011966 0.003537
v 0.020824 -0.010396 0.004994
v 0.016336 -0.014078 0.002654
v 0.016336 -0.014078 -0.001605
v 0.015088 -0.014938 -0.001605
v 0.019361 -0.011690 0.004279
v 0.017817 -0.012944 0.003537
v 0.020563 -0.009714 0.005468
v 0.019070 -0.011318 0.004994
v 0.017702 -0.012674 0.004279
v 0.016215 -0.013982 0.003537
v 0.014772 -0.015157 0.002654
v 0.020207 -0.009115 0.005775
v 0.018780 -0.010652 0.005468
v 0.018384 -0.010074 0.005775
v 0.017388 -0.012316 0.004994
v 0.016094 -0.013716 0.004279
v 0.016647 -0.011104 0.005775
v 0.017075 -0.011663 0.005468
v 0.015763 -0.013369 0.004994
v 0.014647 -0.015064 0.003537
v 0.015433 -0.012727 0.005468
v 0.014981 -0.012184 0.005775
v 0.014522 -0.014800 0.004279
v 0.014180 -0.014461 0.004994
v 0.014529 -0.011377 0.005904
v 0.015225 -0.008690 0.005904
v 0.014519 -0.009020 0.005904
v 0.013765 -0.013880 0.005468
v 0.012905 -0.012497 0.005904
v 0.013286 -0.009544 0.005904
v 0.011560 -0.010189 0.005904
v 0.013371 -0.013294 0.005775
v 0.011329 -0.013624 0.005904
v 0.011235 -0.010294 0.005904
v 0.011803 -0.014415 0.005775
v 0.012167 -0.015022 0.005468
v 0.012553 -0.015625 0.004994
v 0.009786 -0.014739 0.005904
v 0.008896 -0.010933 0.005904
v 0.010260 -0.015530 0.005775
v 0.010613 -0.016145 0.005468
v 0.008773 -0.015461 0.005904
v 0.008387 -0.011051 0.005904
v 0.009111 -0.016350 0.005775
v 0.007968 -0.015642 0.005904
v 0.005993 -0.011468 0.005904
v 0.012912 -0.015952 0.004279
v 0.011044 -0.016715 0.004994
v 0.009449 -0.016975 0.005468
v 0.008130 -0.016569 0.005775
v 0.013098 -0.016171 0.003537
v 0.011345 -0.017083 0.004279
v 0.009696 -0.017676 0.004994
v 0.008292 -0.017234 0.005468
v 0.011554 -0.017287 0.003537
v 0.013225 -0.016262 0.002654
v 0.009943 -0.018083 0.004279
v 0.008411 -0.017965 0.004994
v 0.010034 -0.018371 0.003537
v 0.011681 -0.017379 0.002654
v 0.008529 -0.018400 0.004279
v 0.008572 -0.018699 0.003537
v 0.010124 -0.018488 0.002654
v 0.008616 -0.018827 0.002654
v 0.010124 -0.018488 -0.001708
v 0.008616 -0.018827 -0.001708
v 0.010124 -0.018488 -0.009425
v 0.011681 -0.017379 -0.001708
v 0.013225 -0.016262 -0.001708
v 0.011681 -0.017379 -0.009425
v 0.014772 -0.015157 -0.001708
v 0.015088 -0.014938 -0.001708
v 0.015088 -0.014938 -0.008286
v 0.013225 -0.016262 -0.009425
v 0.014772 -0.015157 -0.009425
v 0.016336 -0.014078 -0.008286
v 0.010010 -0.018514 -0.010563
v 0.011549 -0.017195 -0.010563
v 0.009683 -0.018587 -0.011529
v 0.009193 -0.018697 -0.012173
v 0.008616 -0.018827 -0.012400
v 0.007049 -0.019112 -0.012400
v 0.009683 -0.018587 -0.011529
v 0.007049 -0.019112 -0.001708
v 0.005433 -0.019339 -0.012400
v 0.013093 -0.016078 -0.010563
v 0.011173 -0.016671 -0.011529
v 0.009193 -0.018697 -0.012173
v 0.005433 -0.019339 -0.001708
v 0.003780 -0.019499 -0.012400
v 0.007049 -0.019112 0.002654
v 0.010610 -0.015887 -0.012173
v 0.008616 -0.018827 -0.012400
v 0.012717 -0.015555 -0.011529
v 0.014642 -0.014971 -0.010563
v 0.003780 -0.019499 -0.001708
v 0.002098 -0.019587 -0.012400
v 0.005433 -0.019339 0.002654
v 0.007014 -0.018983 0.003537
v 0.002098 -0.019587 -0.001708
v 0.000398 -0.019596 -0.012400
v 0.003780 -0.019499 0.002654
v 0.006979 -0.018682 0.004279
v 0.005407 -0.019208 0.003537
v 0.000398 -0.019596 -0.001708
v -0.001309 -0.019518 -0.012400
v 0.006885 -0.018243 0.004994
v 0.002098 -0.019587 0.002654
v 0.005382 -0.018906 0.004279
v 0.003763 -0.019367 0.003537
v -0.001309 -0.019518 -0.001708
v -0.003015 -0.019349 -0.012400
v 0.006790 -0.017508 0.005468
v 0.000398 -0.019596 0.002654
v 0.002092 -0.019455 0.003537
v 0.003747 -0.019065 0.004279
v 0.005312 -0.018463 0.004994
v -0.003015 -0.019349 -0.001708
v -0.004708 -0.019080 -0.012400
v 0.006661 -0.016837 0.005775
v -0.001309 -0.019518 0.002654
v 0.000403 -0.019463 0.003537
v 0.002085 -0.019152 0.004279
v 0.005242 -0.017725 0.005468
v 0.003703 -0.018619 0.004994
v 0.006531 -0.015904 0.005904
v 0.005146 -0.017050 0.005775
v 0.005051 -0.016111 0.005904
v 0.005170 -0.011590 0.005904
v 0.002034 -0.011837 0.005904
v 0.003659 -0.017879 0.005468
v 0.002068 -0.018705 0.004994
v 0.003598 -0.017200 0.005775
v 0.003538 -0.016258 0.005904
v 0.002051 -0.017963 0.005468
v 0.000407 -0.019160 0.004279
v 0.002005 -0.016338 0.005904
v 0.001981 -0.011837 0.005904
v 0.002028 -0.017282 0.005775
v 0.000419 -0.018713 0.004994
v -0.001294 -0.019386 0.003537
v 0.000463 -0.016346 0.005904
v -0.000945 -0.011791 0.005904
v 0.000447 -0.017290 0.005775
v 0.000431 -0.017971 0.005468
v -0.001278 -0.019084 0.004279
v -0.003015 -0.019349 0.002654
v -0.001075 -0.016276 0.005904
v -0.003741 -0.011514 0.005904
v -0.001235 -0.018638 0.004994
v -0.001134 -0.017218 0.005775
v -0.001192 -0.017897 0.005468
v -0.002987 -0.019218 0.003537
v -0.004708 -0.019080 -0.001708
v -0.006378 -0.018705 -0.012400
v -0.002959 -0.018917 0.004279
v -0.002883 -0.018474 0.004994
v -0.002807 -0.017737 0.005468
v -0.004708 -0.019080 0.002654
v -0.006378 -0.018705 -0.001708
v -0.008017 -0.018218 -0.012400
v -0.008017 -0.018218 -0.001708
v -0.008627 -0.017987 -0.012173
v -0.009145 -0.017790 -0.011529
v -0.009491 -0.017659 -0.010563
v -0.009612 -0.017612 -0.009425
v -0.009612 -0.017612 -0.001708
v -0.009612 -0.017612 0.002654
v -0.004667 -0.018951 0.003537
v -0.006378 -0.018705 0.002654
v -0.008017 -0.018218 0.002654
v -0.004626 -0.018652 0.004279
v -0.006324 -0.018580 0.003537
v -0.007947 -0.018097 0.003537
v -0.009470 -0.017519 0.003537
v -0.004514 -0.018215 0.004994
v -0.006269 -0.018284 0.004279
v -0.007877 -0.017806 0.004279
v -0.009327 -0.017255 0.004279
v -0.006119 -0.017855 0.004994
v -0.004402 -0.017483 0.005468
v -0.007687 -0.017389 0.004994
v -0.002703 -0.017062 0.005775
v -0.005969 -0.017132 0.005468
v -0.002599 -0.016125 0.005904
v -0.004250 -0.016817 0.005775
v -0.004097 -0.015887 0.005904
v -0.005971 -0.011108 0.005904
v -0.005764 -0.016477 0.005775
v -0.007496 -0.016678 0.005468
v -0.005559 -0.015559 0.005904
v -0.006976 -0.015138 0.005904
v -0.006342 -0.011040 0.005904
v -0.008737 -0.010404 0.005904
v -0.007236 -0.016040 0.005775
v -0.008938 -0.016914 0.004994
v -0.008549 -0.016279 0.005468
v -0.008017 -0.015743 0.005775
v -0.007485 -0.014945 0.005904
v -0.009946 -0.016326 0.004279
v -0.009547 -0.016022 0.004994
v -0.008987 -0.015621 0.005468
v -0.008397 -0.015180 0.005775
v -0.007677 -0.014658 0.005904
v -0.010176 -0.016474 0.003537
v -0.009470 -0.017519 0.003537
v -0.010297 -0.016584 0.002654
v -0.009612 -0.017612 0.002654
v -0.010297 -0.016584 -0.001708
v -0.009612 -0.017612 -0.001708
v -0.010297 -0.016584 -0.009425
v -0.009612 -0.017612 -0.009425
v -0.010115 -0.016450 -0.010563
v -0.009491 -0.017659 -0.010563
v -0.009595 -0.016068 -0.011529
v -0.009145 -0.017790 -0.011529
v -0.008816 -0.015495 -0.012173
v -0.008627 -0.017987 -0.012173
v -0.007898 -0.014820 -0.012400
v -0.008017 -0.018218 -0.012400
v -0.006378 -0.018705 -0.012400
v -0.004708 -0.019080 -0.012400
v -0.003015 -0.019349 -0.012400
v -0.008870 -0.013619 -0.012400
v -0.009727 -0.014370 -0.012173
v -0.009937 -0.012493 -0.012400
v -0.001309 -0.019518 -0.012400
v -0.010453 -0.015006 -0.011529
v -0.010737 -0.013304 -0.012173
v -0.011083 -0.011439 -0.012400
v 0.000398 -0.019596 -0.012400
v 0.002098 -0.019587 -0.012400
v 0.003780 -0.019499 -0.012400
v 0.005433 -0.019339 -0.012400
v 0.007049 -0.019112 -0.012400
v -0.010938 -0.015432 -0.010563
v -0.011415 -0.013992 -0.011529
v -0.011828 -0.012300 -0.012173
v 0.009946 -0.014962 -0.012400
v -0.012288 -0.010460 -0.012400
v 0.011489 -0.013847 -0.012400
v -0.013537 -0.009559 -0.012400
v 0.012153 -0.014771 -0.012173
v -0.012981 -0.011364 -0.012173
v -0.012459 -0.013031 -0.011529
v 0.014271 -0.014443 -0.011529
v 0.013717 -0.013654 -0.012173
v 0.013062 -0.012722 -0.012400
v -0.011867 -0.014452 -0.010563
v -0.011109 -0.015581 -0.009425
v -0.011109 -0.015581 -0.001708
v -0.012026 -0.014613 -0.009425
v -0.012881 -0.013519 -0.010563
v -0.011109 -0.015581 0.002654
v -0.012026 -0.014613 -0.001708
v -0.010945 -0.015523 0.003537
v -0.013568 -0.012130 -0.011529
v -0.013030 -0.013690 -0.009425
v -0.012026 -0.014613 0.002654
v -0.010718 -0.015372 0.004279
v -0.014177 -0.010500 -0.012173
v -0.013960 -0.012642 -0.010563
v -0.013030 -0.013690 -0.001708
v -0.011874 -0.014543 0.003537
v -0.010334 -0.015049 0.004994
v -0.014813 -0.008741 -0.012400
v -0.014098 -0.012822 -0.009425
v -0.013030 -0.013690 0.002654
v -0.011671 -0.014356 0.004279
v -0.009767 -0.014657 0.005468
v -0.014098 -0.012822 -0.001708
v -0.012887 -0.013611 0.003537
v -0.011303 -0.014026 0.004994
v -0.009274 -0.014105 0.005775
v -0.014098 -0.012822 0.002654
v -0.012646 -0.013452 0.004279
v -0.010773 -0.013574 0.005468
v -0.008663 -0.013438 0.005904
v -0.010315 -0.013007 0.005775
v -0.009745 -0.012297 0.005904
v -0.010912 -0.009647 0.005904
v -0.012355 -0.013058 0.004994
v -0.013965 -0.012735 0.003537
v -0.011861 -0.012558 0.005468
v -0.011435 -0.011977 0.005775
v -0.010903 -0.011231 0.005904
v -0.013729 -0.012562 0.004279
v -0.013471 -0.012152 0.004994
v -0.012121 -0.010242 0.005904
v -0.012856 -0.008804 0.005904
v -0.012615 -0.011018 0.005775
v -0.012988 -0.011630 0.005468
v -0.013382 -0.009332 0.005904
v -0.014556 -0.007911 0.005904
v -0.013839 -0.010135 0.005775
v -0.014172 -0.010765 0.005468
v -0.014631 -0.011315 0.004994
v -0.014898 -0.011708 0.004279
v -0.014672 -0.008506 0.005904
v -0.016000 -0.007003 0.005904
v -0.015091 -0.009334 0.005775
v -0.015378 -0.009983 0.005468
v -0.015753 -0.010597 0.004994
v -0.015088 -0.011925 0.003537
v -0.016083 -0.010944 0.004279
v -0.016235 -0.011190 0.003537
v -0.015210 -0.012019 0.002654
v -0.016347 -0.011292 0.002654
v -0.015210 -0.012019 -0.001708
v -0.016347 -0.011292 -0.001708
v -0.015210 -0.012019 -0.009425
v -0.016347 -0.011292 -0.009425
v -0.015083 -0.011832 -0.010563
v -0.016230 -0.011097 -0.010563
v -0.014720 -0.011299 -0.011529
v -0.015898 -0.010545 -0.011529
v -0.015400 -0.009717 -0.012173
v -0.016103 -0.008014 -0.012400
v -0.016633 -0.009022 -0.012173
v -0.017082 -0.009877 -0.011529
v -0.017382 -0.010448 -0.010563
v -0.017395 -0.007384 -0.012400
v -0.017860 -0.008424 -0.012173
v -0.018680 -0.006859 -0.012400
v -0.018254 -0.009305 -0.011529
v -0.017487 -0.010649 -0.009425
v -0.019957 -0.006451 -0.012400
v -0.021340 -0.006154 -0.012400
v -0.023181 -0.006131 -0.012400
v -0.019069 -0.007930 -0.012173
v -0.018518 -0.009894 -0.010563
v -0.017487 -0.010649 -0.001708
v -0.020251 -0.007552 -0.012173
v -0.019399 -0.008838 -0.011529
v -0.018611 -0.010101 -0.009425
v -0.017487 -0.010649 0.002654
v -0.021468 -0.007291 -0.012173
v -0.020500 -0.008486 -0.011529
v -0.019619 -0.009444 -0.010563
v -0.018611 -0.010101 -0.001708
v -0.017386 -0.010541 0.003537
v -0.019696 -0.009657 -0.009425
v -0.020666 -0.009110 -0.010563
v -0.021576 -0.008255 -0.011529
v -0.018611 -0.010101 0.002654
v -0.017242 -0.010287 0.004279
v -0.019696 -0.009657 -0.001708
v -0.020724 -0.009329 -0.009425
v -0.018522 -0.009987 0.003537
v -0.017008 -0.009884 0.004994
v -0.019696 -0.009657 0.002654
v -0.018382 -0.009724 0.004316
v -0.016598 -0.009285 0.005468
v -0.021648 -0.008899 -0.010563
v -0.020724 -0.009329 -0.001708
v -0.019622 -0.009538 0.003537
v -0.018190 -0.009307 0.004994
v -0.016353 -0.008622 0.005775
v -0.021674 -0.009125 -0.009425
v -0.020724 -0.009329 0.002654
v -0.019484 -0.009274 0.004281
v -0.017874 -0.008652 0.005468
v -0.015976 -0.007771 0.005904
v -0.017615 -0.008006 0.005775
v -0.017283 -0.007133 0.005904
v -0.017182 -0.006109 0.005904
v -0.018122 -0.005234 0.005904
v -0.019344 -0.008836 0.004994
v -0.020668 -0.009204 0.003537
v -0.019066 -0.008160 0.005468
v -0.018586 -0.006601 0.005904
v -0.018216 -0.005122 0.005904
v -0.018845 -0.004374 0.005904
v -0.019887 -0.006185 0.005904
v -0.019378 -0.003527 0.005904
v -0.019749 -0.002690 0.005904
v -0.019983 -0.001861 0.005904
v -0.021309 -0.005880 0.005904
v -0.020108 -0.001036 0.005904
v -0.020149 -0.000214 0.005904
v -0.018864 -0.007497 0.005775
v -0.020096 -0.007103 0.005775
v -0.020228 -0.007782 0.005468
v -0.021400 -0.006823 0.005775
v -0.022579 0.000000 0.005904
v -0.020143 0.000000 0.005904
v -0.021309 0.005880 0.005904
v -0.020125 0.000610 0.005904
v -0.020018 0.001437 0.005904
v -0.019887 0.006185 0.005904
v -0.019800 0.002271 0.005904
v -0.019447 0.003115 0.005904
v -0.018932 0.003973 0.005904
v -0.018586 0.006601 0.005904
v -0.018516 0.004490 0.005904
v -0.018226 0.004848 0.005904
v -0.017305 0.005743 0.005904
v -0.022579 -0.000740 0.005904
v -0.022579 0.000740 0.005904
v -0.023156 -0.005857 0.005904
v -0.022782 -0.001497 0.005904
v -0.023337 -0.002051 0.005904
v -0.032040 -0.005942 0.005904
v -0.024094 -0.002254 0.005904
v -0.029321 -0.002254 0.005904
v -0.023163 -0.006801 0.005775
v -0.017283 0.007133 0.005904
v -0.016141 0.006661 0.005904
v -0.023156 0.005857 0.005904
v -0.022782 0.001497 0.005904
v -0.023337 0.002051 0.005904
v -0.032040 0.005942 0.005904
v -0.024094 0.002254 0.005904
v -0.029321 0.002254 0.005904
v -0.029321 0.001586 0.005904
v -0.015976 0.007771 0.005904
v -0.014717 0.007599 0.005904
v -0.032040 0.000000 0.005904
v -0.024181 0.001592 0.005904
v -0.023670 0.001473 0.005904
v -0.023360 0.001163 0.005904
v -0.023241 0.000000 0.005904
v -0.023241 0.000653 0.005904
v -0.023241 -0.000653 0.005904
v -0.023360 -0.001163 0.005904
v -0.023670 -0.001473 0.005904
v -0.024181 -0.001592 0.005904
v -0.029321 -0.001586 0.005904
v -0.033178 0.000000 0.005677
v -0.033178 0.005923 0.005677
v -0.032040 0.006885 0.005775
v -0.023163 0.006801 0.005775
v -0.021400 0.006823 0.005775
v -0.020096 0.007103 0.005775
v -0.018864 0.007497 0.005775
v -0.017615 0.008006 0.005775
v -0.033178 -0.005923 0.005677
v -0.034144 0.000000 0.005032
v -0.032040 -0.006885 0.005775
v -0.021491 0.007502 0.005468
v -0.020228 0.007782 0.005468
v -0.019066 0.008160 0.005468
v -0.023171 0.007482 0.005468
v -0.032040 0.007566 0.005468
v -0.033178 0.006823 0.005560
v -0.034144 0.005847 0.005032
v -0.021558 0.008244 0.004994
v -0.023177 0.008224 0.004994
v -0.032040 0.008308 0.004994
v -0.033178 0.007460 0.005265
v -0.034144 0.006623 0.004948
v -0.020398 0.008499 0.004994
v -0.034788 0.000000 0.004067
v -0.034788 0.005726 0.004067
v -0.034144 -0.005847 0.005032
v -0.033178 -0.006823 0.005560
v -0.032040 -0.007566 0.005468
v -0.023171 -0.007482 0.005468
v -0.021491 -0.007502 0.005468
v -0.034788 -0.005726 0.004067
v -0.034144 -0.006623 0.004948
v -0.033178 -0.007460 0.005265
v -0.032040 -0.008308 0.004994
v -0.023177 -0.008224 0.004994
v -0.021558 -0.008244 0.004994
v -0.035015 0.000000 0.002929
v -0.020398 -0.008499 0.004994
v -0.020552 -0.008927 0.004279
v -0.021625 -0.008690 0.004279
v -0.023183 -0.008671 0.004279
v -0.021649 -0.008993 0.003537
v -0.032040 -0.008756 0.004279
v -0.023185 -0.008974 0.003537
v -0.021674 -0.009125 0.002654
v -0.032040 -0.009059 0.003537
v -0.033178 -0.008159 0.004834
v -0.023187 -0.009106 0.002654
v -0.021674 -0.009125 -0.001708
v -0.023187 -0.009106 -0.001708
v -0.023187 -0.009106 -0.009425
v -0.032040 -0.009191 -0.001708
v -0.032040 -0.009191 0.002654
v -0.034144 -0.007135 0.004687
v -0.023186 -0.008880 -0.010563
v -0.034788 -0.006316 0.004033
v -0.023185 -0.008235 -0.011529
v -0.035015 -0.005578 0.002929
v -0.035015 0.000000 -0.001902
v -0.035015 0.005578 0.002929
v -0.035015 -0.005948 0.002954
v -0.034788 -0.006642 0.003822
v -0.023183 -0.007270 -0.012173
v -0.024517 -0.006144 -0.012400
v -0.024502 -0.007282 -0.012173
v -0.035015 0.006245 -0.001902
v -0.035015 0.005948 0.002954
v -0.034657 0.000000 -0.004619
v -0.035015 -0.006055 0.002801
v -0.035015 -0.006117 0.002739
v -0.027234 -0.006170 -0.012042
v -0.024460 -0.008247 -0.011529
v -0.034788 0.006316 0.004033
v -0.034144 0.007135 0.004687
v -0.034788 0.006642 0.003822
v -0.033178 0.008159 0.004834
v -0.027175 -0.007308 -0.011822
v -0.024397 -0.008891 -0.010563
v -0.035015 0.006055 0.002801
v -0.034144 0.007712 0.004378
v -0.032040 0.008756 0.004279
v -0.027007 -0.008271 -0.011193
v -0.024322 -0.009117 -0.009425
v -0.026755 -0.008914 -0.010253
v -0.034788 0.007036 0.003696
v -0.033178 0.008563 0.004162
v -0.026458 -0.009137 -0.009144
v -0.034144 0.007995 0.003828
v -0.029327 -0.008294 -0.010232
v -0.028840 -0.008934 -0.009389
v -0.028266 -0.009155 -0.008395
v -0.029652 -0.007332 -0.010796
v -0.029766 -0.006194 -0.010993
v -0.027234 0.000000 -0.012042
v -0.030630 -0.008951 -0.008015
v -0.031319 -0.008313 -0.008704
v -0.031779 -0.007352 -0.009164
v -0.031940 -0.006215 -0.009325
v -0.029819 -0.009170 -0.007203
v -0.029766 0.000000 -0.010993
v -0.032847 -0.008327 -0.006712
v -0.033411 -0.007368 -0.007037
v -0.032004 -0.008964 -0.006225
v -0.031010 -0.009181 -0.005651
v -0.033608 -0.006231 -0.007151
v -0.031759 -0.009188 -0.003843
v -0.032868 -0.008972 -0.004140
v -0.033808 -0.008336 -0.004392
v -0.034436 -0.007377 -0.004560
v -0.033178 -0.008975 -0.001782
v -0.034144 -0.008340 -0.001845
v -0.033178 -0.008975 0.002625
v -0.034657 -0.006241 -0.004619
v -0.034788 -0.007381 -0.001887
v -0.034144 -0.008340 0.002540
v -0.033178 -0.008855 0.003463
v -0.035015 -0.006245 -0.001902
v -0.034788 -0.007381 0.002413
v -0.034144 -0.008252 0.003254
v -0.033178 -0.008563 0.004162
v -0.034144 -0.007995 0.003828
v -0.034144 -0.007712 0.004378
v -0.034788 -0.007036 0.003696
v -0.034788 -0.007343 0.002941
v -0.034788 -0.007135 0.003329
v -0.035015 -0.006233 0.002891
v -0.035015 -0.006266 0.002571
v -0.035015 -0.006245 0.002263
v -0.033608 0.000000 -0.007151
v -0.034657 0.006241 -0.004619
v -0.031940 0.000000 -0.009325
v -0.033608 0.006231 -0.007151
v -0.031940 0.006215 -0.009325
v -0.029766 0.006194 -0.010993
v -0.027234 0.006170 -0.012042
v -0.033411 0.007368 -0.007037
v -0.031779 0.007352 -0.009164
v -0.029652 0.007332 -0.010796
v -0.034436 0.007377 -0.004560
v -0.027175 0.007308 -0.011822
v -0.024517 0.006144 -0.012400
v -0.024502 0.007282 -0.012173
v -0.023181 0.006131 -0.012400
v -0.021340 0.006154 -0.012400
v -0.019957 0.006451 -0.012400
v -0.023183 0.007270 -0.012173
v -0.021468 0.007291 -0.012173
v -0.020251 0.007552 -0.012173
v -0.027007 0.008271 -0.011193
v -0.024460 0.008247 -0.011529
v -0.023185 0.008235 -0.011529
v -0.021576 0.008255 -0.011529
v -0.020500 0.008486 -0.011529
v -0.029327 0.008294 -0.010232
v -0.031319 0.008313 -0.008704
v -0.032847 0.008327 -0.006712
v -0.024397 0.008891 -0.010563
v -0.023186 0.008880 -0.010563
v -0.021648 0.008899 -0.010563
v -0.026755 0.008914 -0.010253
v -0.028840 0.008934 -0.009389
v -0.030630 0.008951 -0.008015
v -0.020666 0.009110 -0.010563
v -0.021674 0.009125 -0.009425
v -0.023187 0.009106 -0.009425
v -0.024322 0.009117 -0.009425
v -0.026458 0.009137 -0.009144
v -0.028266 0.009155 -0.008395
v -0.023187 0.009106 0.002654
v -0.021674 0.009125 0.002654
v -0.029819 0.009170 -0.007203
v -0.020724 0.009329 -0.009425
v -0.032004 0.008964 -0.006225
v -0.020724 0.009329 0.002654
v -0.031010 0.009181 -0.005651
v -0.033808 0.008336 -0.004392
v -0.032868 0.008972 -0.004140
v -0.034788 0.007381 -0.001887
v -0.031759 0.009188 -0.003843
v -0.034144 0.008340 -0.001845
v -0.033178 0.008975 -0.001782
v -0.032040 0.009191 -0.001708
v -0.035015 0.006245 0.002263
v -0.034788 0.007381 0.002413
v -0.034144 0.008340 0.002540
v -0.033178 0.008975 0.002625
v -0.035015 0.006117 0.002739
v -0.035015 0.006266 0.002571
v -0.034788 0.007343 0.002941
v -0.035015 0.006233 0.002891
v -0.034788 0.007135 0.003329
v -0.034144 0.008252 0.003254
v -0.033178 0.008855 0.003463
v -0.032040 0.009191 0.002654
v -0.032040 0.009059 0.003537
v -0.023185 0.008974 0.003537
v -0.023183 0.008671 0.004279
v -0.021625 0.008690 0.004279
v -0.021649 0.008993 0.003537
v -0.020552 0.008927 0.004279
v -0.020668 0.009204 0.003537
v -0.019344 0.008836 0.004994
v -0.019484 0.009274 0.004281
v -0.019622 0.009538 0.003537
v -0.017874 0.008652 0.005468
v -0.018190 0.009307 0.004994
v -0.016353 0.008622 0.005775
v -0.019696 0.009657 0.002654
v -0.018382 0.009724 0.004316
v -0.016598 0.009285 0.005468
v -0.014672 0.008506 0.005904
v -0.015091 0.009334 0.005775
v -0.013382 0.009332 0.005904
v -0.013036 0.008528 0.005904
v -0.017008 0.009884 0.004994
v -0.018522 0.009987 0.003537
v -0.015378 0.009983 0.005468
v -0.012121 0.010242 0.005904
v -0.011110 0.009411 0.005904
v -0.013839 0.010135 0.005775
v -0.017242 0.010287 0.004279
v -0.015753 0.010597 0.004994
v -0.014172 0.010765 0.005468
v -0.012615 0.011018 0.005775
v -0.010903 0.011231 0.005904
v -0.009745 0.012297 0.005904
v -0.008951 0.010214 0.005904
v -0.011435 0.011977 0.005775
v -0.012988 0.011630 0.005468
v -0.014631 0.011315 0.004994
v -0.016083 0.010944 0.004279
v -0.008663 0.013438 0.005904
v -0.008360 0.010384 0.005904
v -0.010315 0.013007 0.005775
v -0.011861 0.012558 0.005468
v -0.013471 0.012152 0.004994
v -0.017386 0.010541 0.003537
v -0.014898 0.011708 0.004279
v -0.018611 0.010101 0.002654
v -0.016235 0.011190 0.003537
v -0.019696 0.009657 -0.009425
v -0.017487 0.010649 0.002654
v -0.019619 0.009444 -0.010563
v -0.018611 0.010101 -0.009425
v -0.019399 0.008838 -0.011529
v -0.018518 0.009894 -0.010563
v -0.017487 0.010649 -0.009425
v -0.016347 0.011292 0.002654
v -0.019069 0.007930 -0.012173
v -0.018254 0.009305 -0.011529
v -0.017382 0.010448 -0.010563
v -0.018680 0.006859 -0.012400
v -0.017860 0.008424 -0.012173
v -0.015088 0.011925 0.003537
v -0.016347 0.011292 -0.009425
v -0.017082 0.009877 -0.011529
v -0.017395 0.007384 -0.012400
v -0.016633 0.009022 -0.012173
v -0.016230 0.011097 -0.010563
v -0.015210 0.012019 0.002654
v -0.013729 0.012562 0.004279
v -0.016103 0.008014 -0.012400
v -0.015898 0.010545 -0.011529
v -0.015210 0.012019 -0.009425
v -0.013965 0.012735 0.003537
v -0.012355 0.013058 0.004994
v -0.015400 0.009717 -0.012173
v -0.015083 0.011832 -0.010563
v -0.014098 0.012822 0.002654
v -0.012646 0.013452 0.004279
v -0.010773 0.013574 0.005468
v -0.014813 0.008741 -0.012400
v -0.014098 0.012822 -0.009425
v -0.012887 0.013611 0.003537
v -0.011303 0.014026 0.004994
v -0.009274 0.014105 0.005775
v -0.013030 0.013690 0.002654
v -0.011671 0.014356 0.004279
v -0.009767 0.014657 0.005468
v -0.007677 0.014658 0.005904
v -0.008397 0.015180 0.005775
v -0.010334 0.015049 0.004994
v -0.011874 0.014543 0.003537
v -0.007485 0.014945 0.005904
v -0.008987 0.015621 0.005468
v -0.010718 0.015372 0.004279
v -0.006976 0.015138 0.005904
v -0.008017 0.015743 0.005775
v -0.009547 0.016022 0.004994
v -0.005559 0.015559 0.005904
v -0.007236 0.016040 0.005775
v -0.008549 0.016279 0.005468
v -0.005764 0.016477 0.005775
v -0.007496 0.016678 0.005468
v -0.008938 0.016914 0.004994
v -0.009946 0.016326 0.004279
v -0.010176 0.016474 0.003537
v -0.009470 0.017519 0.003537
v -0.010945 0.015523 0.003537
v -0.010297 0.016584 0.002654
v -0.009612 0.017612 0.002654
v -0.012026 0.014613 0.002654
v -0.011109 0.015581 0.002654
v -0.010297 0.016584 -0.009425
v -0.009612 0.017612 -0.009425
v -0.013030 0.013690 -0.009425
v -0.012026 0.014613 -0.009425
v -0.011109 0.015581 -0.009425
v -0.010115 0.016450 -0.010563
v -0.009491 0.017659 -0.010563
v -0.013960 0.012642 -0.010563
v -0.012881 0.013519 -0.010563
v -0.011867 0.014452 -0.010563
v -0.010938 0.015432 -0.010563
v -0.009595 0.016068 -0.011529
v -0.009145 0.017790 -0.011529
v -0.014720 0.011299 -0.011529
v -0.013568 0.012130 -0.011529
v -0.014177 0.010500 -0.012173
v -0.012459 0.013031 -0.011529
v -0.013537 0.009559 -0.012400
v -0.012981 0.011364 -0.012173
v -0.012288 0.010460 -0.012400
v -0.011083 0.011439 -0.012400
v -0.011828 0.012300 -0.012173
v -0.011415 0.013992 -0.011529
v -0.009937 0.012493 -0.012400
v -0.003015 0.019349 -0.012400
v -0.010737 0.013304 -0.012173
v -0.010453 0.015006 -0.011529
v -0.009727 0.014370 -0.012173
v -0.008870 0.013619 -0.012400
v -0.008816 0.015495 -0.012173
v -0.008627 0.017987 -0.012173
v -0.007898 0.014820 -0.012400
v -0.004708 0.019080 -0.012400
v -0.008017 0.018218 -0.012400
v -0.006378 0.018705 -0.012400
v 0.031212 0.008462 -0.008286
v 0.031212 0.008462 -0.009425
v 0.031212 0.008234 -0.010563
v 0.031212 0.007585 -0.011529
v 0.031212 0.006614 -0.012173
v 0.031212 0.005468 -0.012400
v 0.031212 0.000000 -0.008286
v 0.031212 0.000000 -0.012400
v 0.031212 -0.005468 -0.012400
v 0.031212 -0.006614 -0.012173
v 0.031212 -0.007585 -0.011529
v 0.031212 -0.008234 -0.010563
v 0.031212 -0.008462 -0.008286
v 0.031212 -0.008462 -0.009425
v 0.031212 0.008328 0.003537
v 0.031212 0.008462 0.002654
v 0.031212 0.008462 -0.001605
v 0.031212 0.008024 0.004279
v 0.031212 0.007573 0.004994
v 0.031212 0.006827 0.005468
v 0.031212 0.006141 0.005775
v 0.031212 0.005192 0.005904
v 0.031212 0.000000 0.005904
v 0.031212 0.000000 -0.001605
v 0.031212 -0.005192 0.005904
v 0.031212 -0.006141 0.005775
v 0.031212 -0.006827 0.005468
v 0.031212 -0.007573 0.004994
v 0.031212 -0.008024 0.004279
v 0.031212 -0.008328 0.003537
v 0.031212 -0.008462 0.002654
v 0.031212 -0.008462 -0.001605
v 0.028986 -0.008713 -0.008286
v 0.031212 -0.008462 -0.008286
v 0.028986 -0.008713 -0.009425
v 0.026894 -0.009127 -0.008286
v 0.026894 -0.009127 -0.009425
v 0.024922 -0.009687 -0.008286
v 0.026841 -0.008907 -0.010563
v 0.024922 -0.009687 -0.009425
v 0.023054 -0.010375 -0.008286
v 0.026691 -0.008279 -0.011529
v 0.024852 -0.009471 -0.010563
v 0.023054 -0.010375 -0.009425
v 0.021276 -0.011175 -0.008286
v 0.024652 -0.008857 -0.011529
v 0.024353 -0.007939 -0.012173
v 0.022968 -0.010165 -0.010563
v 0.021276 -0.011175 -0.009425
v 0.019573 -0.012070 -0.008286
v 0.022724 -0.009568 -0.011529
v 0.021176 -0.010971 -0.010563
v 0.019573 -0.012070 -0.009425
v 0.017931 -0.013044 -0.008286
v 0.024000 -0.006856 -0.012400
v 0.022358 -0.008674 -0.012173
v 0.021928 -0.007620 -0.012400
v 0.020894 -0.010392 -0.011529
v 0.019462 -0.011873 -0.010563
v 0.019972 -0.008500 -0.012400
v 0.020471 -0.009524 -0.012173
v 0.019148 -0.011310 -0.011529
v 0.018121 -0.009473 -0.012400
v 0.018677 -0.010467 -0.012173
v 0.016363 -0.010515 -0.012400
v 0.016963 -0.011483 -0.012173
v 0.014682 -0.011605 -0.012400
v 0.015315 -0.012551 -0.012173
v 0.017472 -0.012303 -0.011529
v 0.015851 -0.013354 -0.011529
v 0.017812 -0.012851 -0.010563
v 0.016210 -0.013890 -0.010563
v 0.017931 -0.013044 -0.009425
v 0.016336 -0.014078 -0.009425
v 0.015088 0.014938 -0.008286
v 0.015088 -0.014938 -0.008286
v 0.015088 -0.014938 -0.001708
v 0.015088 -0.014938 -0.001605
v 0.015088 0.014938 -0.001605
v 0.028986 0.008713 -0.008286
v 0.031212 0.008462 -0.008286
v 0.031212 0.000000 -0.008286
v 0.031212 -0.008462 -0.008286
v 0.028986 -0.008713 -0.008286
v 0.026894 0.009127 -0.008286
v 0.026894 -0.009127 -0.008286
v 0.024922 0.009687 -0.008286
v 0.024922 -0.009687 -0.008286
v 0.023054 0.010375 -0.008286
v 0.023054 -0.010375 -0.008286
v 0.021276 0.011175 -0.008286
v 0.021276 -0.011175 -0.008286
v 0.019573 0.012070 -0.008286
v 0.019573 -0.012070 -0.008286
v 0.017931 0.013044 -0.008286
v 0.017931 -0.013044 -0.008286
v 0.016336 0.014078 -0.008286
v 0.016336 -0.014078 -0.008286
v 0.015088 0.014938 -0.008286
v 0.015088 -0.014938 -0.008286
v 0.028986 -0.008713 -0.001605
v 0.031212 -0.008462 -0.001605
v 0.031212 0.000000 -0.001605
v 0.031212 0.008462 -0.001605
v 0.028986 0.008713 -0.001605
v 0.026894 -0.009127 -0.001605
v 0.026894 0.009127 -0.001605
v 0.024922 -0.009687 -0.001605
v 0.024922 0.009687 -0.001605
v 0.023054 -0.010375 -0.001605
v 0.023054 0.010375 -0.001605
v 0.021276 -0.011175 -0.001605
v 0.021276 0.011175 -0.001605
v 0.019573 -0.012070 -0.001605
v 0.019573 0.012070 -0.001605
v 0.017931 -0.013044 -0.001605
v 0.017931 0.013044 -0.001605
v 0.016336 -0.014078 -0.001605
v 0.016336 0.014078 -0.001605
v 0.015088 -0.014938 -0.001605
v 0.015088 0.014938 -0.001605
v -0.024094 -0.002254 0.001466
v -0.029321 -0.002254 0.005904
v -0.029321 -0.002254 0.001466
v -0.024094 -0.002254 0.005904
v -0.023337 -0.002051 0.001466
v -0.023337 -0.002051 0.005904
v -0.029321 0.002254 0.005904
v -0.024094 0.002254 0.001466
v -0.029321 0.002254 0.001466
v -0.024094 0.002254 0.005904
v -0.023337 0.002051 0.001466
v -0.023337 0.002051 0.005904
v -0.023337 0.002051 0.001466
v -0.023337 0.002051 0.005904
v -0.022782 0.001497 0.005904
v -0.022782 0.001497 0.001466
v -0.022579 0.000740 0.005904
v -0.022579 0.000740 0.001466
v -0.022579 0.000000 0.005904
v -0.022579 -0.000740 0.001466
v -0.022579 -0.000740 0.005904
v -0.022782 -0.001497 0.005904
v -0.022782 -0.001497 0.001466
v -0.023337 -0.002051 0.005904
v -0.023337 -0.002051 0.001466
v -0.029321 -0.001586 0.005904
v -0.024181 -0.001592 0.001466
v -0.029321 -0.001586 0.001466
v -0.024181 -0.001592 0.005904
v -0.023670 -0.001473 0.001466
v -0.023670 -0.001473 0.005904
v -0.024181 0.001592 0.001466
v -0.029321 0.001586 0.005904
v -0.029321 0.001586 0.001466
v -0.024181 0.001592 0.005904
v -0.023670 0.001473 0.001466
v -0.023670 0.001473 0.005904
v -0.023241 0.000653 0.005904
v -0.023360 0.001163 0.005904
v -0.023360 0.001163 0.001466
v -0.023241 0.000653 0.001466
v -0.023241 0.000000 0.005904
v -0.023241 -0.000653 0.005904
v -0.023241 -0.000653 0.001466
v -0.023360 -0.001163 0.005904
v -0.023360 -0.001163 0.001466
v -0.023360 0.001163 0.005904
v -0.023670 0.001473 0.005904
v -0.023670 0.001473 0.001466
v -0.023360 0.001163 0.001466
v -0.023670 -0.001473 0.005904
v -0.023360 -0.001163 0.005904
v -0.023360 -0.001163 0.001466
v -0.023670 -0.001473 0.001466
v -0.029321 -0.002254 0.005904
v -0.029321 -0.001586 0.005904
v -0.029321 -0.001586 0.001466
v -0.029321 -0.002254 0.001466
v -0.029321 0.001586 0.005904
v -0.029321 0.002254 0.005904
v -0.029321 0.002254 0.001466
v -0.029321 0.001586 0.001466
v -0.024094 -0.002254 0.001466
v -0.029321 -0.002254 0.001466
v -0.029321 -0.001586 0.001466
v -0.024181 -0.001592 0.001466
v -0.023337 -0.002051 0.001466
v -0.023670 -0.001473 0.001466
v -0.022782 -0.001497 0.001466
v -0.023360 -0.001163 0.001466
v -0.022579 -0.000740 0.001466
v -0.023241 -0.000653 0.001466
v -0.022579 0.000740 0.001466
v -0.023241 0.000653 0.001466
v -0.022782 0.001497 0.001466
v -0.023360 0.001163 0.001466
v -0.023337 0.002051 0.001466
v -0.023670 0.001473 0.001466
v -0.024094 0.002254 0.001466
v -0.024181 0.001592 0.001466
v -0.029321 0.002254 0.001466
v -0.029321 0.001586 0.001466
v 0.014566 0.009111 0.005904
v 0.016542 0.008162 0.005904
v 0.017011 0.008065 0.005848
v 0.017051 0.008545 0.005621
v 0.019373 0.007486 0.005561
v 0.014359 0.009565 0.005707
v 0.014313 0.009222 0.005904
v 0.012539 0.009924 0.005904
v 0.019463 0.007889 0.005350
v 0.021285 0.006946 0.005329
v 0.011347 0.010472 0.005807
v 0.011337 0.010341 0.005904
v 0.010393 0.010622 0.005904
v 0.017167 0.008885 0.005399
v 0.021474 0.007235 0.005140
v 0.022514 0.006553 0.005185
v 0.008154 0.011195 0.005887
v 0.008154 0.011180 0.005904
v 0.007978 0.011214 0.005904
v 0.008149 0.011329 0.005618
v 0.004973 0.011671 0.005904
v 0.004928 0.011676 0.005904
v 0.014429 0.009840 0.005481
v 0.011367 0.010677 0.005568
v 0.019684 0.008154 0.005133
v 0.017311 0.009113 0.005176
v 0.014490 0.010019 0.005246
v 0.004916 0.011747 0.005588
v 0.001788 0.011857 0.005904
v 0.011376 0.010801 0.005305
v 0.001785 0.011873 0.005828
v 0.000578 0.011824 0.005904
v -0.001189 0.011760 0.005904
v -0.001200 0.011778 0.005620
v -0.003979 0.011424 0.005904
v 0.008139 0.011398 0.005306
v 0.001770 0.011899 0.005440
v -0.003985 0.011433 0.005753
v -0.006570 0.010897 0.005904
v 0.004901 0.011772 0.005208
v -0.006572 0.010900 0.005850
v -0.008360 0.010384 0.005904
v -0.008951 0.010214 0.005904
v -0.008969 0.010215 0.005444
v -0.011110 0.009411 0.005904
v -0.006591 0.010901 0.005372
v -0.004004 0.011435 0.005276
v -0.001219 0.011780 0.005147
v 0.001750 0.011901 0.004974
v -0.011126 0.009412 0.005500
v -0.013036 0.008528 0.005904
v -0.013050 0.008528 0.005551
v -0.014717 0.007599 0.005904
v -0.014729 0.007599 0.005605
v -0.016141 0.006661 0.005904
v -0.016151 0.006660 0.005672
v -0.017305 0.005743 0.005904
v -0.017311 0.005742 0.005759
v -0.018226 0.004848 0.005904
v -0.018229 0.004848 0.005860
v -0.018243 0.004846 0.005289
v -0.018516 0.004490 0.005904
v -0.018932 0.003973 0.005904
v -0.017326 0.005740 0.005194
v -0.016167 0.006658 0.005111
v -0.014746 0.007595 0.005044
v -0.018945 0.003972 0.005390
v -0.019447 0.003115 0.005904
v -0.013068 0.008524 0.004989
v -0.019458 0.003114 0.005488
v -0.019800 0.002271 0.005904
v -0.011146 0.009407 0.004936
v -0.019809 0.002270 0.005578
v -0.020018 0.001437 0.005904
v -0.008990 0.010210 0.004877
v -0.020024 0.001436 0.005651
v -0.020125 0.000610 0.005904
v -0.006613 0.010896 0.004805
v -0.020130 0.000609 0.005701
v -0.020143 0.000000 0.005904
v -0.020149 -0.000214 0.005904
v -0.004027 0.011429 0.004710
v -0.020154 -0.000214 0.005721
v -0.020108 -0.001036 0.005904
v -0.001242 0.011774 0.004585
v -0.020113 -0.001037 0.005706
v -0.019983 -0.001861 0.005904
v -0.019989 -0.001862 0.005661
v -0.019749 -0.002690 0.005904
v -0.019756 -0.002692 0.005593
v -0.019378 -0.003527 0.005904
v -0.019388 -0.003529 0.005508
v -0.018845 -0.004374 0.005904
v -0.018857 -0.004376 0.005415
v -0.018216 -0.005122 0.005904
v -0.018123 -0.005234 0.005890
v -0.018122 -0.005234 0.005904
v -0.017187 -0.006110 0.005795
v -0.017182 -0.006109 0.005904
v -0.016008 -0.007004 0.005714
v -0.016000 -0.007003 0.005904
v -0.016023 -0.007005 0.005152
v -0.017201 -0.006111 0.005230
v -0.016017 -0.007003 0.004528
v -0.018137 -0.005236 0.005320
v -0.017190 -0.006113 0.004601
v -0.015964 -0.006995 0.003874
v -0.018121 -0.005241 0.004683
v -0.017122 -0.006115 0.003941
v -0.015839 -0.006977 0.003223
v -0.018839 -0.004383 0.004768
v -0.016969 -0.006117 0.003280
v -0.015624 -0.006947 0.002607
v -0.018043 -0.005251 0.004011
v -0.019368 -0.003536 0.004851
v -0.016704 -0.006121 0.002652
v -0.015328 -0.006903 0.002055
v -0.017867 -0.005268 0.003334
v -0.018752 -0.004398 0.004082
v -0.019735 -0.002699 0.004926
v -0.016318 -0.006136 0.002081
v -0.014976 -0.006845 0.001598
v -0.017564 -0.005297 0.002683
v -0.018560 -0.004425 0.003385
v -0.019275 -0.003553 0.004150
v -0.019968 -0.001868 0.004987
v -0.015794 -0.006184 0.001592
v -0.014666 -0.006791 0.001302
v -0.015076 -0.006332 0.001199
v -0.017103 -0.005355 0.002079
v -0.016454 -0.005464 0.001542
v -0.015568 -0.005662 0.001088
v -0.018228 -0.004470 0.002707
v -0.019072 -0.003585 0.003435
v -0.017719 -0.004549 0.002070
v -0.016996 -0.004679 0.001494
v -0.016019 -0.004880 0.001001
v -0.018721 -0.003636 0.002732
v -0.019639 -0.002715 0.004213
v -0.018183 -0.003718 0.002067
v -0.017419 -0.003842 0.001463
v -0.016390 -0.004021 0.000943
v -0.019429 -0.002744 0.003482
v -0.019870 -0.001880 0.004265
v -0.019066 -0.002791 0.002761
v -0.018510 -0.002863 0.002076
v -0.017721 -0.002966 0.001452
v -0.016661 -0.003109 0.000916
v -0.019656 -0.001903 0.003523
v -0.020091 -0.001041 0.005027
v -0.019286 -0.001938 0.002790
v -0.018720 -0.001989 0.002091
v -0.017917 -0.002062 0.001456
v -0.016839 -0.002159 0.000910
v -0.019993 -0.001048 0.004299
v -0.020132 -0.000216 0.005040
v -0.019777 -0.001060 0.003551
v -0.019405 -0.001078 0.002811
v -0.018834 -0.001104 0.002106
v -0.018026 -0.001139 0.001464
v -0.016939 -0.001184 0.000914
v -0.020109 0.000609 0.005022
v -0.020034 -0.000217 0.004311
v -0.019818 -0.000217 0.003560
v -0.019445 -0.000216 0.002818
v -0.018874 -0.000212 0.002110
v -0.018064 -0.000205 0.001467
v -0.016976 -0.000196 0.000916
v -0.020002 0.001438 0.004977
v -0.020010 0.000614 0.004294
v -0.019795 0.000626 0.003546
v -0.019423 0.000647 0.002805
v -0.018045 0.000729 0.001458
v -0.016960 0.000793 0.000908
v -0.018853 0.000681 0.002100
v -0.019788 0.002274 0.004911
v -0.019905 0.001448 0.004255
v -0.017957 0.001654 0.001444
v -0.016880 0.001771 0.000898
v -0.019692 0.001471 0.003513
v -0.018757 0.001568 0.002080
v -0.019322 0.001509 0.002779
v -0.019438 0.003118 0.004831
v -0.019692 0.002287 0.004198
v -0.017779 0.002562 0.001435
v -0.016722 0.002724 0.000899
v -0.019483 0.002316 0.003467
v -0.018566 0.002446 0.002059
v -0.019120 0.002367 0.002745
v -0.018926 0.003975 0.004743
v -0.019345 0.003133 0.004130
v -0.017495 0.003444 0.001440
v -0.016471 0.003642 0.000920
v -0.019143 0.003164 0.003414
v -0.018257 0.003307 0.002045
v -0.018793 0.003218 0.002711
v -0.018227 0.004847 0.004652
v -0.018840 0.003987 0.004056
v -0.017090 0.004290 0.001467
v -0.016118 0.004509 0.000972
v -0.018649 0.004014 0.003360
v -0.017810 0.004148 0.002044
v -0.018318 0.004063 0.002681
v -0.017314 0.005739 0.004565
v -0.018149 0.004855 0.003980
v -0.016565 0.005086 0.001510
v -0.015683 0.005300 0.001054
v -0.017974 0.004871 0.003303
v -0.017212 0.004967 0.002047
v -0.017671 0.004903 0.002652
v -0.016161 0.006652 0.004487
v -0.017247 0.005738 0.003904
v -0.015920 0.005820 0.001555
v -0.015205 0.005981 0.001161
v -0.017093 0.005739 0.003244
v -0.016443 0.005765 0.002045
v -0.016829 0.005745 0.002616
v -0.014746 0.007585 0.004421
v -0.016107 0.006641 0.003833
v -0.015117 0.006499 0.001558
v -0.014805 0.006449 0.001261
v -0.015982 0.006622 0.003182
v -0.015767 0.006593 0.002566
v -0.015470 0.006552 0.002014
v -0.013076 0.008509 0.004363
v -0.014711 0.007562 0.003767
v -0.014059 0.007158 0.001467
v -0.013989 0.006853 0.001105
v -0.014619 0.007519 0.003115
v -0.014259 0.007336 0.001938
v -0.014461 0.007448 0.002496
v -0.011161 0.009388 0.004306
v -0.013059 0.008472 0.003704
v -0.012697 0.007828 0.001328
v -0.012697 0.007407 0.000918
v -0.013004 0.008404 0.003043
v -0.012789 0.008107 0.001832
v -0.012905 0.008290 0.002411
v -0.009011 0.010186 0.004243
v -0.011162 0.009339 0.003639
v -0.011019 0.008497 0.001184
v -0.011050 0.007999 0.000744
v -0.011140 0.009245 0.002968
v -0.011045 0.008851 0.001717
v -0.011094 0.009091 0.002319
v -0.006637 0.010869 0.004169
v -0.009026 0.010126 0.003571
v -0.009034 0.009132 0.001052
v -0.009077 0.008576 0.000594
v -0.009031 0.010012 0.002888
v -0.009022 0.009539 0.001604
v -0.009026 0.009825 0.002224
v -0.004052 0.011401 0.004075
v -0.006661 0.010802 0.003493
v -0.006756 0.009695 0.000938
v -0.006803 0.009095 0.000471
v -0.006683 0.010672 0.002804
v -0.006725 0.010142 0.001500
v -0.006703 0.010460 0.002131
v -0.004081 0.011328 0.003399
v -0.001269 0.011745 0.003955
v -0.004213 0.010147 0.000837
v -0.004257 0.009515 0.000368
v -0.004110 0.011189 0.002710
v -0.004175 0.010621 0.001402
v -0.004142 0.010961 0.002035
v -0.001435 0.010448 0.000740
v -0.001473 0.009797 0.000275
v -0.001298 0.011670 0.003284
v -0.001330 0.011526 0.002600
v -0.001399 0.010938 0.001301
v -0.001363 0.011289 0.001930
v 0.001546 0.010558 0.000639
v 0.001515 0.009902 0.000182
v 0.001578 0.011052 0.001189
v 0.001610 0.011406 0.001808
v 0.001642 0.011645 0.002467
v 0.001673 0.011790 0.003141
v 0.004687 0.010451 0.000528
v 0.004662 0.009804 0.000084
v 0.004716 0.010937 0.001064
v 0.004746 0.011286 0.001666
v 0.004776 0.011521 0.002309
v 0.007894 0.010153 0.000415
v 0.007870 0.009529 -0.000013
v 0.007925 0.010621 0.000932
v 0.007961 0.010957 0.001513
v 0.011056 0.009706 0.000312
v 0.011028 0.009117 -0.000097
v 0.011104 0.010145 0.000805
v 0.014068 0.009150 0.000229
v 0.014027 0.008609 -0.000155
v 0.004806 0.011665 0.002965
v 0.007997 0.011182 0.002133
v 0.011161 0.010456 0.001359
v 0.014150 0.009547 0.000693
v 0.016825 0.008526 0.000176
v 0.016760 0.008044 -0.000179
v 0.008030 0.011319 0.002767
v 0.011216 0.010664 0.001951
v 0.014251 0.009825 0.001215
v 0.016969 0.008868 0.000605
v 0.019250 0.007870 0.000152
v 0.019137 0.007466 -0.000165
v 0.011262 0.010791 0.002558
v 0.014346 0.010007 0.001775
v 0.017143 0.009099 0.001090
v 0.019496 0.008138 0.000541
v 0.021271 0.007218 0.000151
v 0.021063 0.006927 -0.000116
v 0.014417 0.010117 0.002352
v 0.017302 0.009247 0.001615
v 0.019772 0.008311 0.000988
v 0.021677 0.007384 0.000496
v 0.022844 0.006579 0.000143
v 0.022302 0.006535 -0.000056
v 0.017414 0.009336 0.002160
v 0.020014 0.008418 0.001478
v 0.022083 0.007488 0.000908
v 0.023473 0.006625 0.000459
v 0.020177 0.008483 0.001994
v 0.022413 0.007553 0.001371
v 0.024018 0.006660 0.000851
v 0.022631 0.007592 0.001862
v 0.024433 0.006684 0.001298
v 0.024701 0.006699 0.001776
v 0.024868 0.005870 0.000420
v 0.025542 0.005846 0.000817
v 0.026027 0.005837 0.001265
v 0.026334 0.005833 0.001743
v 0.023991 0.005927 0.000092
v 0.022837 0.006086 -0.000152
v 0.021063 0.006927 -0.000116
v 0.021259 0.006429 -0.000310
v 0.019137 0.007466 -0.000165
v 0.019234 0.006893 -0.000405
v 0.016760 0.008044 -0.000179
v 0.016807 0.007402 -0.000448
v 0.014027 0.008609 -0.000155
v 0.014045 0.007906 -0.000445
v 0.011028 0.009117 -0.000097
v 0.011028 0.008363 -0.000404
v 0.007870 0.009529 -0.000013
v 0.007857 0.008734 -0.000335
v 0.004662 0.009804 0.000084
v 0.004640 0.008982 -0.000249
v 0.001515 0.009902 0.000182
v 0.001486 0.009069 -0.000159
v -0.001473 0.009797 0.000275
v -0.001512 0.008970 -0.000074
v -0.004257 0.009515 0.000368
v -0.004307 0.008711 0.000015
v -0.006803 0.009095 0.000471
v -0.006868 0.008327 0.000119
v -0.009077 0.008576 0.000594
v -0.009161 0.007856 0.000247
v -0.011050 0.007999 0.000744
v -0.011157 0.007336 0.000411
v -0.012697 0.007407 0.000918
v -0.012837 0.006811 0.000614
v -0.013989 0.006853 0.001105
v -0.014188 0.006333 0.000858
v -0.014805 0.006449 0.001261
v -0.015205 0.005981 0.001161
v -0.014522 0.005637 0.000689
v -0.015683 0.005300 0.001054
v -0.013068 0.006061 0.000401
v -0.011316 0.006524 0.000176
v -0.009272 0.006985 0.000002
v -0.006945 0.007405 -0.000130
v -0.014862 0.004816 0.000572
v -0.016118 0.004509 0.000972
v -0.013319 0.005188 0.000260
v -0.011494 0.005589 0.000021
v -0.009393 0.005988 -0.000159
v -0.015152 0.003907 0.000501
v -0.016471 0.003642 0.000920
v -0.013544 0.004220 0.000176
v -0.011657 0.004555 -0.000070
v -0.015364 0.002936 0.000469
v -0.016722 0.002724 0.000899
v -0.013711 0.003182 0.000136
v -0.015498 0.001921 0.000462
v -0.016880 0.001771 0.000898
v -0.007025 0.006352 -0.000292
v -0.009504 0.004887 -0.000253
v -0.011781 0.003445 -0.000113
v -0.013819 0.002094 0.000127
v -0.015566 0.000876 0.000469
v -0.016960 0.000793 0.000908
v -0.007097 0.005190 -0.000385
v -0.009590 0.003705 -0.000296
v -0.011863 0.002279 -0.000123
v -0.013874 0.000973 0.000133
v -0.015579 -0.000182 0.000477
v -0.016976 -0.000196 0.000916
v -0.007155 0.003943 -0.000427
v -0.009648 0.002463 -0.000305
v -0.011905 0.001076 -0.000116
v -0.013883 -0.000165 0.000141
v -0.015544 -0.001240 0.000476
v -0.016939 -0.001184 0.000914
v -0.007194 0.002632 -0.000434
v -0.009678 0.001180 -0.000296
v -0.011910 -0.000145 -0.000108
v -0.013851 -0.001303 0.000140
v -0.015454 -0.002283 0.000475
v -0.016839 -0.002159 0.000910
v -0.007213 0.001278 -0.000423
v -0.009679 -0.000123 -0.000287
v -0.011879 -0.001367 -0.000109
v -0.013772 -0.002423 0.000141
v -0.015298 -0.003295 0.000487
v -0.016661 -0.003109 0.000916
v -0.007210 -0.000097 -0.000413
v -0.009650 -0.001425 -0.000288
v -0.011812 -0.002569 -0.000108
v -0.013641 -0.003509 0.000157
v -0.015067 -0.004261 0.000526
v -0.016390 -0.004021 0.000943
v -0.007184 -0.001472 -0.000415
v -0.009594 -0.002707 -0.000289
v -0.011706 -0.003733 -0.000091
v -0.013452 -0.004542 0.000203
v -0.014757 -0.005164 0.000603
v -0.016019 -0.004880 0.001001
v -0.007137 -0.002825 -0.000417
v -0.009509 -0.003947 -0.000272
v -0.011558 -0.004839 -0.000042
v -0.013206 -0.005505 0.000293
v -0.014400 -0.005976 0.000724
v -0.015568 -0.005662 0.001088
v -0.007070 -0.004135 -0.000402
v -0.009398 -0.005127 -0.000222
v -0.011373 -0.005869 0.000055
v -0.012937 -0.006372 0.000439
v -0.014051 -0.006664 0.000898
v -0.015076 -0.006332 0.001199
v -0.013842 -0.007178 0.001148
v -0.014666 -0.006791 0.001302
v -0.012538 -0.007706 0.000964
v -0.012691 -0.007116 0.000656
v -0.010879 -0.008264 0.000793
v -0.011000 -0.007606 0.000457
v -0.008895 -0.008801 0.000647
v -0.011176 -0.006799 0.000216
v -0.008994 -0.008085 0.000296
v -0.006610 -0.009273 0.000527
v -0.009123 -0.007218 0.000045
v -0.006691 -0.008508 0.000170
v -0.004056 -0.009640 0.000427
v -0.009264 -0.006225 -0.000122
v -0.006787 -0.007589 -0.000085
v -0.004123 -0.008839 0.000069
v -0.001267 -0.009864 0.000335
v -0.006889 -0.006539 -0.000253
v -0.004197 -0.007879 -0.000185
v -0.001323 -0.009040 -0.000019
v 0.001723 -0.009907 0.000243
v -0.006986 -0.005380 -0.000353
v -0.004272 -0.006784 -0.000352
v -0.001381 -0.008055 -0.000269
v 0.001676 -0.009077 -0.000104
v 0.004867 -0.009743 0.000143
v -0.004344 -0.005576 -0.000450
v -0.001439 -0.006931 -0.000432
v 0.004829 -0.008924 -0.000195
v 0.008069 -0.009402 0.000044
v 0.001629 -0.008083 -0.000348
v -0.004408 -0.004278 -0.000496
v 0.008039 -0.008609 -0.000282
v 0.011218 -0.008924 -0.000042
v -0.001494 -0.005691 -0.000527
v 0.004791 -0.007944 -0.000432
v 0.001582 -0.006951 -0.000507
v -0.004461 -0.002913 -0.000509
v 0.011201 -0.008172 -0.000354
v 0.014205 -0.008353 -0.000104
v -0.001545 -0.004359 -0.000570
v 0.001538 -0.005701 -0.000599
v 0.008015 -0.007660 -0.000512
v 0.004754 -0.006826 -0.000587
v -0.004501 -0.001502 -0.000505
v 0.014208 -0.007652 -0.000398
v 0.016926 -0.007731 -0.000131
v -0.001588 -0.002957 -0.000581
v 0.001498 -0.004359 -0.000640
v 0.004720 -0.005593 -0.000676
v 0.007995 -0.006577 -0.000662
v 0.011202 -0.007268 -0.000575
v 0.016959 -0.007089 -0.000404
v 0.019290 -0.007103 -0.000121
v 0.014251 -0.006803 -0.000608
v 0.011211 -0.006235 -0.000720
v 0.007975 -0.005382 -0.000749
v 0.004688 -0.004268 -0.000716
v 0.019375 -0.006529 -0.000364
v 0.021204 -0.006523 -0.000075
v 0.017068 -0.006301 -0.000599
v 0.014310 -0.005830 -0.000747
v 0.011218 -0.005095 -0.000804
v 0.021390 -0.006022 -0.000273
v 0.022434 -0.006105 -0.000017
v 0.019591 -0.005802 -0.000539
v 0.017205 -0.005393 -0.000730
v 0.007954 -0.004099 -0.000788
v 0.014363 -0.004755 -0.000828
v 0.011216 -0.003871 -0.000844
v 0.021769 -0.005347 -0.000416
v 0.019836 -0.004957 -0.000657
v 0.017328 -0.004389 -0.000807
v 0.014392 -0.003602 -0.000867
v 0.022960 -0.005646 -0.000116
v 0.004659 -0.002875 -0.000724
v 0.007933 -0.002750 -0.000798
v 0.011206 -0.002584 -0.000853
v 0.001462 -0.002947 -0.000649
v -0.001622 -0.001510 -0.000576
v 0.001434 -0.001489 -0.000643
v 0.004635 -0.001436 -0.000719
v -0.004525 -0.000069 -0.000503
v -0.001644 -0.000039 -0.000573
v -0.004531 0.001364 -0.000514
v 0.001413 -0.000007 -0.000640
v 0.007914 -0.001356 -0.000793
v -0.004521 0.002775 -0.000526
v -0.001653 0.001432 -0.000585
v 0.004616 0.000026 -0.000716
v -0.004496 0.004142 -0.000522
v -0.001649 0.002880 -0.000599
v 0.001403 0.001475 -0.000652
v -0.004459 0.005441 -0.000483
v -0.001636 0.004282 -0.000597
v 0.001400 0.002933 -0.000667
v 0.004604 0.001489 -0.000728
v 0.007897 0.000061 -0.000790
v -0.004413 0.006651 -0.000393
v -0.001613 0.005615 -0.000561
v 0.001406 0.004346 -0.000666
v 0.004598 0.002928 -0.000742
v -0.004361 0.007748 -0.000233
v -0.001584 0.006856 -0.000474
v -0.001549 0.007982 -0.000318
v 0.001418 0.005689 -0.000633
v 0.001459 0.008074 -0.000398
v 0.001436 0.006939 -0.000550
v 0.004597 0.004322 -0.000742
v 0.004623 0.008000 -0.000481
v 0.004602 0.005647 -0.000710
v 0.004610 0.006880 -0.000629
v 0.007853 0.007783 -0.000559
v 0.007855 0.006699 -0.000703
v 0.007860 0.005504 -0.000782
v 0.007867 0.004221 -0.000814
v 0.007874 0.002871 -0.000815
v 0.011047 0.007458 -0.000620
v 0.011078 0.006424 -0.000758
v 0.011109 0.005284 -0.000836
v 0.011133 0.004060 -0.000868
v 0.014105 0.007057 -0.000650
v 0.014185 0.006084 -0.000783
v 0.014260 0.005011 -0.000858
v 0.016932 0.006615 -0.000638
v 0.017089 0.005709 -0.000763
v 0.019466 0.006169 -0.000575
v 0.011150 0.002774 -0.000870
v 0.014314 0.003859 -0.000889
v 0.017232 0.004707 -0.000835
v 0.019728 0.005328 -0.000688
v 0.021652 0.005761 -0.000450
v 0.014347 0.002648 -0.000892
v 0.017329 0.003633 -0.000865
v 0.019955 0.004397 -0.000753
v 0.022046 0.004975 -0.000545
v 0.023455 0.005435 -0.000251
v 0.017385 0.002505 -0.000868
v 0.020106 0.003401 -0.000780
v 0.022364 0.004106 -0.000600
v 0.023989 0.004682 -0.000322
v 0.024858 0.005228 0.000031
v 0.020189 0.002357 -0.000782
v 0.022570 0.003181 -0.000621
v 0.024393 0.003859 -0.000363
v 0.025522 0.004473 -0.000013
v 0.025915 0.005110 0.000387
v 0.022681 0.002216 -0.000619
v 0.024649 0.002992 -0.000374
v 0.025996 0.003675 -0.000034
v 0.026681 0.004337 0.000370
v 0.026692 0.005046 0.000804
v 0.024786 0.002092 -0.000366
v 0.026292 0.002847 -0.000030
v 0.027208 0.003547 0.000373
v 0.027522 0.004254 0.000812
v 0.027229 0.005012 0.001266
v 0.026449 0.001996 -0.000012
v 0.027533 0.002742 0.000394
v 0.028084 0.003463 0.000837
v 0.028095 0.004206 0.001293
v 0.027565 0.004994 0.001753
v 0.027705 0.001926 0.000424
v 0.028430 0.002671 0.000877
v 0.028680 0.003412 0.001340
v 0.028451 0.004179 0.001796
v 0.028612 0.001877 0.000921
v 0.029039 0.002626 0.001398
v 0.029049 0.003383 0.001861
v 0.029228 0.001846 0.001456
v 0.029416 0.002600 0.001935
v 0.029610 0.001827 0.002005
v 0.028643 0.004166 0.002298
v 0.029248 0.003369 0.002377
v 0.029620 0.002587 0.002465
v 0.029816 0.001819 0.002547
v 0.027746 0.004986 0.002243
v 0.026500 0.005831 0.002226
v 0.024847 0.006708 0.002262
v 0.022753 0.007613 0.002359
v 0.020271 0.008517 0.002511
v 0.017483 0.009383 0.002703
v 0.014465 0.010175 0.002922
v 0.011297 0.010857 0.003155
v 0.008059 0.011391 0.003389
v 0.004834 0.011740 0.003608
v 0.001701 0.011866 0.003801
v 0.001727 0.011895 0.004421
v 0.004860 0.011768 0.004213
v 0.004882 0.011774 0.004753
v 0.008085 0.011418 0.003974
v 0.011324 0.010882 0.003718
v 0.008125 0.011422 0.004937
v 0.008107 0.011424 0.004496
v 0.011374 0.010863 0.005002
v 0.011346 0.010888 0.004221
v 0.011363 0.010886 0.004646
v 0.014496 0.010198 0.003461
v 0.014526 0.010127 0.004989
v 0.014538 0.010182 0.004696
v 0.014533 0.010201 0.004352
v 0.014517 0.010202 0.003943
v 0.017521 0.009401 0.003218
v 0.017439 0.009259 0.004942
v 0.017518 0.009345 0.004690
v 0.017552 0.009389 0.004405
v 0.017556 0.009404 0.004074
v 0.017542 0.009405 0.003681
v 0.020318 0.008530 0.003005
v 0.019933 0.008325 0.004909
v 0.020144 0.008429 0.004676
v 0.020276 0.008491 0.004427
v 0.020338 0.008522 0.004150
v 0.020352 0.008533 0.003829
v 0.020340 0.008533 0.003450
v 0.022809 0.007621 0.002837
v 0.022832 0.007624 0.003268
v 0.022841 0.007624 0.003636
v 0.022816 0.007618 0.003948
v 0.022725 0.007600 0.004220
v 0.024913 0.006712 0.002729
v 0.024936 0.006714 0.003152
v 0.024944 0.006715 0.003512
v 0.024909 0.006713 0.003819
v 0.026573 0.005832 0.002691
v 0.026597 0.005833 0.003111
v 0.026603 0.005835 0.003470
v 0.027824 0.004984 0.002712
v 0.027849 0.004985 0.003135
v 0.028725 0.004163 0.002776
v 0.024792 0.006707 0.004088
v 0.026561 0.005837 0.003775
v 0.027854 0.004986 0.003496
v 0.028751 0.004163 0.003206
v 0.029333 0.003364 0.002866
v 0.026424 0.005841 0.004043
v 0.027807 0.004991 0.003802
v 0.028755 0.004165 0.003571
v 0.029359 0.003365 0.003304
v 0.029707 0.002584 0.002965
v 0.027655 0.005002 0.004071
v 0.028704 0.004172 0.003881
v 0.029364 0.003367 0.003676
v 0.029733 0.002585 0.003412
v 0.029904 0.001817 0.003057
v 0.028542 0.004188 0.004152
v 0.029310 0.003374 0.003991
v 0.029738 0.002587 0.003791
v 0.029931 0.001818 0.003513
v 0.029142 0.003391 0.004266
v 0.029683 0.002593 0.004112
v 0.029936 0.001820 0.003898
v 0.029511 0.002608 0.004391
v 0.029880 0.001825 0.004224
v 0.029706 0.001836 0.004507
v 0.030010 0.001060 0.003587
v 0.030015 0.001062 0.003978
v 0.029959 0.001064 0.004307
v 0.029785 0.001070 0.004593
v 0.029983 0.001059 0.003125
v 0.029895 0.001059 0.002608
v 0.029688 0.001061 0.002058
v 0.029304 0.001068 0.001500
v 0.028685 0.001081 0.000957
v 0.027774 0.001102 0.000452
v 0.026513 0.001131 0.000008
v 0.024843 0.001171 -0.000351
v 0.022729 0.001223 -0.000608
v 0.020227 0.001282 -0.000772
v 0.017413 0.001342 -0.000858
v 0.014367 0.001398 -0.000881
v 0.011164 0.001445 -0.000857
v 0.007884 0.001477 -0.000801
v 0.011178 0.000095 -0.000847
v 0.014381 0.000128 -0.000872
v 0.017428 0.000161 -0.000849
v 0.020242 0.000190 -0.000763
v 0.011193 -0.001255 -0.000849
v 0.014393 -0.001141 -0.000874
v 0.014400 -0.002391 -0.000877
v 0.017438 -0.001021 -0.000851
v 0.017434 -0.002184 -0.000854
v 0.017402 -0.003313 -0.000844
v 0.020250 -0.000901 -0.000765
v 0.020234 -0.001977 -0.000769
v 0.020173 -0.003022 -0.000761
v 0.020044 -0.004021 -0.000727
v 0.022146 -0.004554 -0.000516
v 0.022446 -0.003679 -0.000576
v 0.022632 -0.002750 -0.000603
v 0.022723 -0.001782 -0.000607
v 0.022750 -0.000789 -0.000602
v 0.023565 -0.004983 -0.000219
v 0.024082 -0.004219 -0.000295
v 0.024469 -0.003388 -0.000341
v 0.024707 -0.002515 -0.000357
v 0.022745 0.000217 -0.000599
v 0.024825 -0.001613 -0.000355
v 0.024859 0.000240 -0.000341
v 0.024862 -0.000691 -0.000345
v 0.026530 0.000259 0.000019
v 0.026531 -0.000614 0.000013
v 0.026485 -0.001480 -0.000002
v 0.026346 -0.002334 -0.000015
v 0.027792 0.000273 0.000465
v 0.027792 -0.000555 0.000457
v 0.027740 -0.001381 0.000434
v 0.028703 0.000285 0.000973
v 0.028702 -0.000512 0.000962
v 0.029322 0.000293 0.001519
v 0.026068 -0.003168 -0.000013
v 0.027585 -0.002201 0.000409
v 0.028646 -0.001310 0.000931
v 0.029320 -0.000483 0.001505
v 0.029706 0.000298 0.002081
v 0.027277 -0.003012 0.000393
v 0.025610 -0.003976 0.000012
v 0.029261 -0.001262 0.001465
v 0.029704 -0.000465 0.002063
v 0.029913 0.000302 0.002633
v 0.026767 -0.003813 0.000395
v 0.024963 -0.004744 0.000061
v 0.029642 -0.001233 0.002014
v 0.029911 -0.000454 0.002612
v 0.030002 0.000305 0.003153
v 0.026017 -0.004602 0.000417
v 0.024111 -0.005461 0.000127
v 0.029848 -0.001216 0.002556
v 0.029999 -0.000449 0.003130
v 0.030029 0.000306 0.003618
v 0.024986 -0.005383 0.000454
v 0.022978 -0.006137 0.000181
v 0.029936 -0.001209 0.003066
v 0.030026 -0.000447 0.003592
v 0.030034 0.000308 0.004010
v 0.023607 -0.006167 0.000498
v 0.021419 -0.006808 0.000194
v 0.021204 -0.006523 -0.000075
v 0.029963 -0.001207 0.003522
v 0.030031 -0.000446 0.003982
v 0.029978 0.000308 0.004340
v 0.021827 -0.006964 0.000539
v 0.019411 -0.007503 0.000199
v 0.019290 -0.007103 -0.000121
v 0.029968 -0.001207 0.003907
v 0.029975 -0.000448 0.004311
v 0.029803 0.000307 0.004628
v 0.019663 -0.007763 0.000589
v 0.017001 -0.008209 0.000227
v 0.016926 -0.007731 -0.000131
v 0.029912 -0.001211 0.004233
v 0.029801 -0.000456 0.004598
v 0.017152 -0.008545 0.000658
v 0.014257 -0.008891 0.000284
v 0.014205 -0.008353 -0.000104
v 0.029738 -0.001224 0.004516
v 0.014348 -0.009283 0.000750
v 0.011258 -0.009509 0.000370
v 0.011218 -0.008924 -0.000042
v 0.011315 -0.009944 0.000866
v 0.008105 -0.010022 0.000476
v 0.008069 -0.009402 0.000044
v 0.008147 -0.010487 0.000996
v 0.004906 -0.010386 0.000591
v 0.004867 -0.009743 0.000143
v 0.004945 -0.010869 0.001130
v 0.001768 -0.010559 0.000703
v 0.001723 -0.009907 0.000243
v 0.001810 -0.011049 0.001257
v -0.001215 -0.010511 0.000804
v -0.001267 -0.009864 0.000335
v -0.001168 -0.010996 0.001367
v -0.003999 -0.010268 0.000899
v -0.004056 -0.009640 0.000427
v -0.003951 -0.010738 0.001467
v -0.006551 -0.009869 0.000998
v -0.006610 -0.009273 0.000527
v -0.006510 -0.010312 0.001563
v -0.008840 -0.009353 0.001109
v -0.008895 -0.008801 0.000647
v -0.008820 -0.009757 0.001663
v -0.010838 -0.008759 0.001237
v -0.010879 -0.008264 0.000793
v -0.010856 -0.009110 0.001771
v -0.012529 -0.008124 0.001376
v -0.012538 -0.007706 0.000964
v -0.012615 -0.008403 0.001882
v -0.013905 -0.007483 0.001511
v -0.013842 -0.007178 0.001148
v -0.014976 -0.006845 0.001598
v -0.014666 -0.006791 0.001302
v -0.015328 -0.006903 0.002055
v -0.014101 -0.007662 0.001983
v -0.015624 -0.006947 0.002607
v -0.014301 -0.007775 0.002542
v -0.015839 -0.006977 0.003223
v -0.012728 -0.008584 0.002462
v -0.014458 -0.007845 0.003161
v -0.015964 -0.006995 0.003874
v -0.010900 -0.009348 0.002375
v -0.012825 -0.008696 0.003095
v -0.014548 -0.007886 0.003814
v -0.016017 -0.007003 0.004528
v -0.008818 -0.010038 0.002284
v -0.010943 -0.009499 0.003025
v -0.012878 -0.008762 0.003756
v -0.014584 -0.007906 0.004468
v -0.016023 -0.007005 0.005152
v -0.006481 -0.010625 0.002195
v -0.008819 -0.010222 0.002950
v -0.010963 -0.009589 0.003697
v -0.012894 -0.008795 0.004415
v -0.014583 -0.007913 0.005091
v -0.016008 -0.007004 0.005714
v -0.003910 -0.011073 0.002102
v -0.006457 -0.010833 0.002869
v -0.008811 -0.010332 0.003633
v -0.010961 -0.009634 0.004363
v -0.012886 -0.008806 0.005041
v -0.014566 -0.007912 0.005652
v -0.001126 -0.011343 0.001998
v -0.003874 -0.011296 0.002778
v -0.006432 -0.010958 0.003559
v -0.008794 -0.010387 0.004306
v -0.014556 -0.007911 0.005904
v -0.016000 -0.007003 0.005904
v -0.012856 -0.008804 0.005904
v -0.012868 -0.008806 0.005603
v -0.010912 -0.009647 0.005904
v -0.010946 -0.009649 0.004994
v -0.010926 -0.009650 0.005558
v -0.008737 -0.010404 0.005904
v -0.008774 -0.010407 0.004940
v -0.006407 -0.011021 0.004235
v -0.008753 -0.010408 0.005506
v -0.006361 -0.011044 0.005439
v -0.006342 -0.011040 0.005904
v -0.006383 -0.011043 0.004871
v -0.003841 -0.011431 0.003468
v -0.003812 -0.011499 0.004145
v -0.001087 -0.011575 0.002670
v -0.003744 -0.011519 0.005823
v -0.005971 -0.011108 0.005904
v -0.003741 -0.011514 0.005904
v -0.003785 -0.011522 0.004780
v -0.001052 -0.011714 0.003355
v 0.001850 -0.011398 0.001877
v 0.001886 -0.011632 0.002538
v 0.004982 -0.011214 0.001735
v -0.001022 -0.011785 0.004026
v -0.003763 -0.011524 0.005346
v 0.001920 -0.011773 0.003212
v 0.008190 -0.010818 0.001579
v 0.005017 -0.011444 0.002379
v -0.000995 -0.011810 0.004657
v -0.000972 -0.011812 0.005218
v 0.011378 -0.010251 0.001422
v 0.001950 -0.011844 0.003873
v 0.008230 -0.011038 0.002201
v 0.005050 -0.011583 0.003036
v 0.014455 -0.009555 0.001274
v 0.001977 -0.011869 0.004493
v 0.011438 -0.010454 0.002016
v 0.008266 -0.011171 0.002835
v 0.005080 -0.011653 0.003680
v 0.017331 -0.008770 0.001145
v 0.014554 -0.009732 0.001835
v 0.011486 -0.010576 0.002623
v 0.008297 -0.011238 0.003457
v 0.005106 -0.011678 0.004284
v 0.019943 -0.007927 0.001037
v 0.017493 -0.008911 0.001670
v 0.014627 -0.009838 0.002413
v 0.011523 -0.010638 0.003221
v 0.022235 -0.007057 0.000952
v 0.020187 -0.008027 0.001528
v 0.017607 -0.008995 0.002216
v 0.024153 -0.006188 0.000890
v 0.022567 -0.007112 0.001415
v 0.025660 -0.005343 0.000851
v 0.008323 -0.011262 0.004043
v 0.014676 -0.009891 0.002983
v 0.020351 -0.008085 0.002044
v 0.024569 -0.006201 0.001337
v 0.026792 -0.004519 0.000833
v 0.011550 -0.010659 0.003783
v 0.017676 -0.009037 0.002759
v 0.022786 -0.007143 0.001907
v 0.026144 -0.005321 0.001299
v 0.027606 -0.003709 0.000836
v 0.014707 -0.009910 0.003522
v 0.020446 -0.008113 0.002561
v 0.024836 -0.006208 0.001816
v 0.027329 -0.004471 0.001294
v 0.028151 -0.002907 0.000857
v 0.017715 -0.009051 0.003274
v 0.022908 -0.007158 0.002404
v 0.026451 -0.005307 0.001776
v 0.028177 -0.003647 0.001317
v 0.028480 -0.002108 0.000892
v 0.028745 -0.002841 0.001359
v 0.029088 -0.002047 0.001412
v 0.027664 -0.004443 0.001782
v 0.024983 -0.006210 0.002301
v 0.028533 -0.003610 0.001820
v 0.029465 -0.002010 0.001949
v 0.029114 -0.002800 0.001879
v 0.026617 -0.005300 0.002260
v 0.029668 -0.001989 0.002479
v 0.027845 -0.004428 0.002272
v 0.029313 -0.002779 0.002395
v 0.028724 -0.003590 0.002322
v 0.029755 -0.001981 0.002979
v 0.029398 -0.002770 0.002884
v 0.028806 -0.003581 0.002799
v 0.027923 -0.004421 0.002741
v 0.026690 -0.005296 0.002725
v 0.029781 -0.001978 0.003426
v 0.029424 -0.002767 0.003323
v 0.028832 -0.003579 0.003229
v 0.027948 -0.004419 0.003164
v 0.029786 -0.001978 0.003805
v 0.029428 -0.002767 0.003694
v 0.028837 -0.003579 0.003594
v 0.029731 -0.001984 0.004126
v 0.029375 -0.002773 0.004009
v 0.029559 -0.002001 0.004405
v 0.026714 -0.005294 0.003145
v 0.027953 -0.004419 0.003524
v 0.028785 -0.003584 0.003904
v 0.029206 -0.002792 0.004285
v 0.026720 -0.005293 0.003504
v 0.027905 -0.004423 0.003831
v 0.028624 -0.003602 0.004176
v 0.026678 -0.005294 0.003809
v 0.027754 -0.004435 0.004100
v 0.026541 -0.005299 0.004077
v 0.028868 -0.002830 0.004537
v 0.028298 -0.003636 0.004426
v 0.027448 -0.004461 0.004348
v 0.026263 -0.005310 0.004323
v 0.029213 -0.002036 0.004661
v 0.029388 -0.001251 0.004775
v 0.029449 -0.000472 0.004859
v 0.029452 0.000304 0.004890
v 0.029433 0.001080 0.004854
v 0.029356 0.001857 0.004766
v 0.029164 0.002637 0.004647
v 0.028802 0.003423 0.004518
v 0.028215 0.004217 0.004402
v 0.027348 0.005023 0.004319
v 0.026146 0.005847 0.004289
v 0.024554 0.006694 0.004334
v 0.022538 0.007564 0.004467
v 0.022236 0.007502 0.004701
v 0.024166 0.006673 0.004570
v 0.025689 0.005859 0.004527
v 0.026839 0.005059 0.004559
v 0.027672 0.004267 0.004645
v 0.021856 0.007400 0.004926
v 0.023647 0.006640 0.004798
v 0.023041 0.006596 0.005016
v 0.025040 0.005885 0.004763
v 0.026090 0.005126 0.004803
v 0.024188 0.005944 0.004999
v 0.023055 0.006105 0.005237
v 0.025059 0.005245 0.005059
v 0.026859 0.004352 0.004895
v 0.021496 0.006449 0.005485
v 0.021285 0.006946 0.005329
v 0.023680 0.005455 0.005334
v 0.025727 0.004491 0.005164
v 0.019489 0.006914 0.005766
v 0.019373 0.007486 0.005561
v 0.021901 0.005782 0.005638
v 0.022305 0.004997 0.005803
v 0.024222 0.004702 0.005464
v 0.020166 0.006111 0.005904
v 0.019656 0.006426 0.005904
v 0.018447 0.007135 0.005904
v 0.017011 0.008065 0.005848
v 0.017027 0.007914 0.005904
v 0.016542 0.008162 0.005904
v 0.021685 0.005093 0.005904
v 0.022494 0.004496 0.005904
v 0.021945 0.004897 0.005904
v 0.022859 0.004211 0.005904
v 0.023036 0.004079 0.005904
v 0.024633 0.003880 0.005613
v 0.024163 0.003082 0.005904
v 0.026207 0.003693 0.005297
v 0.024896 0.003013 0.005767
v 0.027390 0.003563 0.005019
v 0.025036 0.002128 0.005904
v 0.024400 0.002814 0.005904
v 0.025045 0.002117 0.005904
v 0.025049 0.002113 0.005904
v 0.026509 0.002865 0.005440
v 0.028237 0.003477 0.004764
v 0.027720 0.002759 0.005155
v 0.028586 0.002685 0.004896
v 0.026670 0.002015 0.005570
v 0.028771 0.001891 0.005018
v 0.027895 0.001943 0.005280
v 0.025593 0.001181 0.005904
v 0.025468 0.001387 0.005904
v 0.028846 0.001095 0.005108
v 0.027967 0.001119 0.005373
v 0.026737 0.001151 0.005666
v 0.026755 0.000278 0.005705
v 0.025802 0.000269 0.005904
v 0.025755 0.000000 0.005904
v 0.025639 -0.000645 0.005904
v 0.028865 0.000299 0.005145
v 0.027986 0.000290 0.005410
v 0.026755 -0.000594 0.005672
v 0.028863 -0.000498 0.005113
v 0.027984 -0.000538 0.005378
v 0.026707 -0.001461 0.005581
v 0.025142 -0.001586 0.005904
v 0.028805 -0.001296 0.005027
v 0.027930 -0.001364 0.005290
v 0.026563 -0.002315 0.005456
v 0.028636 -0.002094 0.004910
v 0.027772 -0.002184 0.005170
v 0.028304 -0.002894 0.004784
v 0.027459 -0.002996 0.005039
v 0.027755 -0.003696 0.004670
v 0.024954 -0.002494 0.005784
v 0.025064 -0.001683 0.005904
v 0.024314 -0.002567 0.005904
v 0.024709 -0.003368 0.005635
v 0.023244 -0.003580 0.005904
v 0.026279 -0.003150 0.005318
v 0.026945 -0.003797 0.004920
v 0.026940 -0.004506 0.004589
v 0.024315 -0.004199 0.005491
v 0.025816 -0.003958 0.005190
v 0.026192 -0.004587 0.004833
v 0.025806 -0.005330 0.004561
v 0.025163 -0.004727 0.005089
v 0.025159 -0.005368 0.004797
v 0.022405 -0.004532 0.005832
v 0.022536 -0.004161 0.005904
v 0.021968 -0.004609 0.005904
v 0.022017 -0.005326 0.005672
v 0.020521 -0.005641 0.005904
v 0.023790 -0.004964 0.005366
v 0.024307 -0.005444 0.005034
v 0.021627 -0.006002 0.005523
v 0.023178 -0.005627 0.005273
v 0.019630 -0.006508 0.005807
v 0.019743 -0.006154 0.005904
v 0.018907 -0.006676 0.005904
v 0.019526 -0.007084 0.005605
v 0.021426 -0.006505 0.005370
v 0.017176 -0.007710 0.005896
v 0.017178 -0.007688 0.005904
v 0.017111 -0.007725 0.005904
v 0.022647 -0.006087 0.005223
v 0.023175 -0.006120 0.005055
v 0.021426 -0.006505 0.005370
v 0.023781 -0.006152 0.004837
v 0.021622 -0.006791 0.005182
v 0.019526 -0.007084 0.005605
v 0.024301 -0.006175 0.004609
v 0.022007 -0.006949 0.004969
v 0.019625 -0.007485 0.005397
v 0.017176 -0.007710 0.005896
v 0.024689 -0.006190 0.004373
v 0.022388 -0.007044 0.004745
v 0.019851 -0.007747 0.005181
v 0.017227 -0.008190 0.005672
v 0.024928 -0.006200 0.004127
v 0.022692 -0.007101 0.004511
v 0.020103 -0.007914 0.004959
v 0.025045 -0.006205 0.003858
v 0.022880 -0.007135 0.004265
v 0.025080 -0.006208 0.003551
v 0.015225 -0.008690 0.005904
v 0.014557 -0.009266 0.005764
v 0.017111 -0.007725 0.005904
v 0.014519 -0.009020 0.005904
v 0.013286 -0.009544 0.005904
v 0.011565 -0.010236 0.005870
v 0.011560 -0.010189 0.005904
v 0.011235 -0.010294 0.005904
v 0.008896 -0.010933 0.005904
v 0.022971 -0.007153 0.003993
v 0.017350 -0.008529 0.005452
v 0.017499 -0.008756 0.005230
v 0.014632 -0.009541 0.005540
v 0.020317 -0.008016 0.004726
v 0.017630 -0.008900 0.004997
v 0.020450 -0.008076 0.004478
v 0.014698 -0.009720 0.005306
v 0.017711 -0.008986 0.004746
v 0.020513 -0.008108 0.004200
v 0.011589 -0.010442 0.005632
v 0.008385 -0.011161 0.005686
v 0.008387 -0.011051 0.005904
v 0.005993 -0.011468 0.005904
v 0.005170 -0.011590 0.005904
v 0.014736 -0.009829 0.005049
v 0.022996 -0.007160 0.003681
v 0.017746 -0.009031 0.004461
v 0.011601 -0.010567 0.005370
v 0.014749 -0.009885 0.004757
v 0.020527 -0.008120 0.003880
v 0.025072 -0.006209 0.003191
v 0.022987 -0.007162 0.003313
v 0.025049 -0.006210 0.002768
v 0.022964 -0.007163 0.002881
v 0.017750 -0.009048 0.004130
v 0.020515 -0.008123 0.003501
v 0.020493 -0.008123 0.003055
v 0.017736 -0.009052 0.003737
v 0.014744 -0.009907 0.004413
v 0.014729 -0.009911 0.004004
v 0.011600 -0.010631 0.005068
v 0.011589 -0.010656 0.004712
v 0.011572 -0.010661 0.004286
v 0.008377 -0.011232 0.005375
v 0.008364 -0.011258 0.005006
v 0.008346 -0.011263 0.004565
v 0.005162 -0.011647 0.005659
v 0.002034 -0.011837 0.005904
v 0.005147 -0.011674 0.005279
v 0.005129 -0.011680 0.004824
v 0.002034 -0.011838 0.005900
v 0.001981 -0.011837 0.005904
v -0.000945 -0.011791 0.005904
v 0.002019 -0.011866 0.005512
v 0.002000 -0.011871 0.005046
v -0.000952 -0.011806 0.005692
v -0.034203 0.033902 -0.014255
v -0.033967 0.033331 -0.014255
v -0.033419 0.033624 -0.014255
v -0.033763 0.034137 -0.014255
v -0.034681 0.033757 -0.014255
v -0.032940 0.034017 -0.014255
v -0.034561 0.033151 -0.014255
v -0.033376 0.034454 -0.014255
v -0.035179 0.033708 -0.014255
v -0.032546 0.034497 -0.014255
v -0.035179 0.033090 -0.014255
v -0.033059 0.034840 -0.014255
v -0.035676 0.033757 -0.014255
v -0.032253 0.035045 -0.014255
v -0.035796 0.033151 -0.014255
v -0.032824 0.035281 -0.014255
v -0.036154 0.033902 -0.014255
v -0.032073 0.035639 -0.014255
v -0.036390 0.033331 -0.014255
v -0.032679 0.035759 -0.014255
v -0.036594 0.034137 -0.014255
v -0.032012 0.036256 -0.014255
v -0.036938 0.033624 -0.014255
v -0.032630 0.036256 -0.014255
v -0.036981 0.034454 -0.014255
v -0.032073 0.036874 -0.014255
v -0.037418 0.034017 -0.014255
v -0.032679 0.036754 -0.014255
v -0.037298 0.034840 -0.014255
v -0.032253 0.037468 -0.014255
v -0.037811 0.034497 -0.014255
v -0.032824 0.037232 -0.014255
v -0.037533 0.035281 -0.014255
v -0.032546 0.038016 -0.014255
v -0.038104 0.035045 -0.014255
v -0.033059 0.037672 -0.014255
v -0.037678 0.035759 -0.014255
v -0.032940 0.038495 -0.014255
v -0.038284 0.035639 -0.014255
v -0.033376 0.038059 -0.014255
v -0.037727 0.036256 -0.014255
v -0.033419 0.038889 -0.014255
v -0.038345 0.036256 -0.014255
v -0.033763 0.038376 -0.014255
v -0.037678 0.036754 -0.014255
v -0.033967 0.039182 -0.014255
v -0.038284 0.036874 -0.014255
v -0.034203 0.038611 -0.014255
v -0.037533 0.037232 -0.014255
v -0.034561 0.039362 -0.014255
v -0.038104 0.037468 -0.014255
v -0.034681 0.038756 -0.014255
v -0.037298 0.037672 -0.014255
v -0.035179 0.039423 -0.014255
v -0.037811 0.038016 -0.014255
v -0.035179 0.038805 -0.014255
v -0.036981 0.038059 -0.014255
v -0.035796 0.039362 -0.014255
v -0.037418 0.038495 -0.014255
v -0.035676 0.038756 -0.014255
v -0.036594 0.038376 -0.014255
v -0.036390 0.039182 -0.014255
v -0.036938 0.038889 -0.014255
v -0.036154 0.038611 -0.014255
v 0.036594 0.038376 -0.013625
v 0.036981 0.038059 -0.014255
v 0.036594 0.038376 -0.014255
v 0.036981 0.038059 -0.013625
v 0.036154 0.038611 -0.013625
v 0.037298 0.037672 -0.014255
v 0.036154 0.038611 -0.014255
v 0.037298 0.037672 -0.013625
v 0.035676 0.038756 -0.013625
v 0.037533 0.037232 -0.014255
v 0.035676 0.038756 -0.014255
v 0.037533 0.037232 -0.013625
v 0.035179 0.038805 -0.013625
v 0.037678 0.036754 -0.014255
v 0.035179 0.038805 -0.014255
v 0.037678 0.036754 -0.013625
v 0.034681 0.038756 -0.013625
v 0.037727 0.036256 -0.014255
v 0.034681 0.038756 -0.014255
v 0.037727 0.036256 -0.013625
v 0.034203 0.038611 -0.013625
v 0.037678 0.035759 -0.014255
v 0.034203 0.038611 -0.014255
v 0.037678 0.035759 -0.013625
v 0.033763 0.038376 -0.013625
v 0.037533 0.035281 -0.014255
v 0.033763 0.038376 -0.014255
v 0.037533 0.035281 -0.013625
v 0.033376 0.038059 -0.013625
v 0.037298 0.034840 -0.014255
v 0.033376 0.038059 -0.014255
v 0.037298 0.034840 -0.013625
v 0.033059 0.037672 -0.013625
v 0.036981 0.034454 -0.014255
v 0.033059 0.037672 -0.014255
v 0.036981 0.034454 -0.013625
v 0.032824 0.037232 -0.013625
v 0.036594 0.034137 -0.014255
v 0.032824 0.037232 -0.014255
v 0.036594 0.034137 -0.013625
v 0.032679 0.036754 -0.013625
v 0.036154 0.033902 -0.014255
v 0.032679 0.036754 -0.014255
v 0.036154 0.033902 -0.013625
v 0.032630 0.036256 -0.013625
v 0.035676 0.033757 -0.014255
v 0.032630 0.036256 -0.014255
v 0.035676 0.033757 -0.013625
v 0.032679 0.035759 -0.013625
v 0.035179 0.033708 -0.014255
v 0.032679 0.035759 -0.014255
v 0.035179 0.033708 -0.013625
v 0.032824 0.035281 -0.013625
v 0.034681 0.033757 -0.014255
v 0.032824 0.035281 -0.014255
v 0.034681 0.033757 -0.013625
v 0.033059 0.034840 -0.013625
v 0.034203 0.033902 -0.014255
v 0.033059 0.034840 -0.014255
v 0.034203 0.033902 -0.013625
v 0.033376 0.034454 -0.013625
v 0.033763 0.034137 -0.014255
v 0.033376 0.034454 -0.014255
v 0.033763 0.034137 -0.013625
v 0.034203 0.033902 -0.014255
v 0.033419 0.033624 -0.014255
v 0.033967 0.033331 -0.014255
v 0.033763 0.034137 -0.014255
v 0.034681 0.033757 -0.014255
v 0.032940 0.034017 -0.014255
v 0.034561 0.033151 -0.014255
v 0.033376 0.034454 -0.014255
v 0.035179 0.033708 -0.014255
v 0.032546 0.034497 -0.014255
v 0.035179 0.033090 -0.014255
v 0.033059 0.034840 -0.014255
v 0.035676 0.033757 -0.014255
v 0.032253 0.035045 -0.014255
v 0.035796 0.033151 -0.014255
v 0.032824 0.035281 -0.014255
v 0.036154 0.033902 -0.014255
v 0.032073 0.035639 -0.014255
v 0.036390 0.033331 -0.014255
v 0.032679 0.035759 -0.014255
v 0.036594 0.034137 -0.014255
v 0.032012 0.036256 -0.014255
v 0.036938 0.033624 -0.014255
v 0.032630 0.036256 -0.014255
v 0.036981 0.034454 -0.014255
v 0.032073 0.036874 -0.014255
v 0.037418 0.034017 -0.014255
v 0.032679 0.036754 -0.014255
v 0.037298 0.034840 -0.014255
v 0.032253 0.037468 -0.014255
v 0.037811 0.034497 -0.014255
v 0.032824 0.037232 -0.014255
v 0.037533 0.035281 -0.014255
v 0.032546 0.038016 -0.014255
v 0.038104 0.035045 -0.014255
v 0.033059 0.037672 -0.014255
v 0.037678 0.035759 -0.014255
v 0.032940 0.038495 -0.014255
v 0.038284 0.035639 -0.014255
v 0.033376 0.038059 -0.014255
v 0.037727 0.036256 -0.014255
v 0.033419 0.038889 -0.014255
v 0.038345 0.036256 -0.014255
v 0.033763 0.038376 -0.014255
v 0.037678 0.036754 -0.014255
v 0.033967 0.039182 -0.014255
v 0.038284 0.036874 -0.014255
v 0.034203 0.038611 -0.014255
v 0.037533 0.037232 -0.014255
v 0.034561 0.039362 -0.014255
v 0.038104 0.037468 -0.014255
v 0.034681 0.038756 -0.014255
v 0.037298 0.037672 -0.014255
v 0.035179 0.039423 -0.014255
v 0.037811 0.038016 -0.014255
v 0.035179 0.038805 -0.014255
v 0.036981 0.038059 -0.014255
v 0.035796 0.039362 -0.014255
v 0.037418 0.038495 -0.014255
v 0.035676 0.038756 -0.014255
v 0.036594 0.038376 -0.014255
v 0.036390 0.039182 -0.014255
v 0.036938 0.038889 -0.014255
v 0.036154 0.038611 -0.014255
v -0.036594 -0.038376 -0.013625
v -0.036981 -0.038059 -0.014255
v -0.036594 -0.038376 -0.014255
v -0.036981 -0.038059 -0.013625
v -0.036154 -0.038611 -0.013625
v -0.037298 -0.037672 -0.014255
v -0.036154 -0.038611 -0.014255
v -0.037298 -0.037672 -0.013625
v -0.035676 -0.038756 -0.013625
v -0.037533 -0.037232 -0.014255
v -0.035676 -0.038756 -0.014255
v -0.037533 -0.037232 -0.013625
v -0.035179 -0.038805 -0.013625
v -0.037678 -0.036754 -0.014255
v -0.035179 -0.038805 -0.014255
v -0.037678 -0.036754 -0.013625
v -0.034681 -0.038756 -0.013625
v -0.037727 -0.036256 -0.014255
v -0.034681 -0.038756 -0.014255
v -0.037727 -0.036256 -0.013625
v -0.034203 -0.038611 -0.013625
v -0.037678 -0.035759 -0.014255
v -0.034203 -0.038611 -0.014255
v -0.037678 -0.035759 -0.013625
v -0.033763 -0.038376 -0.013625
v -0.037533 -0.035281 -0.014255
v -0.033763 -0.038376 -0.014255
v -0.037533 -0.035281 -0.013625
v -0.033376 -0.038059 -0.013625
v -0.037298 -0.034840 -0.014255
v -0.033376 -0.038059 -0.014255
v -0.037298 -0.034840 -0.013625
v -0.033059 -0.037672 -0.013625
v -0.036981 -0.034454 -0.014255
v -0.033059 -0.037672 -0.014255
v -0.036981 -0.034454 -0.013625
v -0.032824 -0.037232 -0.013625
v -0.036594 -0.034137 -0.014255
v -0.032824 -0.037232 -0.014255
v -0.036594 -0.034137 -0.013625
v -0.032679 -0.036754 -0.013625
v -0.036154 -0.033902 -0.014255
v -0.032679 -0.036754 -0.014255
v -0.036154 -0.033902 -0.013625
v -0.032630 -0.036256 -0.013625
v -0.035676 -0.033757 -0.014255
v -0.032630 -0.036256 -0.014255
v -0.035676 -0.033757 -0.013625
v -0.032679 -0.035759 -0.013625
v -0.035179 -0.033708 -0.014255
v -0.032679 -0.035759 -0.014255
v -0.035179 -0.033708 -0.013625
v -0.032824 -0.035281 -0.013625
v -0.034681 -0.033757 -0.014255
v -0.032824 -0.035281 -0.014255
v -0.034681 -0.033757 -0.013625
v -0.033059 -0.034840 -0.013625
v -0.034203 -0.033902 -0.014255
v -0.033059 -0.034840 -0.014255
v -0.034203 -0.033902 -0.013625
v -0.033376 -0.034454 -0.013625
v -0.033763 -0.034137 -0.014255
v -0.033376 -0.034454 -0.014255
v -0.033763 -0.034137 -0.013625
v -0.034203 -0.033902 -0.014255
v -0.033419 -0.033624 -0.014255
v -0.033967 -0.033331 -0.014255
v -0.033763 -0.034137 -0.014255
v -0.034681 -0.033757 -0.014255
v -0.032940 -0.034017 -0.014255
v -0.034561 -0.033151 -0.014255
v -0.033376 -0.034454 -0.014255
v -0.035179 -0.033708 -0.014255
v -0.032546 -0.034497 -0.014255
v -0.035179 -0.033090 -0.014255
v -0.033059 -0.034840 -0.014255
v -0.035676 -0.033757 -0.014255
v -0.032253 -0.035045 -0.014255
v -0.035796 -0.033151 -0.014255
v -0.032824 -0.035281 -0.014255
v -0.036154 -0.033902 -0.014255
v -0.032073 -0.035639 -0.014255
v -0.036390 -0.033331 -0.014255
v -0.032679 -0.035759 -0.014255
v -0.036594 -0.034137 -0.014255
v -0.032012 -0.036256 -0.014255
v -0.036938 -0.033624 -0.014255
v -0.032630 -0.036256 -0.014255
v -0.036981 -0.034454 -0.014255
v -0.032073 -0.036874 -0.014255
v -0.037418 -0.034017 -0.014255
v -0.032679 -0.036754 -0.014255
v -0.037298 -0.034840 -0.014255
v -0.032253 -0.037468 -0.014255
v -0.037811 -0.034497 -0.014255
v -0.032824 -0.037232 -0.014255
v -0.037533 -0.035281 -0.014255
v -0.032546 -0.038016 -0.014255
v -0.038104 -0.035045 -0.014255
v -0.033059 -0.037672 -0.014255
v -0.037678 -0.035759 -0.014255
v -0.032940 -0.038495 -0.014255
v -0.038284 -0.035639 -0.014255
v -0.033376 -0.038059 -0.014255
v -0.037727 -0.036256 -0.014255
v -0.033419 -0.038889 -0.014255
v -0.038345 -0.036256 -0.014255
v -0.033763 -0.038376 -0.014255
v -0.037678 -0.036754 -0.014255
v -0.033967 -0.039182 -0.014255
v -0.038284 -0.036874 -0.014255
v -0.034203 -0.038611 -0.014255
v -0.037533 -0.037232 -0.014255
v -0.034561 -0.039362 -0.014255
v -0.038104 -0.037468 -0.014255
v -0.034681 -0.038756 -0.014255
v -0.037298 -0.037672 -0.014255
v -0.035179 -0.039423 -0.014255
v -0.037811 -0.038016 -0.014255
v -0.035179 -0.038805 -0.014255
v -0.036981 -0.038059 -0.014255
v -0.035796 -0.039362 -0.014255
v -0.037418 -0.038495 -0.014255
v -0.035676 -0.038756 -0.014255
v -0.036594 -0.038376 -0.014255
v -0.036390 -0.039182 -0.014255
v -0.036938 -0.038889 -0.014255
v -0.036154 -0.038611 -0.014255
v 0.036594 -0.038376 -0.013625
v 0.036594 -0.038376 -0.014255
v 0.036981 -0.038059 -0.014255
v 0.036981 -0.038059 -0.013625
v 0.036154 -0.038611 -0.013625
v 0.037298 -0.037672 -0.014255
v 0.036154 -0.038611 -0.014255
v 0.037298 -0.037672 -0.013625
v 0.035676 -0.038756 -0.013625
v 0.037533 -0.037232 -0.014255
v 0.035676 -0.038756 -0.014255
v 0.037533 -0.037232 -0.013625
v 0.035179 -0.038805 -0.013625
v 0.037678 -0.036754 -0.014255
v 0.035179 -0.038805 -0.014255
v 0.037678 -0.036754 -0.013625
v 0.034681 -0.038756 -0.013625
v 0.037727 -0.036256 -0.014255
v 0.034681 -0.038756 -0.014255
v 0.037727 -0.036256 -0.013625
v 0.034203 -0.038611 -0.013625
v 0.037678 -0.035759 -0.014255
v 0.034203 -0.038611 -0.014255
v 0.037678 -0.035759 -0.013625
v 0.033763 -0.038376 -0.013625
v 0.037533 -0.035281 -0.014255
v 0.033763 -0.038376 -0.014255
v 0.037533 -0.035281 -0.013625
v 0.033376 -0.038059 -0.013625
v 0.037298 -0.034840 -0.014255
v 0.033376 -0.038059 -0.014255
v 0.037298 -0.034840 -0.013625
v 0.033059 -0.037672 -0.013625
v 0.036981 -0.034454 -0.014255
v 0.033059 -0.037672 -0.014255
v 0.036981 -0.034454 -0.013625
v 0.032824 -0.037232 -0.013625
v 0.036594 -0.034137 -0.014255
v 0.032824 -0.037232 -0.014255
v 0.036594 -0.034137 -0.013625
v 0.032679 -0.036754 -0.013625
v 0.036154 -0.033902 -0.014255
v 0.032679 -0.036754 -0.014255
v 0.036154 -0.033902 -0.013625
v 0.032630 -0.036256 -0.013625
v 0.035676 -0.033757 -0.014255
v 0.032630 -0.036256 -0.014255
v 0.035676 -0.033757 -0.013625
v 0.032679 -0.035759 -0.013625
v 0.035179 -0.033708 -0.014255
v 0.032679 -0.035759 -0.014255
v 0.035179 -0.033708 -0.013625
v 0.032824 -0.035281 -0.013625
v 0.034681 -0.033757 -0.014255
v 0.032824 -0.035281 -0.014255
v 0.034681 -0.033757 -0.013625
v 0.033059 -0.034840 -0.013625
v 0.034203 -0.033902 -0.014255
v 0.033059 -0.034840 -0.014255
v 0.034203 -0.033902 -0.013625
v 0.033376 -0.034454 -0.013625
v 0.033763 -0.034137 -0.014255
v 0.033376 -0.034454 -0.014255
v 0.033763 -0.034137 -0.013625
v 0.034203 -0.033902 -0.014255
v 0.033967 -0.033331 -0.014255
v 0.033419 -0.033624 -0.014255
v 0.033763 -0.034137 -0.014255
v 0.034681 -0.033757 -0.014255
v 0.032940 -0.034017 -0.014255
v 0.034561 -0.033151 -0.014255
v 0.033376 -0.034454 -0.014255
v 0.035179 -0.033708 -0.014255
v 0.032546 -0.034497 -0.014255
v 0.035179 -0.033090 -0.014255
v 0.033059 -0.034840 -0.014255
v 0.035676 -0.033757 -0.014255
v 0.032253 -0.035045 -0.014255
v 0.035796 -0.033151 -0.014255
v 0.032824 -0.035281 -0.014255
v 0.036154 -0.033902 -0.014255
v 0.032073 -0.035639 -0.014255
v 0.036390 -0.033331 -0.014255
v 0.032679 -0.035759 -0.014255
v 0.036594 -0.034137 -0.014255
v 0.032012 -0.036256 -0.014255
v 0.036938 -0.033624 -0.014255
v 0.032630 -0.036256 -0.014255
v 0.036981 -0.034454 -0.014255
v 0.032073 -0.036874 -0.014255
v 0.037418 -0.034017 -0.014255
v 0.032679 -0.036754 -0.014255
v 0.037298 -0.034840 -0.014255
v 0.032253 -0.037468 -0.014255
v 0.037811 -0.034497 -0.014255
v 0.032824 -0.037232 -0.014255
v 0.037533 -0.035281 -0.014255
v 0.032546 -0.038016 -0.014255
v 0.038104 -0.035045 -0.014255
v 0.033059 -0.037672 -0.014255
v 0.037678 -0.035759 -0.014255
v 0.032940 -0.038495 -0.014255
v 0.038284 -0.035639 -0.014255
v 0.033376 -0.038059 -0.014255
v 0.037727 -0.036256 -0.014255
v 0.033419 -0.038889 -0.014255
v 0.038345 -0.036256 -0.014255
v 0.033763 -0.038376 -0.014255
v 0.037678 -0.036754 -0.014255
v 0.033967 -0.039182 -0.014255
v 0.038284 -0.036874 -0.014255
v 0.034203 -0.038611 -0.014255
v 0.037533 -0.037232 -0.014255
v 0.034561 -0.039362 -0.014255
v 0.038104 -0.037468 -0.014255
v 0.034681 -0.038756 -0.014255
v 0.037298 -0.037672 -0.014255
v 0.035179 -0.039423 -0.014255
v 0.037811 -0.038016 -0.014255
v 0.035179 -0.038805 -0.014255
v 0.036981 -0.038059 -0.014255
v 0.035796 -0.039362 -0.014255
v 0.037418 -0.038495 -0.014255
v 0.035676 -0.038756 -0.014255
v 0.036594 -0.038376 -0.014255
v 0.036390 -0.039182 -0.014255
v 0.036938 -0.038889 -0.014255
v 0.036154 -0.038611 -0.014255
vt 0.355957031 0.68359375
vt 0.355957031 0.68359375
vt 0.355957031 0.674804688
vt 0.1875 0.894042969
vt 0.1875 0.894042969
vt 0.1875 1
vt 0.1875 1
vt 0.1875 0.894042969
vt 0.1875 0.894042969
vt 0.1875 0.894042969
vt 0.1875 0.894042969
vt 0.1875 1
vt 0.1875 0.894042969
vt 0.1875 0.766113281
vt 0.1875 0.533691406
vt 0.1875 1
vt 0.1875 0.894042969
vt 0.1875 0.894042969
vt 0.1875 0.894042969
vt 0.1875 0.766113281
vt 0.1875 0.533691406
vt 0.625 0.797363281
vt 0.624023438 0.803222656
vt 0.623535156 0.808105469
vt 0.649902344 0.5625
vt 0.647949219 0.571289062
vt 0.646484375 0.578125
vt 0.625 0.75
vt 0.375 0.75
vt 0.375 0.971191406
vt 0.403808594 1
vt 0.596191406 1
vt 0.625 0.971191406
vt 0.375 0.5
vt 0.375 0.75
vt 0.625 0.75
vt 0.625 0.5
vt 0.625 0.5
vt 0.625 0.75
vt 0.846191406 0.75
vt 0.846191406 0.5
vt 0.403808594 0
vt 0.403808594 0.25
vt 0.596191406 0.25
vt 0.596191406 0
vt 0.403808594 0.25
vt 0.375 0.278808594
vt 0.375 0.5
vt 0.625 0.5
vt 0.596191406 0.25
vt 0.625 0.278808594
vt 0.153808594 0.5
vt 0.125 0.5
vt 0.125 0.75
vt 0.153808594 0.75
vt 0.625 0
vt 0.596191406 0
vt 0.596191406 0.25
vt 0.625 0.25
vt 0.153808594 0.5
vt 0.153808594 0.75
vt 0.375 0.75
vt 0.375 0.5
vt 0.375 0.176025391
vt 0.375 0.25
vt 0.625 0.25
vt 0.625 0.176025391
vt 0.375 0.163208008
vt 0.625 0.163208008
vt 0.375 0.150512695
vt 0.625 0.150512695
vt 0.375 0.137695312
vt 0.625 0.137695312
vt 0.375 0.125
vt 0.625 0.125
vt 0.375 0.112243652
vt 0.625 0.112243652
vt 0.375 0.0994873047
vt 0.625 0.0994873047
vt 0.375 0.086730957
vt 0.625 0.086730957
vt 0.375 0.0740356445
vt 0.625 0.0740356445
vt 0.375 0
vt 0.625 0
vt 0.375 0.25
vt 0.355957031 0.480957031
vt 0.644042969 0.480957031
vt 0.625 0.25
vt 0.355957031 0.769042969
vt 0.375 1
vt 0.625 1
vt 0.644042969 0.769042969
vt 0.355957031 0.692871094
vt 0.355957031 0.769042969
vt 0.644042969 0.769042969
vt 0.644042969 0.692871094
vt 0.355957031 0.688476562
vt 0.644042969 0.688476562
vt 0.355957031 0.68359375
vt 0.644042969 0.68359375
vt 0.875 0.5
vt 0.644042969 0.480957031
vt 0.644042969 0.557128906
vt 0.654785156 0.56640625
vt 0.875 0.57421875
vt 0.875 0.586914062
vt 0.654785156 0.56640625
vt 0.644042969 0.581054688
vt 0.875 0.599609375
vt 0.644042969 0.575195312
vt 0.644042969 0.595703125
vt 0.875 0.612304688
vt 0.644042969 0.610351562
vt 0.875 0.625
vt 0.644042969 0.625
vt 0.875 0.637695312
vt 0.644042969 0.639648438
vt 0.875 0.650390625
vt 0.644042969 0.654296875
vt 0.875 0.663085938
vt 0.644042969 0.610351562
vt 0.644042969 0.625
vt 0.644042969 0.639648438
vt 0.644042969 0.595703125
vt 0.644042969 0.654296875
vt 0.644042969 0.625
vt 0.644042969 0.610351562
vt 0.644042969 0.639648438
vt 0.644042969 0.654296875
vt 0.644042969 0.595703125
vt 0.644042969 0.668945312
vt 0.644042969 0.581054688
vt 0.644042969 0.581054688
vt 0.644042969 0.668945312
vt 0.644042969 0.68359375
vt 0.644042969 0.68359375
vt 0.644042969 0.668945312
vt 0.644042969 0.68359375
vt 0.644042969 0.674804688
vt 0.644042969 0.685058594
vt 0.644042969 0.688476562
vt 0.644042969 0.692871094
vt 0.654785156 0.68359375
vt 0.875 0.67578125
vt 0.654785156 0.68359375
vt 0.644042969 0.769042969
vt 0.875 0.75
vt 0.355957031 0.668945312
vt 0.355957031 0.68359375
vt 0.644042969 0.68359375
vt 0.644042969 0.668945312
vt 0.355957031 0.654296875
vt 0.644042969 0.654296875
vt 0.355957031 0.639648438
vt 0.644042969 0.639648438
vt 0.355957031 0.625
vt 0.644042969 0.625
vt 0.355957031 0.610351562
vt 0.644042969 0.610351562
vt 0.355957031 0.595703125
vt 0.644042969 0.595703125
vt 0.355957031 0.581054688
vt 0.644042969 0.581054688
vt 0.355957031 0.56640625
vt 0.644042969 0.56640625
vt 0.644042969 0.68359375
vt 0.644042969 0.68359375
vt 0.355957031 0.68359375
vt 0.355957031 0.68359375
vt 0.644042969 0.68359375
vt 0.355957031 0.68359375
vt 0.644042969 0.68359375
vt 0.355957031 0.68359375
vt 0.355957031 0.56640625
vt 0.355957031 0.56640625
vt 0.644042969 0.56640625
vt 0.644042969 0.56640625
vt 0.355957031 0.56640625
vt 0.644042969 0.56640625
vt 0.355957031 0.56640625
vt 0.644042969 0.56640625
vt 0.644042969 0.56640625
vt 0.644042969 0.56640625
vt 0.644042969 0.56640625
vt 0.644042969 0.56640625
vt 0.644042969 0.56640625
vt 0.644042969 0.56640625
vt 0.654785156 0.56640625
vt 0.355957031 0.68359375
vt 0.355957031 0.68359375
vt 0.355957031 0.668945312
vt 0.355957031 0.668945312
vt 0.355957031 0.68359375
vt 0.355957031 0.668945312
vt 0.355957031 0.654296875
vt 0.355957031 0.674804688
vt 0.355957031 0.654296875
vt 0.355957031 0.639648438
vt 0.355957031 0.639648438
vt 0.355957031 0.625
vt 0.355957031 0.654296875
vt 0.355957031 0.625
vt 0.355957031 0.610351562
vt 0.355957031 0.639648438
vt 0.355957031 0.610351562
vt 0.355957031 0.595703125
vt 0.355957031 0.625
vt 0.355957031 0.595703125
vt 0.355957031 0.581054688
vt 0.355957031 0.610351562
vt 0.355957031 0.581054688
vt 0.355957031 0.56640625
vt 0.355957031 0.56640625
vt 0.355957031 0.595703125
vt 0.355957031 0.581054688
vt 0.355957031 0.56640625
vt 0.355957031 0.575195312
vt 0.355957031 0.564941406
vt 0.355957031 0.561523438
vt 0.355957031 0.557128906
vt 0.125 0.586914062
vt 0.345214844 0.56640625
vt 0.355957031 0.480957031
vt 0.125 0.5
vt 0.125 0.57421875
vt 0.125 0.599609375
vt 0.125 0.612304688
vt 0.125 0.625
vt 0.125 0.637695312
vt 0.125 0.650390625
vt 0.125 0.663085938
vt 0.345214844 0.68359375
vt 0.125 0.67578125
vt 0.125 0.75
vt 0.355957031 0.692871094
vt 0.355957031 0.769042969
vt 0.355957031 0.68359375
vt 0.355957031 0.68359375
vt 0.355957031 0.68359375
vt 0.355957031 0.480957031
vt 0.644042969 0.557128906
vt 0.644042969 0.480957031
vt 0.355957031 0.557128906
vt 0.644042969 0.561523438
vt 0.355957031 0.561523438
vt 0.644042969 0.56640625
vt 0.355957031 0.56640625
vt 0 0
vt 0 0
vt 0 0
vt 0 0
vt 0 0
vt 0 0
vt 0 0
vt 0 0
vt 0 0
vt 0 0
vt 0 0
vt 0 0
vt 0 0
vt 0 0
vt 0 0
vt 0 0
vt 0 0
vt 0 0
vt 0 0
vt 0 0
vt 0 0
vt 0 0
vt 0 0
vt 0 0
vt 0 0
vt 0 0
vt 0 0
vt 0 0
vt 0 0
vt 0 0
vt 0 0
vt 0 0
vt 0 0
vt 0 0
vt 0 0
vt 0 0
vt 0 0
vt 0 0
vt 0 0
vt 0 0
vt 0 0
vt 0 0
vt 0 0
vt 0 0
vt 0 0
vt 0 0
vt 0 0
vt 0 0
vt 0 0
vt 0 0
vt 0 0
vt 0 0
vt 0 0
vt 0 0
vt 0 0
vt 0 0
vt 0 0
vt 0 0
vt 0 0
vt 0 0
vt 0 0
vt 0 0
vt 0 0
vt 0 0
vt 0 0
vt 0 0
vt 0 0
vt 0 0
vt 0 0
vt 0 0
vt 0 0
vt 0 0
vt 0 0
vt 0 0
vt 0 0
vt 0 0
vt 0 0
vt 0 0
vt 0 0
vt 0 0
vt 0 0
vt 0 0
vt 0 0
vt 0 0
vt 0 0
vt 0 0
vt 0 0
vt 0 0
vt 0 0
vt 0 0
vt 0 0
vt 0 0
vt 0 0
vt 0 0
vt 0 0
vt 0 0
vt 0 0
vt 0 0
vt 0 0
vt 0 0
vt 0 0
vt 0 0
vt 0 0
vt 0 0
vt 0 0
vt 0 0
vt 0 0
vt 0 0
vt 0 0
vt 0 0
vt 0 0
vt 0 0
vt 0 0
vt 0 0
vt 0 0
vt 0 0
vt 0 0
vt 0 0
vt 0 0
vt 0 0
vt 0 0
vt 0 0
vt 0 0
vt 0 0
vt 0 0
vt 0 0
vt 0 0
vt 0 0
vt 0 0
vt 0 0
vt 0 0
vt 0 0
vt 0 0
vt 0 0
vt 0 0
vt 0 0
vt 0 0
vt 0 0
vt 0 0
vt 0 0
vt 0 0
vt 0 0
vt 0 0
vt 0 0
vt 0 0
vt 0 0
vt 0 0
vt 0 0
vt 0 0
vt 0 0
vt 0 0
vt 0 0
vt 0 0
vt 0 0
vt 0 0
vt 0 0
vt 0 0
vt 0 0
vt 0 0
vt 0 0
vt 0 0
vt 0 0
vt 0 0
vt 0 0
vt 0 0
vt 0 0
vt 0 0
vt 0 0
vt 0 0
vt 0 0
vt 0 0
vt 0 0
vt 0 0
vt 0 0
vt 0 0
vt 0 0
vt 0 0
vt 0 0
vt 0 0
vt 0 0
vt 0 0
vt 0 0
vt 0 0
vt 0 0
vt 0 0
vt 0 0
vt 0 0
vt 0 0
vt 0 0
vt 0 0
vt 0 0
vt 0 0
vt 0 0
vt 0 0
vt 0 0
vt 0 0
vt 0 0
vt 0 0
vt 0 0
vt 0 0
vt 0 0
vt 0 0
vt 0 0
vt 0 0
vt 0 0
vt 0 0
vt 0 0
vt 0 0
vt 0 0
vt 0 0
vt 0 0
vt 0 0
vt 0 0
vt 0 0
vt 0 0
vt 0 0
vt 0 0
vt 0 0
vt 0 0
vt 0 0
vt 0 0
vt 0 0
vt 0 0
vt 0 0
vt 0 0
vt 0 0
vt 0 0
vt 0 0
vt 0 0
vt 0 0
vt 0 0
vt 0 0
vt 0 0
vt 0 0
vt 0 0
vt 0 0
vt 0 0
vt 0 0
vt 0 0
vt 0 0
vt 0 0
vt 0 0
vt 0 0
vt 0 0
vt 0 0
vt 0 0
vt 0 0
vt 0 0
vt 0 0
vt 0 0
vt 0 0
vt 0 0
vt 0 0
vt 0 0
vt 0 0
vt 0 0
vt 0 0
vt 0 0
vt 0 0
vt 0 0
vt 0 0
vt 0 0
vt 0 0
vt 0 0
vt 0 0
vt 0 0
vt 0 0
vt 0 0
vt 0 0
vt 0 0
vt 0 0
vt 0 0
vt 0 0
vt 0 0
vt 0 0
vt 0 0
vt 0 0
vt 0 0
vt 0 0
vt 0 0
vt 0 0
vt 0 0
vt 0 0
vt 0 0
vt 0 0
vt 0 0
vt 0 0
vt 0 0
vt 0 0
vt 0 0
vt 0 0
vt 0 0
vt 0 0
vt 0 0
vt 0 0
vt 0 0
vt 0 0
vt 0 0
vt 0 0
vt 0 0
vt 0 0
vt 0 0
vt 0 0
vt 0 0
vt 0 0
vt 0 0
vt 0 0
vt 0 0
vt 0 0
vt 0 0
vt 0 0
vt 0 0
vt 0 0
vt 0 0
vt 0 0
vt 0 0
vt 0 0
vt 0 0
vt 0 0
vt 0 0
vt 0 0
vt 0 0
vt 0 0
vt 0 0
vt 0 0
vt 0 0
vt 0 0
vt 0 0
vt 0 0
vt 0 0
vt 0 0
vt 0 0
vt 0 0
vt 0 0
vt 0 0
vt 0 0
vt 0 0
vt 0 0
vt 0 0
vt 0 0
vt 0 0
vt 0 0
vt 0 0
vt 0 0
vt 0 0
vt 0 0
vt 0 0
vt 0 0
vt 0 0
vt 0 0
vt 0 0
vt 0 0
vt 0 0
vt 0 0
vt 0 0
vt 0 0
vt 0 0
vt 0 0
vt 0 0
vt 0 0
vt 0 0
vt 0 0
vt 0 0
vt 0 0
vt 0 0
vt 0 0
vt 0 0
vt 0 0
vt 0 0
vt 0 0
vt 0 0
vt 0 0
vt 0 0
vt 0 0
vt 0 0
vt 0 0
vt 0 0
vt 0 0
vt 0 0
vt 0 0
vt 0 0
vt 0 0
vt 0 0
vt 0 0
vt 0 0
vt 0 0
vt 0 0
vt 0 0
vt 0 0
vt 0 0
vt 0 0
vt 0 0
vt 0 0
vt 0 0
vt 0 0
vt 0 0
vt 0 0
vt 0 0
vt 0 0
vt 0 0
vt 0 0
vt 0 0
vt 0 0
vt 0 0
vt 0 0
vt 0 0
vt 0 0
vt 0 0
vt 0 0
vt 0 0
vt 0 0
vt 0 0
vt 0 0
vt 0 0
vt 0 0
vt 0 0
vt 0 0
vt 0 0
vt 0 0
vt 0 0
vt 0 0
vt 0 0
vt 0 0
vt 0 0
vt 0 0
vt 0 0
vt 0 0
vt 0 0
vt 0 0
vt 0 0
vt 0 0
vt 0 0
vt 0 0
vt 0 0
vt 0 0
vt 0 0
vt 0 0
vt 0 0
vt 0 0
vt 0 0
vt 0 0
vt 0 0
vt 0 0
vt 0 0
vt 0 0
vt 0 0
vt 0 0
vt 0 0
vt 0 0
vt 0 0
vt 0 0
vt 0 0
vt 0 0
vt 0 0
vt 0 0
vt 0 0
vt 0 0
vt 0 0
vt 0 0
vt 0 0
vt 0 0
vt 0 0
vt 0 0
vt 0 0
vt 0 0
vt 0 0
vt 0 0
vt 0 0
vt 0 0
vt 0 0
vt 0 0
vt 0 0
vt 0 0
vt 0 0
vt 0 0
vt 0 0
vt 0 0
vt 0 0
vt 0 0
vt 0 0
vt 0 0
vt 0 0
vt 0 0
vt 0 0
vt 0 0
vt 0 0
vt 0 0
vt 0 0
vt 0 0
vt 0 0
vt 0 0
vt 0 0
vt 0 0
vt 0 0
vt 0 0
vt 0 0
vt 0 0
vt 0 0
vt 0 0
vt 0 0
vt 0 0
vt 0 0
vt 0 0
vt 0 0
vt 0 0
vt 0 0
vt 0 0
vt 0 0
vt 0 0
vt 0 0
vt 0 0
vt 0 0
vt 0 0
vt 0 0
vt 0 0
vt 0 0
vt 0 0
vt 0 0
vt 0 0
vt 0 0
vt 0 0
vt 0 0
vt 0 0
vt 0 0
vt 0 0
vt 0 0
vt 0 0
vt 0 0
vt 0 0
vt 0 0
vt 0 0
vt 0 0
vt 0 0
vt 0 0
vt 0 0
vt 0 0
vt 0 0
vt 0 0
vt 0 0
vt 0 0
vt 0 0
vt 0 0
vt 0 0
vt 0 0
vt 0 0
vt 0 0
vt 0 0
vt 0 0
vt 0 0
vt 0 0
vt 0 0
vt 0 0
vt 0 0
vt 0 0
vt 0 0
vt 0 0
vt 0 0
vt 0 0
vt 0 0
vt 0 0
vt 0 0
vt 0 0
vt 0 0
vt 0 0
vt 0 0
vt 0 0
vt 0 0
vt 0 0
vt 0 0
vt 0 0
vt 0 0
vt 0 0
vt 0 0
vt 0 0
vt 0 0
vt 0 0
vt 0 0
vt 0 0
vt 0 0
vt 0 0
vt 0 0
vt 0 0
vt 0 0
vt 0 0
vt 0 0
vt 0 0
vt 0 0
vt 0 0
vt 0 0
vt 0 0
vt 0 0
vt 0 0
vt 0 0
vt 0 0
vt 0 0
vt 0 0
vt 0 0
vt 0 0
vt 0 0
vt 0 0
vt 0 0
vt 0 0
vt 0 0
vt 0 0
vt 0 0
vt 0 0
vt 0 0
vt 0 0
vt 0 0
vt 0 0
vt 0 0
vt 0 0
vt 0 0
vt 0 0
vt 0 0
vt 0 0
vt 0 0
vt 0 0
vt 0 0
vt 0 0
vt 0 0
vt 0 0
vt 0 0
vt 0 0
vt 0 0
vt 0 0
vt 0 0
vt 0 0
vt 0 0
vt 0 0
vt 0 0
vt 0 0
vt 0 0
vt 0 0
vt 0 0
vt 0 0
vt 0 0
vt 0 0
vt 0 0
vt 0 0
vt 0 0
vt 0 0
vt 0 0
vt 0 0
vt 0 0
vt 0 0
vt 0 0
vt 0 0
vt 0 0
vt 0 0
vt 0 0
vt 0 0
vt 0 0
vt 0 0
vt 0 0
vt 0 0
vt 0 0
vt 0 0
vt 0 0
vt 0 0
vt 0 0
vt 0 0
vt 0 0
vt 0 0
vt 0 0
vt 0 0
vt 0 0
vt 0 0
vt 0 0
vt 0 0
vt 0 0
vt 0 0
vt 0 0
vt 0 0
vt 0 0
vt 0 0
vt 0 0
vt 0 0
vt 0 0
vt 0 0
vt 0 0
vt 0 0
vt 0 0
vt 0 0
vt 0 0
vt 0 0
vt 0 0
vt 0 0
vt 0 0
vt 0 0
vt 0 0
vt 0 0
vt 0 0
vt 0 0
vt 0 0
vt 0 0
vt 0 0
vt 0 0
vt 0 0
vt 0 0
vt 0 0
vt 0 0
vt 0 0
vt 0 0
vt 0 0
vt 0 0
vt 0 0
vt 0 0
vt 0 0
vt 0 0
vt 0 0
vt 0 0
vt 0 0
vt 0 0
vt 0 0
vt 0 0
vt 0 0
vt 0 0
vt 0 0
vt 0 0
vt 0 0
vt 0 0
vt 0 0
vt 0 0
vt 0 0
vt 0 0
vt 0 0
vt 0 0
vt 0 0
vt 0 0
vt 0 0
vt 0 0
vt 0 0
vt 0 0
vt 0 0
vt 0 0
vt 0 0
vt 0 0
vt 0 0
vt 0 0
vt 0 0
vt 0 0
vt 0 0
vt 0 0
vt 0 0
vt 0 0
vt 0 0
vt 0 0
vt 0 0
vt 0 0
vt 0 0
vt 0 0
vt 0 0
vt 0 0
vt 0 0
vt 0 0
vt 0 0
vt 0 0
vt 0 0
vt 0 0
vt 0 0
vt 0 0
vt 0 0
vt 0 0
vt 0 0
vt 0 0
vt 0 0
vt 0 0
vt 0 0
vt 0 0
vt 0 0
vt 0 0
vt 0 0
vt 0 0
vt 0 0
vt 0 0
vt 0 0
vt 0 0
vt 0 0
vt 0 0
vt 0 0
vt 0 0
vt 0 0
vt 0 0
vt 0 0
vt 0 0
vt 0 0
vt 0 0
vt 0 0
vt 0 0
vt 0 0
vt 0 0
vt 0 0
vt 0 0
vt 0 0
vt 0 0
vt 0 0
vt 0 0
vt 0 0
vt 0 0
vt 0 0
vt 0 0
vt 0 0
vt 0 0
vt 0 0
vt 0 0
vt 0 0
vt 0 0
vt 0 0
vt 0 0
vt 0 0
vt 0 0
vt 0 0
vt 0 0
vt 0 0
vt 0 0
vt 0 0
vt 0 0
vt 0 0
vt 0 0
vt 0 0
vt 0 0
vt 0 0
vt 0 0
vt 0 0
vt 0 0
vt 0 0
vt 0 0
vt 0 0
vt 0 0
vt 0 0
vt 0 0
vt 0 0
vt 0 0
vt 0 0
vt 0 0
vt 0 0
vt 0 0
vt 0 0
vt 0 0
vt 0 0
vt 0 0
vt 0 0
vt 0 0
vt 0 0
vt 0 0
vt 0 0
vt 0 0
vt 0 0
vt 0 0
vt 0 0
vt 0 0
vt 0 0
vt 0 0
vt 0 0
vt 0 0
vt 0 0
vt 0 0
vt 0 0
vt 0 0
vt 0 0
vt 0 0
vt 0 0
vt 0 0
vt 0 0
vt 0 0
vt 0 0
vt 0 0
vt 0 0
vt 0 0
vt 0 0
vt 0 0
vt 0 0
vt 0 0
vt 0 0
vt 0 0
vt 0 0
vt 0 0
vt 0 0
vt 0 0
vt 0 0
vt 0 0
vt 0 0
vt 0 0
vt 0 0
vt 0 0
vt 0 0
vt 0 0
vt 0 0
vt 0 0
vt 0 0
vt 0 0
vt 0 0
vt 0 0
vt 0 0
vt 0 0
vt 0 0
vt 0 0
vt 0 0
vt 0 0
vt 0 0
vt 0 0
vt 0 0
vt 0 0
vt 0 0
vt 0 0
vt 0 0
vt 0 0
vt 0 0
vt 0 0
vt 0 0
vt 0 0
vt 0 0
vt 0 0
vt 0 0
vt 0 0
vt 0 0
vt 0 0
vt 0 0
vt 0 0
vt 0 0
vt 0 0
vt 0 0
vt 0 0
vt 0 0
vt 0 0
vt 0 0
vt 0 0
vt 0 0
vt 0 0
vt 0 0
vt 0 0
vt 0 0
vt 0 0
vt 0 0
vt 0 0
vt 0 0
vt 0 0
vt 0 0
vt 0 0
vt 0 0
vt 0 0
vt 0 0
vt 0 0
vt 0 0
vt 0 0
vt 0 0
vt 0 0
vt 0 0
vt 0 0
vt 0 0
vt 0 0
vt 0 0
vt 0 0
vt 0 0
vt 0 0
vt 0 0
vt 0 0
vt 0 0
vt 0 0
vt 0 0
vt 0 0
vt 0 0
vt 0 0
vt 0 0
vt 0 0
vt 0 0
vt 0 0
vt 0 0
vt 0 0
vt 0 0
vt 0 0
vt 0 0
vt 0 0
vt 0 0
vt 0 0
vt 0 0
vt 0 0
vt 0 0
vt 0 0
vt 0 0
vt 0 0
vt 0 0
vt 0 0
vt 0 0
vt 0 0
vt 0 0
vt 0 0
vt 0 0
vt 0 0
vt 0 0
vt 0 0
vt 0 0
vt 0 0
vt 0 0
vt 0 0
vt 0 0
vt 0 0
vt 0 0
vt 0 0
vt 0 0
vt 0 0
vt 0 0
vt 0 0
vt 0 0
vt 0 0
vt 0 0
vt 0 0
vt 0 0
vt 0 0
vt 0 0
vt 0 0
vt 0 0
vt 0 0
vt 0 0
vt 0 0
vt 0 0
vt 0 0
vt 0 0
vt 0 0
vt 0 0
vt 0 0
vt 0 0
vt 0 0
vt 0 0
vt 0 0
vt 0 0
vt 0 0
vt 0 0
vt 0 0
vt 0 0
vt 0 0
vt 0 0
vt 0 0
vt 0 0
vt 0 0
vt 0 0
vt 0 0
vt 0 0
vt 0 0
vt 0 0
vt 0 0
vt 0 0
vt 0 0
vt 0 0
vt 0 0
vt 0 0
vt 0 0
vt 0 0
vt 0 0
vt 0 0
vt 0 0
vt 0 0
vt 0 0
vt 0 0
vt 0 0
vt 0 0
vt 0 0
vt 0 0
vt 0 0
vt 0 0
vt 0 0
vt 0 0
vt 0 0
vt 0 0
vt 0 0
vt 0 0
vt 0 0
vt 0 0
vt 0 0
vt 0 0
vt 0 0
vt 0 0
vt 0 0
vt 0 0
vt 0 0
vt 0 0
vt 0 0
vt 0 0
vt 0 0
vt 0 0
vt 0 0
vt 0 0
vt 0 0
vt 0 0
vt 0 0
vt 0 0
vt 0 0
vt 0 0
vt 0 0
vt 0 0
vt 0 0
vt 0 0
vt 0 0
vt 0 0
vt 0 0
vt 0 0
vt 0 0
vt 0 0
vt 0 0
vt 0 0
vt 0 0
vt 0 0
vt 0 0
vt 0 0
vt 0 0
vt 0 0
vt 0 0
vt 0 0
vt 0 0
vt 0 0
vt 0 0
vt 0 0
vt 0 0
vt 0 0
vt 0 0
vt 0 0
vt 0 0
vt 0 0
vt 0 0
vt 0 0
vt 0 0
vt 0 0
vt 0 0
vt 0 0
vt 0 0
vt 0 0
vt 0 0
vt 0 0
vt 0 0
vt 0 0
vt 0 0
vt 0 0
vt 0 0
vt 0 0
vt 0 0
vt 0 0
vt 0 0
vt 0 0
vt 0 0
vt 0 0
vt 0 0
vt 0 0
vt 0 0
vt 0 0
vt 0 0
vt 0 0
vt 0 0
vt 0 0
vt 0 0
vt 0 0
vt 0 0
vt 0 0
vt 0 0
vt 0 0
vt 0 0
vt 0 0
vt 0 0
vt 0 0
vt 0 0
vt 0 0
vt 0 0
vt 0 0
vt 0 0
vt 0 0
vt 0 0
vt 0 0
vt 0 0
vt 0 0
vt 0 0
vt 0 0
vt 0 0
vt 0 0
vt 0 0
vt 0 0
vt 0 0
vt 0 0
vt 0 0
vt 0 0
vt 0 0
vt 0 0
vt 0 0
vt 0 0
vt 0 0
vt 0 0
vt 0 0
vt 0 0
vt 0 0
vt 0 0
vt 0 0
vt 0 0
vt 0 0
vt 0 0
vt 0 0
vt 0 0
vt 0 0
vt 0 0
vt 0 0
vt 0 0
vt 0 0
vt 0 0
vt 0 0
vt 0 0
vt 0 0
vt 0 0
vt 0 0
vt 0 0
vt 0 0
vt 0 0
vt 0 0
vt 0 0
vt 0 0
vt 0 0
vt 0 0
vt 0 0
vt 0 0
vt 0 0
vt 0 0
vt 0 0
vt 0 0
vt 0 0
vt 0 0
vt 0 0
vt 0 0
vt 0 0
vt 0 0
vt 0 0
vt 0 0
vt 0 0
vt 0 0
vt 0 0
vt 0 0
vt 0 0
vt 0 0
vt 0 0
vt 0 0
vt 0 0
vt 0 0
vt 0 0
vt 0 0
vt 0 0
vt 0 0
vt 0 0
vt 0 0
vt 0 0
vt 0 0
vt 0 0
vt 0 0
vt 0 0
vt 0 0
vt 0 0
vt 0 0
vt 0 0
vt 0 0
vt 0 0
vt 0 0
vt 0 0
vt 0 0
vt 0 0
vt 0 0
vt 0 0
vt 0 0
vt 0 0
vt 0 0
vt 0 0
vt 0 0
vt 0 0
vt 0 0
vt 0 0
vt 0 0
vt 0 0
vt 0 0
vt 0 0
vt 0 0
vt 0 0
vt 0 0
vt 0 0
vt 0 0
vt 0 0
vt 0 0
vt 0 0
vt 0 0
vt 0 0
vt 0 0
vt 0 0
vt 0 0
vt 0 0
vt 0 0
vt 0 0
vt 0 0
vt 0 0
vt 0 0
vt 0 0
vt 0 0
vt 0 0
vt 0 0
vt 0 0
vt 0 0
vt 0 0
vt 0 0
vt 0 0
vt 0 0
vt 0 0
vt 0 0
vt 0 0
vt 0 0
vt 0 0
vt 0 0
vt 0 0
vt 0 0
vt 0 0
vt 0 0
vt 0 0
vt 0 0
vt 0 0
vt 0 0
vt 0 0
vt 0 0
vt 0 0
vt 0 0
vt 0 0
vt 0 0
vt 0 0
vt 0 0
vt 0 0
vt 0 0
vt 0 0
vt 0 0
vt 0 0
vt 0 0
vt 0 0
vt 0 0
vt 0 0
vt 0 0
vt 0 0
vt 0 0
vt 0 0
vt 0 0
vt 0 0
vt 0 0
vt 0 0
vt 0 0
vt 0 0
vt 0 0
vt 0 0
vt 0 0
vt 0 0
vt 0 0
vt 0 0
vt 0 0
vt 0 0
vt 0 0
vt 0 0
vt 0 0
vt 0 0
vt 0 0
vt 0 0
vt 0 0
vt 0 0
vt 0 0
vt 0 0
vt 0 0
vt 0 0
vt 0 0
vt 0 0
vt 0 0
vt 0 0
vt 0 0
vt 0 0
vt 0 0
vt 0 0
vt 0 0
vt 0 0
vt 0 0
vt 0 0
vt 0 0
vt 0 0
vt 0 0
vt 0 0
vt 0 0
vt 0 0
vt 0 0
vt 0 0
vt 0 0
vt 0 0
vt 0 0
vt 0 0
vt 0 0
vt 0 0
vt 0 0
vt 0 0
vt 0 0
vt 0 0
vt 0 0
vt 0 0
vt 0 0
vt 0 0
vt 0 0
vt 0 0
vt 0 0
vt 0 0
vt 0 0
vt 0 0
vt 0 0
vt 0 0
vt 0 0
vt 0 0
vt 0 0
vt 0 0
vt 0 0
vt 0 0
vt 0 0
vt 0 0
vt 0 0
vt 0 0
vt 0 0
vt 0 0
vt 0 0
vt 0 0
vt 0 0
vt 0 0
vt 0 0
vt 0 0
vt 0 0
vt 0 0
vt 0 0
vt 0 0
vt 0 0
vt 0 0
vt 0 0
vt 0 0
vt 0 0
vt 0 0
vt 0 0
vt 0 0
vt 0 0
vt 0 0
vt 0 0
vt 0 0
vt 0 0
vt 0 0
vt 0 0
vt 0 0
vt 0 0
vt 0 0
vt 0 0
vt 0 0
vt 0 0
vt 0 0
vt 0 0
vt 0 0
vt 0 0
vt 0 0
vt 0 0
vt 0 0
vt 0 0
vt 0 0
vt 0 0
vt 0 0
vt 0 0
vt 0 0
vt 0 0
vt 0 0
vt 0 0
vt 0 0
vt 0 0
vt 0 0
vt 0 0
vt 0 0
vt 0 0
vt 0 0
vt 0 0
vt 0 0
vt 0 0
vt 0 0
vt 0 0
vt 0 0
vt 0 0
vt 0 0
vt 0 0
vt 0 0
vt 0 0
vt 0 0
vt 0 0
vt 0 0
vt 0 0
vt 0 0
vt 0 0
vt 0 0
vt 0 0
vt 0 0
vt 0 0
vt 0 0
vt 0 0
vt 0 0
vt 0 0
vt 0 0
vt 0 0
vt 0 0
vt 0 0
vt 0 0
vt 0 0
vt 0 0
vt 0 0
vt 0 0
vt 0 0
vt 0 0
vt 0 0
vt 0 0
vt 0 0
vt 0 0
vt 0 0
vt 0 0
vt 0 0
vt 0 0
vt 0 0
vt 0 0
vt 0 0
vt 0 0
vt 0 0
vt 0 0
vt 0 0
vt 0 0
vt 0 0
vt 0 0
vt 0 0
vt 0 0
vt 0 0
vt 0 0
vt 0 0
vt 0 0
vt 0 0
vt 0 0
vt 0 0
vt 0 0
vt 0 0
vt 0 0
vt 0 0
vt 0 0
vt 0 0
vt 0 0
vt 0 0
vt 0 0
vt 0 0
vt 0 0
vt 0 0
vt 0 0
vt 0 0
vt 0 0
vt 0 0
vt 0 0
vt 0 0
vt 0 0
vt 0 0
vt 0 0
vt 0 0
vt 0 0
vt 0 0
vt 0 0
vt 0 0
vt 0 0
vt 0 0
vt 0 0
vt 0 0
vt 0 0
vt 0 0
vt 0 0
vt 0 0
vt 0 0
vt 0 0
vt 0 0
vt 0 0
vt 0 0
vt 0 0
vt 0 0
vt 0 0
vt 0 0
vt 0 0
vt 0 0
vt 0 0
vt 0 0
vt 0 0
vt 0 0
vt 0 0
vt 0 0
vt 0 0
vt 0 0
vt 0 0
vt 0 0
vt 0 0
vt 0 0
vt 0 0
vt 0 0
vt 0 0
vt 0 0
vt 0 0
vt 0 0
vt 0 0
vt 0 0
vt 0 0
vt 0 0
vt 0 0
vt 0 0
vt 0 0
vt 0 0
vt 0 0
vt 0 0
vt 0 0
vt 0 0
vt 0 0
vt 0 0
vt 0 0
vt 0 0
vt 0 0
vt 0 0
vt 0 0
vt 0 0
vt 0 0
vt 0 0
vt 0 0
vt 0 0
vt 0 0
vt 0 0
vt 0 0
vt 0 0
vt 0 0
vt 0 0
vt 0 0
vt 0 0
vt 0 0
vt 0 0
vt 0 0
vt 0 0
vt 0 0
vt 0 0
vt 0 0
vt 0 0
vt 0 0
vt 0 0
vt 0 0
vt 0 0
vt 0 0
vt 0 0
vt 0 0
vt 0 0
vt 0 0
vt 0 0
vt 0 0
vt 0 0
vt 0 0
vt 0 0
vt 0 0
vt 0 0
vt 0 0
vt 0 0
vt 0 0
vt 0 0
vt 0 0
vt 0 0
vt 0 0
vt 0 0
vt 0 0
vt 0 0
vt 0 0
vt 0 0
vt 0 0
vt 0 0
vt 0 0
vt 0 0
vt 0 0
vt 0 0
vt 0 0
vt 0 0
vt 0 0
vt 0 0
vt 0 0
vt 0 0
vt 0 0
vt 0 0
vt 0 0
vt 0 0
vt 0 0
vt 0 0
vt 0 0
vt 0 0
vt 0 0
vt 0 0
vt 0 0
vt 0 0
vt 0 0
vt 0 0
vt 0 0
vt 0 0
vt 0 0
vt 0 0
vt 0 0
vt 0 0
vt 0 0
vt 0 0
vt 0 0
vt 0 0
vt 0 0
vt 0 0
vt 0 0
vt 0 0
vt 0 0
vt 0 0
vt 0 0
vt 0 0
vt 0 0
vt 0 0
vt 0 0
vt 0 0
vt 0 0
vt 0 0
vt 0 0
vt 0 0
vt 0 0
vt 0 0
vt 0 0
vt 0 0
vt 0 0
vt 0 0
vt 0 0
vt 1 0.894042969
vt 0.96875 1
vt 1 1
vt 0.96875 0.894042969
vt 0.9375 1
vt 0.9375 0.894042969
vt 0.90625 1
vt 0.90625 0.894042969
vt 0.875 1
vt 0.875 0.894042969
vt 0.84375 1
vt 0.84375 0.894042969
vt 0.84375 0.894042969
vt 0.84375 0.894042969
vt 0.84375 1
vt 0.84375 1
vt 0.78125 0.894042969
vt 0.75 1
vt 0.78125 1
vt 0.75 0.894042969
vt 0.71875 1
vt 0.71875 0.894042969
vt 0.6875 1
vt 0.6875 0.894042969
vt 0.71875 0.533691406
vt 0.65625 1
vt 0.6875 0.533691406
vt 0.71875 0.5
vt 0.65625 0.894042969
vt 0.625 1
vt 0.625 0.894042969
vt 0.59375 1
vt 0.65625 0.533691406
vt 0.6875 0.5
vt 0.59375 0.894042969
vt 0.5625 1
vt 0.6875 0.5
vt 0.71875 0.5
vt 0.65625 0.5
vt 0.65625 0.5
vt 0.625 0.5
vt 0.625 0.533691406
vt 0.625 0.5
vt 0.59375 0.5
vt 0.5625 0.894042969
vt 0.53125 1
vt 0.59375 0.533691406
vt 0.59375 0.5
vt 0.5625 0.5
vt 0.53125 0.894042969
vt 0.5 1
vt 0.5625 0.533691406
vt 0.5 0.894042969
vt 0.46875 1
vt 0.46875 0.894042969
vt 0.53125 0.533691406
vt 0.5625 0.5
vt 0.53125 0.5
vt 0.53125 0.5
vt 0.203125 0.0146102905
vt 0.203125 0.0146102905
vt 0.158203125 0.0282745361
vt 0.158203125 0.0282745361
vt 0.116638184 0.0504455566
vt 0.116638184 0.0504455566
vt 0.158203125 0.471679688
vt 0.203125 0.485351562
vt 0.25 0.0100021362
vt 0.25 0.489990234
vt 0.296875 0.0146102905
vt 0.296875 0.485351562
vt 0.341796875 0.0282745361
vt 0.341796875 0.471679688
vt 0.383300781 0.0504455566
vt 0.383300781 0.449462891
vt 0.419677734 0.0803222656
vt 0.419677734 0.419677734
vt 0.449462891 0.116638184
vt 0.449462891 0.383300781
vt 0.471679688 0.158203125
vt 0.471679688 0.341796875
vt 0.485351562 0.203125
vt 0.471679688 0.341796875
vt 0.449462891 0.383300781
vt 0.485351562 0.296875
vt 0.485351562 0.296875
vt 0.489990234 0.25
vt 0.40625 0.894042969
vt 0.40625 0.894042969
vt 0.4375 0.894042969
vt 0.4375 0.894042969
vt 0.46875 0.894042969
vt 0.46875 0.894042969
vt 0.676269531 0.0715332031
vt 0.642578125 0.0893554688
vt 0.712402344 0.060546875
vt 0.375 0.894042969
vt 0.75 0.0568237305
vt 0.61328125 0.11340332
vt 0.5 0.894042969
vt 0.787597656 0.060546875
vt 0.53125 0.894042969
vt 0.34375 0.894042969
vt 0.589355469 0.142700195
vt 0.3125 0.894042969
vt 0.571289062 0.176025391
vt 0.28125 0.894042969
vt 0.560546875 0.212280273
vt 0.25 0.894042969
vt 0.556640625 0.25
vt 0.21875 0.894042969
vt 0.560546875 0.287597656
vt 0.1875 0.894042969
vt 0 0
vt 0.40625 0.894042969
vt 0.375 1
vt 0.40625 1
vt 0.375 0.894042969
vt 0.34375 1
vt 0.34375 0.894042969
vt 0.3125 1
vt 0.3125 0.894042969
vt 0.28125 1
vt 0.28125 0.894042969
vt 0.25 1
vt 0.25 0.894042969
vt 0.21875 1
vt 0.21875 0.894042969
vt 0.1875 1
vt 0.1875 0.894042969
vt 0.155639648 0.894042969
vt 0.1875 0.894042969
vt 0.1875 0.894042969
vt 0.15625 0.894042969
vt 0.125 0.894042969
vt 0.125 0.894042969
vt 0.15625 0.894042969
vt 0.125 0.894042969
vt 0.09375 0.894042969
vt 0.09375 0.894042969
vt 0.0625 0.894042969
vt 0.0625 0.894042969
vt 0.0944213867 0.894042969
vt 0.0944213867 0.894042969
vt 0.125 0.894042969
vt 0.125 0.894042969
vt 0.0282745361 0.341796875
vt 0.0303344727 0.345703125
vt 0.0504455566 0.383300781
vt 0.0282745361 0.341796875
vt 0.0504455566 0.383300781
vt 0.0504455566 0.116638184
vt 0.0803222656 0.0803222656
vt 0.0282745361 0.158203125
vt 0.0146102905 0.296875
vt 0.0146102905 0.203125
vt 0.0100021362 0.25
vt 0.0803222656 0.419677734
vt 0.116638184 0.449462891
vt 0.158203125 0.471679688
vt 0.116638184 0.449462891
vt 0.0803222656 0.419677734
vt 0.116638184 0.449462891
vt 0.0803222656 0.419677734
vt 0.0625 0.894042969
vt 0.03125 1
vt 0.0625 1
vt 0.03125 0.894042969
vt 0 1
vt 0 0.894042969
vt 0.15625 0.766113281
vt 0.1875 0.766113281
vt 0.1875 0.533691406
vt 0.15625 0.533691406
vt 0.125 0.766113281
vt 0.125 0.533691406
vt 0.09375 0.766113281
vt 0.09375 0.533691406
vt 0.0625 0.766113281
vt 0.0625 0.533691406
vt 0.84375 0.894042969
vt 0.8125 1
vt 0.84375 1
vt 0.8125 0.894042969
vt 0.78125 1
vt 0.78125 0.894042969
vt 0.78125 0.894042969
vt 0.78125 0.894042969
vt 0.8125 0.894042969
vt 0.8125 0.894042969
vt 0.84375 0.894042969
vt 0.84375 0.894042969
vt 0.928710938 0.323974609
vt 0.939453125 0.287597656
vt 0.75 0.894042969
vt 0.943359375 0.25
vt 0.910644531 0.357421875
vt 0.88671875 0.386474609
vt 0.875 0.894042969
vt 0.857421875 0.410644531
vt 0.90625 0.894042969
vt 0.78125 1
vt 0.78125 1
vt 0.78125 0.894042969
vt 0.78125 0.894042969
vt 0.46875 0.894042969
vt 0.4375 1
vt 0.46875 1
vt 0.4375 0.894042969
vt 0.40625 1
vt 0.40625 0.894042969
vt 0.40625 1
vt 0.40625 1
vt 0.40625 0.894042969
vt 0.40625 0.894042969
vt 0.46875 0.894042969
vt 0.46875 0.894042969
vt 0.46875 1
vt 0.46875 1
vt 0.15625 0.894042969
vt 0.15625 0.894042969
vt 0.15625 0.976074219
vt 0.15625 0.976074219
vt 0.184570312 1
vt 0.1875 1
vt 0.1875 0.894042969
vt 0.15625 0.894042969
vt 0.15625 0.976074219
vt 0.0625 1
vt 0.0625 0.894042969
vt 0.0625 0.894042969
vt 0.0625 1
vt 0.0625 0.894042969
vt 0.0625 0.766113281
vt 0.0625 0.533691406
vt 0.09375 0.894042969
vt 0.0625 0.894042969
vt 0.0625 1
vt 0.09375 1
vt 0.0504455566 0.383300781
vt 0.0776367188 0.416503906
vt 0.0803222656 0.419677734
vt 0.15625 0.894042969
vt 0.125 1
vt 0.15625 0.976074219
vt 0.125 0.894042969
vt 0.09375 1
vt 0.09375 0.894042969
vt 0.09375 1
vt 0.09375 1
vt 0.09375 0.894042969
vt 0.09375 0.894042969
vt 0.0504455566 0.383300781
vt 0.0504455566 0.383300781
vt 0.0303344727 0.345703125
vt 0.0504455566 0.383300781
vt 0.0776367188 0.416503906
vt 0.0504455566 0.383300781
vt 0.0504455566 0.383300781
vt 0.0776367188 0.416503906
vt 0 0
vt 0 0
vt 0 0
vt 0 0
vt 0 0
vt 0 0
vt 0 0
vt 0 0
vt 0 0
vt 0 0
vt 0 0
vt 0 0
vt 0 0
vt 0 0
vt 0 0
vt 0 0
vt 0 0
vt 0 0
vt 0 0
vt 0 0
vt 0 0
vt 0 0
vt 0 0
vt 0 0
vt 0.8125 0.5
vt 0.78125 0.5
vt 0.78125 0.5
vt 0.8125 0.5
vt 0.84375 0.5
vt 0.84375 0.5
vt 0.875 0.5
vt 0.875 0.5
vt 0.90625 0.5
vt 0.90625 0.5
vt 0.9375 0.5
vt 0.9375 0.5
vt 0.96875 0.5
vt 0.96875 0.5
vt 1 0.5
vt 1 0.5
vt 0.1875 0.5
vt 0.1875 0.5
vt 0.15625 0.5
vt 0.15625 0.5
vt 0.125 0.5
vt 0.15625 0.533691406
vt 0.1875 0.533691406
vt 0.125 0.533691406
vt 0.125 0.5
vt 0.09375 0.5
vt 0.09375 0.533691406
vt 0.09375 0.5
vt 0.0625 0.533691406
vt 0.0625 0.5
vt 0.0625 0.5
vt 0.03125 0.5
vt 0.03125 0.5
vt 0 0.5
vt 0 0.5
vt 0.589355469 0.142700195
vt 0.571289062 0.176025391
vt 0.589355469 0.142700195
vt 0.571289062 0.176025391
vt 0.571289062 0.176025391
vt 0.560546875 0.212280273
vt 0.560546875 0.212280273
vt 0.560546875 0.212280273
vt 0.556640625 0.25
vt 0.556640625 0.25
vt 0.61328125 0.11340332
vt 0.589355469 0.142700195
vt 0.61328125 0.11340332
vt 0.61328125 0.11340332
vt 0.589355469 0.142700195
vt 0.61328125 0.11340332
vt 0.642578125 0.0893554688
vt 0.61328125 0.11340332
vt 0.642578125 0.0893554688
vt 0.676269531 0.0715332031
vt 0.642578125 0.0893554688
vt 0.676269531 0.0715332031
vt 0.712402344 0.060546875
vt 0.712402344 0.060546875
vt 0.75 0.0568237305
vt 0.75 0.0568237305
vt 0.571289062 0.176025391
vt 0.571289062 0.176025391
vt 0.589355469 0.142700195
vt 0.560546875 0.212280273
vt 0.571289062 0.176025391
vt 0.560546875 0.212280273
vt 0.556640625 0.25
vt 0.560546875 0.212280273
vt 0.556640625 0.25
vt 0.560546875 0.287597656
vt 0.560546875 0.287597656
vt 0.571289062 0.323974609
vt 0.560546875 0.287597656
vt 0.571289062 0.323974609
vt 0.571289062 0.323974609
vt 0.787597656 0.060546875
vt 0.75 0.0568237305
vt 0.75 0.0568237305
vt 0.787597656 0.060546875
vt 0.787597656 0.060546875
vt 0.75 0.0568237305
vt 0.75 0.0568237305
vt 0.75 0.443115234
vt 0.787597656 0.439453125
vt 0.75 0.443115234
vt 0.787597656 0.439453125
vt 0.823730469 0.428466797
vt 0.787597656 0.439453125
vt 0.823730469 0.428466797
vt 0.787597656 0.439453125
vt 0.823730469 0.428466797
vt 0.823730469 0.428466797
vt 0.857421875 0.410644531
vt 0.857421875 0.410644531
vt 0.75 0.443115234
vt 0.787597656 0.439453125
vt 0.75 0.443115234
vt 0.823730469 0.428466797
vt 0.857421875 0.410644531
vt 0.857421875 0.410644531
vt 0.857421875 0.410644531
vt 0.88671875 0.386474609
vt 0.88671875 0.386474609
vt 0.88671875 0.386474609
vt 0.857421875 0.410644531
vt 0.910644531 0.357421875
vt 0.910644531 0.357421875
vt 0.88671875 0.386474609
vt 0.928710938 0.323974609
vt 0.910644531 0.357421875
vt 0.928710938 0.323974609
vt 0.939453125 0.287597656
vt 0.939453125 0.287597656
vt 0.928710938 0.323974609
vt 0.939453125 0.287597656
vt 0.943359375 0.25
vt 0.943359375 0.25
vt 0.939453125 0.287597656
vt 0.939453125 0.287597656
vt 0.928710938 0.323974609
vt 0.943359375 0.25
vt 0.943359375 0.25
vt 0.939453125 0.287597656
vt 0.676269531 0.428466797
vt 0.712402344 0.439453125
vt 0.676269531 0.428466797
vt 0.712402344 0.439453125
vt 0.75 0.443115234
vt 0.75 0.443115234
vt 0.712402344 0.439453125
vt 0.75 0.443115234
vt 0.75 0.443115234
vt 0.642578125 0.0893554688
vt 0.61328125 0.11340332
vt 0.61328125 0.11340332
vt 0.642578125 0.0893554688
vt 0.676269531 0.0715332031
vt 0.642578125 0.0893554688
vt 0.676269531 0.0715332031
vt 0.712402344 0.060546875
vt 0.712402344 0.060546875
vt 0.75 0.0568237305
vt 0.75 0.0568237305
vt 0 0
vt 0 0
vt 0 0
vt 0 0
vt 0 0
vt 0 0
vt 0 0
vt 0 0
vt 0 0
vt 0 0
vt 0 0
vt 0 0
vt 0 0
vt 0 0
vt 0 0
vt 0 0
vt 0 0
vt 0 0
vt 0.571289062 0.323974609
vt 0 0
vt 0 0
vt 0.560546875 0.287597656
vt 0 0
vt 0.556640625 0.25
vt 0 0
vt 0.560546875 0.212280273
vt 0 0
vt 0.571289062 0.176025391
vt 0 0
vt 0.589355469 0.142700195
vt 0 0
vt 0.61328125 0.11340332
vt 0 0
vt 0.642578125 0.0893554688
vt 0 0
vt 0.676269531 0.0715332031
vt 0 0
vt 0.712402344 0.060546875
vt 0 0
vt 0.75 0.0568237305
vt 0.75 0.0568237305
vt 0 0
vt 0.787597656 0.060546875
vt 0.943359375 0.25
vt 0.939453125 0.212280273
vt 0.939453125 0.212280273
vt 0.943359375 0.25
vt 0.943359375 0.25
vt 0.939453125 0.212280273
vt 0.939453125 0.212280273
vt 0.03125 0.5
vt 0.676269531 0.428466797
vt 0.0625 0.5
vt 0.712402344 0.439453125
vt 0.75 0.443115234
vt 0 0.5
vt 1 0.5
vt 0.787597656 0.439453125
vt 0.96875 0.5
vt 0.823730469 0.428466797
vt 0.9375 0.5
vt 0.857421875 0.410644531
vt 0.90625 0.5
vt 0.88671875 0.386474609
vt 0.875 0.5
vt 0 0
vt 0.939453125 0.212280273
vt 0.943359375 0.25
vt 0 0
vt 0 0
vt 0.939453125 0.287597656
vt 0.8125 0.5
vt 0.78125 0.5
vt 0.939453125 0.287597656
vt 0.928710938 0.323974609
vt 0.84375 0.5
vt 0.910644531 0.357421875
vt 0.875 0.5
vt 0.88671875 0.386474609
vt 0.0625 0.533691406
vt 0.0625 0.5
vt 0.676269531 0.428466797
vt 0.676269531 0.428466797
vt 0.0625 0.894042969
vt 0.676269531 0.428466797
vt 0.676269531 0.428466797
vt 0.0612182617 0.076171875
vt 0.939453125 0.212280273
vt 0.939453125 0.212280273
vt 0 0
vt 0.71875 0.894042969
vt 0.939453125 0.212280273
vt 0.939453125 0.212280273
vt 0.71875 0.894042969
vt 0.75 0.894042969
vt 0.943359375 0.25
vt 0.939453125 0.212280273
vt 0.90625 0.894042969
vt 0.823730469 0.428466797
vt 0.857421875 0.410644531
vt 0.9375 0.894042969
vt 0.787597656 0.439453125
vt 0.96875 0.894042969
vt 0.75 0.443115234
vt 1 0.894042969
vt 0.712402344 0.439453125
vt 0.03125 0.894042969
vt 0.676269531 0.428466797
vt 0.0625 0.894042969
vt 0.09375 0.894042969
vt 0.0944213867 0.894042969
vt 0.125 0.894042969
vt 0.125 0.894042969
vt 0.0625 0.894042969
vt 0.0625 0.894042969
vt 0.0944213867 0.894042969
vt 0.09375 0.894042969
vt 0.0625 0.894042969
vt 0.09375 0.766113281
vt 0.0625 0.766113281
vt 0.0944213867 0.894042969
vt 0.125 0.766113281
vt 0.125 0.894042969
vt 0.15625 0.766113281
vt 0.155639648 0.894042969
vt 0.1875 0.766113281
vt 0.1875 0.894042969
vt 0.125 0.894042969
vt 0.125 0.894042969
vt 0.155639648 0.894042969
vt 0.15625 0.894042969
vt 0.1875 0.894042969
vt 0.1875 0.894042969
vt 0.1875 1
vt 0.1875 1
vt 0.1875 0.894042969
vt 0.1875 0.894042969
vt 0.1875 0.894042969
vt 0.1875 0.766113281
vt 0.1875 0.533691406
vt 0.676269531 0.428466797
vt 0.712402344 0.439453125
vt 0.712402344 0.439453125
vt 0.676269531 0.428466797
vt 1 0.894042969
vt 1 1
vt 0.96875 1
vt 0.96875 0.894042969
vt 0.9375 1
vt 0.9375 0.894042969
vt 0.90625 1
vt 0.90625 0.894042969
vt 0.875 1
vt 0.875 0.894042969
vt 0.84375 1
vt 0.84375 0.894042969
vt 0.84375 0.894042969
vt 0.84375 1
vt 0.84375 1
vt 0.84375 0.894042969
vt 0.78125 0.894042969
vt 0.78125 1
vt 0.75 1
vt 0.75 0.894042969
vt 0.71875 1
vt 0.71875 0.894042969
vt 0.6875 1
vt 0.6875 0.894042969
vt 0.71875 0.533691406
vt 0.65625 1
vt 0.6875 0.533691406
vt 0.71875 0.5
vt 0.65625 0.894042969
vt 0.625 1
vt 0.625 0.894042969
vt 0.59375 1
vt 0.65625 0.533691406
vt 0.6875 0.5
vt 0.59375 0.894042969
vt 0.5625 1
vt 0.6875 0.5
vt 0.71875 0.5
vt 0.65625 0.5
vt 0.65625 0.5
vt 0.625 0.5
vt 0.625 0.533691406
vt 0.625 0.5
vt 0.59375 0.5
vt 0.5625 0.894042969
vt 0.53125 1
vt 0.59375 0.533691406
vt 0.59375 0.5
vt 0.5625 0.5
vt 0.53125 0.894042969
vt 0.5 1
vt 0.5625 0.533691406
vt 0.5 0.894042969
vt 0.46875 1
vt 0.46875 0.894042969
vt 0.53125 0.533691406
vt 0.5625 0.5
vt 0.53125 0.5
vt 0.53125 0.5
vt 0.203125 0.0146102905
vt 0.158203125 0.0282745361
vt 0.203125 0.0146102905
vt 0.158203125 0.0282745361
vt 0.116638184 0.0504455566
vt 0.116638184 0.0504455566
vt 0.203125 0.485351562
vt 0.25 0.489990234
vt 0.25 0.0100021362
vt 0.296875 0.485351562
vt 0.296875 0.0146102905
vt 0.341796875 0.471679688
vt 0.341796875 0.0282745361
vt 0.383300781 0.449462891
vt 0.383300781 0.0504455566
vt 0.419677734 0.419677734
vt 0.419677734 0.0803222656
vt 0.158203125 0.471679688
vt 0.449462891 0.383300781
vt 0.449462891 0.116638184
vt 0.116638184 0.449462891
vt 0.158203125 0.471679688
vt 0.0803222656 0.0803222656
vt 0.116638184 0.449462891
vt 0.0803222656 0.419677734
vt 0.0504455566 0.116638184
vt 0.0803222656 0.419677734
vt 0.116638184 0.449462891
vt 0.0803222656 0.419677734
vt 0.0504455566 0.383300781
vt 0.0282745361 0.158203125
vt 0.0282745361 0.341796875
vt 0.0146102905 0.203125
vt 0.0504455566 0.383300781
vt 0.0146102905 0.296875
vt 0.0100021362 0.25
vt 0.0303344727 0.345703125
vt 0.0282745361 0.341796875
vt 0.0504455566 0.383300781
vt 0.0776367188 0.416503906
vt 0.0803222656 0.419677734
vt 0.40625 0.894042969
vt 0.4375 0.894042969
vt 0.40625 0.894042969
vt 0.4375 0.894042969
vt 0.46875 0.894042969
vt 0.46875 0.894042969
vt 0.676269531 0.0715332031
vt 0.642578125 0.0893554688
vt 0.712402344 0.060546875
vt 0.375 0.894042969
vt 0.75 0.0568237305
vt 0.61328125 0.11340332
vt 0.5 0.894042969
vt 0.787597656 0.060546875
vt 0.53125 0.894042969
vt 0.34375 0.894042969
vt 0.589355469 0.142700195
vt 0.3125 0.894042969
vt 0.571289062 0.176025391
vt 0.28125 0.894042969
vt 0.560546875 0.212280273
vt 0.25 0.894042969
vt 0.556640625 0.25
vt 0.21875 0.894042969
vt 0.560546875 0.287597656
vt 0.1875 0.894042969
vt 0 0
vt 0.40625 0.894042969
vt 0.40625 1
vt 0.375 1
vt 0.375 0.894042969
vt 0.34375 1
vt 0.34375 0.894042969
vt 0.3125 1
vt 0.3125 0.894042969
vt 0.28125 1
vt 0.28125 0.894042969
vt 0.25 1
vt 0.25 0.894042969
vt 0.21875 1
vt 0.21875 0.894042969
vt 0.1875 1
vt 0.1875 0.894042969
vt 0.155639648 0.894042969
vt 0.1875 0.894042969
vt 0.1875 0.894042969
vt 0.15625 0.894042969
vt 0.125 0.894042969
vt 0.125 0.894042969
vt 0.15625 0.894042969
vt 0.125 0.894042969
vt 0.09375 0.894042969
vt 0.09375 0.894042969
vt 0.0625 0.894042969
vt 0.0944213867 0.894042969
vt 0.0625 0.894042969
vt 0.0944213867 0.894042969
vt 0.125 0.894042969
vt 0.125 0.894042969
vt 0.485351562 0.203125
vt 0.489990234 0.25
vt 0.485351562 0.296875
vt 0.471679688 0.158203125
vt 0.471679688 0.341796875
vt 0.485351562 0.296875
vt 0.471679688 0.341796875
vt 0.449462891 0.383300781
vt 0.0625 0.894042969
vt 0.0625 1
vt 0.03125 1
vt 0.03125 0.894042969
vt 0 1
vt 0 0.894042969
vt 0.15625 0.766113281
vt 0.1875 0.533691406
vt 0.1875 0.766113281
vt 0.15625 0.533691406
vt 0.125 0.766113281
vt 0.125 0.533691406
vt 0.09375 0.766113281
vt 0.09375 0.533691406
vt 0.0625 0.766113281
vt 0.0625 0.533691406
vt 0.84375 0.894042969
vt 0.84375 1
vt 0.8125 1
vt 0.8125 0.894042969
vt 0.78125 1
vt 0.78125 0.894042969
vt 0.78125 0.894042969
vt 0.8125 0.894042969
vt 0.78125 0.894042969
vt 0.8125 0.894042969
vt 0.84375 0.894042969
vt 0.84375 0.894042969
vt 0.928710938 0.323974609
vt 0.939453125 0.287597656
vt 0.75 0.894042969
vt 0.943359375 0.25
vt 0.910644531 0.357421875
vt 0.88671875 0.386474609
vt 0.875 0.894042969
vt 0.857421875 0.410644531
vt 0.90625 0.894042969
vt 0.78125 1
vt 0.78125 0.894042969
vt 0.78125 0.894042969
vt 0.78125 1
vt 0.46875 0.894042969
vt 0.46875 1
vt 0.4375 1
vt 0.4375 0.894042969
vt 0.40625 1
vt 0.40625 0.894042969
vt 0.40625 1
vt 0.40625 0.894042969
vt 0.40625 0.894042969
vt 0.40625 1
vt 0.46875 0.894042969
vt 0.46875 1
vt 0.46875 1
vt 0.46875 0.894042969
vt 0.15625 0.894042969
vt 0.15625 0.976074219
vt 0.15625 0.976074219
vt 0.15625 0.894042969
vt 0.15625 0.894042969
vt 0.1875 0.894042969
vt 0.1875 1
vt 0.184570312 1
vt 0.15625 0.976074219
vt 0.0625 1
vt 0.0625 1
vt 0.0625 0.894042969
vt 0.0625 0.894042969
vt 0.0625 0.894042969
vt 0.0625 0.766113281
vt 0.0625 0.533691406
vt 0.09375 0.894042969
vt 0.09375 1
vt 0.0625 1
vt 0.0625 0.894042969
vt 0.15625 0.894042969
vt 0.15625 0.976074219
vt 0.125 1
vt 0.125 0.894042969
vt 0.09375 1
vt 0.09375 0.894042969
vt 0.09375 1
vt 0.09375 0.894042969
vt 0.09375 0.894042969
vt 0.09375 1
vt 0.0504455566 0.383300781
vt 0.0504455566 0.383300781
vt 0.0303344727 0.345703125
vt 0.0504455566 0.383300781
vt 0.0776367188 0.416503906
vt 0.0776367188 0.416503906
vt 0.0504455566 0.383300781
vt 0.0504455566 0.383300781
vt 0 0
vt 0 0
vt 0 0
vt 0 0
vt 0 0
vt 0 0
vt 0 0
vt 0 0
vt 0 0
vt 0 0
vt 0 0
vt 0 0
vt 0 0
vt 0 0
vt 0 0
vt 0 0
vt 0 0
vt 0 0
vt 0 0
vt 0 0
vt 0 0
vt 0 0
vt 0 0
vt 0 0
vt 0.8125 0.5
vt 0.78125 0.5
vt 0.78125 0.5
vt 0.8125 0.5
vt 0.84375 0.5
vt 0.84375 0.5
vt 0.875 0.5
vt 0.875 0.5
vt 0.90625 0.5
vt 0.90625 0.5
vt 0.9375 0.5
vt 0.9375 0.5
vt 0.96875 0.5
vt 0.96875 0.5
vt 1 0.5
vt 1 0.5
vt 0.1875 0.5
vt 0.15625 0.5
vt 0.1875 0.5
vt 0.15625 0.5
vt 0.125 0.5
vt 0.15625 0.533691406
vt 0.1875 0.533691406
vt 0.125 0.533691406
vt 0.125 0.5
vt 0.09375 0.5
vt 0.09375 0.533691406
vt 0.09375 0.5
vt 0.0625 0.533691406
vt 0.0625 0.5
vt 0.0625 0.5
vt 0.03125 0.5
vt 0.03125 0.5
vt 0 0.5
vt 0 0.5
vt 0.589355469 0.142700195
vt 0.589355469 0.142700195
vt 0.571289062 0.176025391
vt 0.571289062 0.176025391
vt 0.571289062 0.176025391
vt 0.560546875 0.212280273
vt 0.560546875 0.212280273
vt 0.560546875 0.212280273
vt 0.556640625 0.25
vt 0.556640625 0.25
vt 0.61328125 0.11340332
vt 0.589355469 0.142700195
vt 0.61328125 0.11340332
vt 0.61328125 0.11340332
vt 0.61328125 0.11340332
vt 0.589355469 0.142700195
vt 0.642578125 0.0893554688
vt 0.61328125 0.11340332
vt 0.642578125 0.0893554688
vt 0.676269531 0.0715332031
vt 0.642578125 0.0893554688
vt 0.676269531 0.0715332031
vt 0.712402344 0.060546875
vt 0.712402344 0.060546875
vt 0.75 0.0568237305
vt 0.75 0.0568237305
vt 0.589355469 0.142700195
vt 0.571289062 0.176025391
vt 0.571289062 0.176025391
vt 0.571289062 0.176025391
vt 0.560546875 0.212280273
vt 0.560546875 0.212280273
vt 0.560546875 0.212280273
vt 0.556640625 0.25
vt 0.556640625 0.25
vt 0.560546875 0.287597656
vt 0.560546875 0.287597656
vt 0.571289062 0.323974609
vt 0.560546875 0.287597656
vt 0.571289062 0.323974609
vt 0.571289062 0.323974609
vt 0.787597656 0.060546875
vt 0.787597656 0.060546875
vt 0.75 0.0568237305
vt 0.75 0.0568237305
vt 0.787597656 0.060546875
vt 0.75 0.0568237305
vt 0.75 0.0568237305
vt 0.75 0.443115234
vt 0.75 0.443115234
vt 0.787597656 0.439453125
vt 0.787597656 0.439453125
vt 0.787597656 0.439453125
vt 0.823730469 0.428466797
vt 0.823730469 0.428466797
vt 0.787597656 0.439453125
vt 0.823730469 0.428466797
vt 0.823730469 0.428466797
vt 0.857421875 0.410644531
vt 0.857421875 0.410644531
vt 0.75 0.443115234
vt 0.787597656 0.439453125
vt 0.75 0.443115234
vt 0.823730469 0.428466797
vt 0.857421875 0.410644531
vt 0.857421875 0.410644531
vt 0.857421875 0.410644531
vt 0.88671875 0.386474609
vt 0.88671875 0.386474609
vt 0.857421875 0.410644531
vt 0.88671875 0.386474609
vt 0.910644531 0.357421875
vt 0.910644531 0.357421875
vt 0.88671875 0.386474609
vt 0.928710938 0.323974609
vt 0.910644531 0.357421875
vt 0.928710938 0.323974609
vt 0.939453125 0.287597656
vt 0.939453125 0.287597656
vt 0.928710938 0.323974609
vt 0.939453125 0.287597656
vt 0.943359375 0.25
vt 0.943359375 0.25
vt 0.928710938 0.323974609
vt 0.939453125 0.287597656
vt 0.939453125 0.287597656
vt 0.939453125 0.287597656
vt 0.943359375 0.25
vt 0.943359375 0.25
vt 0.676269531 0.428466797
vt 0.676269531 0.428466797
vt 0.712402344 0.439453125
vt 0.712402344 0.439453125
vt 0.75 0.443115234
vt 0.75 0.443115234
vt 0.712402344 0.439453125
vt 0.75 0.443115234
vt 0.75 0.443115234
vt 0.642578125 0.0893554688
vt 0.642578125 0.0893554688
vt 0.61328125 0.11340332
vt 0.61328125 0.11340332
vt 0.676269531 0.0715332031
vt 0.642578125 0.0893554688
vt 0.676269531 0.0715332031
vt 0.712402344 0.060546875
vt 0.712402344 0.060546875
vt 0.75 0.0568237305
vt 0.75 0.0568237305
vt 0 0
vt 0 0
vt 0 0
vt 0 0
vt 0 0
vt 0 0
vt 0 0
vt 0 0
vt 0 0
vt 0 0
vt 0 0
vt 0 0
vt 0 0
vt 0 0
vt 0 0
vt 0 0
vt 0 0
vt 0 0
vt 0.571289062 0.323974609
vt 0 0
vt 0 0
vt 0.560546875 0.287597656
vt 0 0
vt 0.556640625 0.25
vt 0 0
vt 0.560546875 0.212280273
vt 0 0
vt 0.571289062 0.176025391
vt 0 0
vt 0.589355469 0.142700195
vt 0 0
vt 0.61328125 0.11340332
vt 0 0
vt 0.642578125 0.0893554688
vt 0 0
vt 0.676269531 0.0715332031
vt 0 0
vt 0.712402344 0.060546875
vt 0 0
vt 0.75 0.0568237305
vt 0.75 0.0568237305
vt 0 0
vt 0.787597656 0.060546875
vt 0.943359375 0.25
vt 0.943359375 0.25
vt 0.939453125 0.212280273
vt 0.939453125 0.212280273
vt 0.943359375 0.25
vt 0.939453125 0.212280273
vt 0.939453125 0.212280273
vt 0.03125 0.5
vt 0.0625 0.5
vt 0.676269531 0.428466797
vt 0.712402344 0.439453125
vt 0.75 0.443115234
vt 0 0.5
vt 1 0.5
vt 0.787597656 0.439453125
vt 0.96875 0.5
vt 0.823730469 0.428466797
vt 0.9375 0.5
vt 0.857421875 0.410644531
vt 0.90625 0.5
vt 0.88671875 0.386474609
vt 0.875 0.5
vt 0 0
vt 0.943359375 0.25
vt 0.939453125 0.212280273
vt 0 0
vt 0 0
vt 0.939453125 0.287597656
vt 0.8125 0.5
vt 0.939453125 0.287597656
vt 0.78125 0.5
vt 0.928710938 0.323974609
vt 0.84375 0.5
vt 0.910644531 0.357421875
vt 0.875 0.5
vt 0.88671875 0.386474609
vt 0.0625 0.533691406
vt 0.676269531 0.428466797
vt 0.676269531 0.428466797
vt 0.0625 0.5
vt 0.0625 0.894042969
vt 0.676269531 0.428466797
vt 0.676269531 0.428466797
vt 0.0612182617 0.076171875
vt 0 0
vt 0.939453125 0.212280273
vt 0.939453125 0.212280273
vt 0.71875 0.894042969
vt 0.939453125 0.212280273
vt 0.939453125 0.212280273
vt 0.71875 0.894042969
vt 0.939453125 0.212280273
vt 0.943359375 0.25
vt 0.75 0.894042969
vt 0.90625 0.894042969
vt 0.857421875 0.410644531
vt 0.823730469 0.428466797
vt 0.9375 0.894042969
vt 0.787597656 0.439453125
vt 0.96875 0.894042969
vt 0.75 0.443115234
vt 1 0.894042969
vt 0.712402344 0.439453125
vt 0.03125 0.894042969
vt 0.676269531 0.428466797
vt 0.0625 0.894042969
vt 0.09375 0.894042969
vt 0.125 0.894042969
vt 0.125 0.894042969
vt 0.0944213867 0.894042969
vt 0.0625 0.894042969
vt 0.09375 0.894042969
vt 0.0944213867 0.894042969
vt 0.0625 0.894042969
vt 0.0625 0.894042969
vt 0.0625 0.766113281
vt 0.09375 0.766113281
vt 0.0944213867 0.894042969
vt 0.125 0.766113281
vt 0.125 0.894042969
vt 0.15625 0.766113281
vt 0.155639648 0.894042969
vt 0.1875 0.766113281
vt 0.1875 0.894042969
vt 0.125 0.894042969
vt 0.155639648 0.894042969
vt 0.125 0.894042969
vt 0.15625 0.894042969
vt 0.1875 0.894042969
vt 0.1875 0.894042969
vt 0.1875 0.894042969
vt 0.1875 0.894042969
vt 0.1875 1
vt 0.1875 1
vt 0.1875 0.894042969
vt 0.1875 0.766113281
vt 0.1875 0.533691406
vt 0.676269531 0.428466797
vt 0.676269531 0.428466797
vt 0.712402344 0.439453125
vt 0.712402344 0.439453125
vt 1 0.894042969
vt 1 1
vt 0.96875 1
vt 0.96875 0.894042969
vt 0.9375 1
vt 0.9375 0.894042969
vt 0.90625 1
vt 0.90625 0.894042969
vt 0.875 1
vt 0.875 0.894042969
vt 0.84375 1
vt 0.84375 0.894042969
vt 0.84375 0.894042969
vt 0.84375 1
vt 0.84375 1
vt 0.84375 0.894042969
vt 0.78125 0.894042969
vt 0.78125 1
vt 0.75 1
vt 0.75 0.894042969
vt 0.71875 1
vt 0.71875 0.894042969
vt 0.6875 1
vt 0.6875 0.894042969
vt 0.71875 0.533691406
vt 0.65625 1
vt 0.6875 0.533691406
vt 0.71875 0.5
vt 0.65625 0.894042969
vt 0.625 1
vt 0.625 0.894042969
vt 0.59375 1
vt 0.65625 0.533691406
vt 0.6875 0.5
vt 0.59375 0.894042969
vt 0.5625 1
vt 0.6875 0.5
vt 0.71875 0.5
vt 0.65625 0.5
vt 0.65625 0.5
vt 0.625 0.5
vt 0.625 0.533691406
vt 0.625 0.5
vt 0.59375 0.5
vt 0.5625 0.894042969
vt 0.53125 1
vt 0.59375 0.533691406
vt 0.59375 0.5
vt 0.5625 0.5
vt 0.53125 0.894042969
vt 0.5 1
vt 0.5625 0.533691406
vt 0.5 0.894042969
vt 0.46875 1
vt 0.46875 0.894042969
vt 0.53125 0.533691406
vt 0.5625 0.5
vt 0.53125 0.5
vt 0.53125 0.5
vt 0.203125 0.0146102905
vt 0.158203125 0.0282745361
vt 0.203125 0.0146102905
vt 0.158203125 0.0282745361
vt 0.116638184 0.0504455566
vt 0.116638184 0.0504455566
vt 0.203125 0.485351562
vt 0.25 0.489990234
vt 0.25 0.0100021362
vt 0.296875 0.485351562
vt 0.296875 0.0146102905
vt 0.341796875 0.471679688
vt 0.341796875 0.0282745361
vt 0.383300781 0.449462891
vt 0.383300781 0.0504455566
vt 0.419677734 0.419677734
vt 0.419677734 0.0803222656
vt 0.158203125 0.471679688
vt 0.449462891 0.383300781
vt 0.449462891 0.116638184
vt 0.116638184 0.449462891
vt 0.158203125 0.471679688
vt 0.0803222656 0.0803222656
vt 0.116638184 0.449462891
vt 0.0803222656 0.419677734
vt 0.0504455566 0.116638184
vt 0.0803222656 0.419677734
vt 0.116638184 0.449462891
vt 0.0803222656 0.419677734
vt 0.0504455566 0.383300781
vt 0.0282745361 0.158203125
vt 0.0282745361 0.341796875
vt 0.0146102905 0.203125
vt 0.0504455566 0.383300781
vt 0.0146102905 0.296875
vt 0.0100021362 0.25
vt 0.0282745361 0.341796875
vt 0.0303344727 0.345703125
vt 0.0504455566 0.383300781
vt 0.0776367188 0.416503906
vt 0.0803222656 0.419677734
vt 0.40625 0.894042969
vt 0.4375 0.894042969
vt 0.40625 0.894042969
vt 0.4375 0.894042969
vt 0.46875 0.894042969
vt 0.46875 0.894042969
vt 0.676269531 0.0715332031
vt 0.642578125 0.0893554688
vt 0.712402344 0.060546875
vt 0.375 0.894042969
vt 0.75 0.0568237305
vt 0.61328125 0.11340332
vt 0.5 0.894042969
vt 0.787597656 0.060546875
vt 0.53125 0.894042969
vt 0.34375 0.894042969
vt 0.589355469 0.142700195
vt 0.3125 0.894042969
vt 0.571289062 0.176025391
vt 0.28125 0.894042969
vt 0.560546875 0.212280273
vt 0.25 0.894042969
vt 0.556640625 0.25
vt 0.21875 0.894042969
vt 0.560546875 0.287597656
vt 0.1875 0.894042969
vt 0 0
vt 0.40625 0.894042969
vt 0.40625 1
vt 0.375 1
vt 0.375 0.894042969
vt 0.34375 1
vt 0.34375 0.894042969
vt 0.3125 1
vt 0.3125 0.894042969
vt 0.28125 1
vt 0.28125 0.894042969
vt 0.25 1
vt 0.25 0.894042969
vt 0.21875 1
vt 0.21875 0.894042969
vt 0.1875 1
vt 0.1875 0.894042969
vt 0.155639648 0.894042969
vt 0.1875 0.894042969
vt 0.1875 0.894042969
vt 0.15625 0.894042969
vt 0.125 0.894042969
vt 0.125 0.894042969
vt 0.15625 0.894042969
vt 0.125 0.894042969
vt 0.09375 0.894042969
vt 0.09375 0.894042969
vt 0.0625 0.894042969
vt 0.0944213867 0.894042969
vt 0.0625 0.894042969
vt 0.0944213867 0.894042969
vt 0.125 0.894042969
vt 0.125 0.894042969
vt 0.485351562 0.203125
vt 0.489990234 0.25
vt 0.485351562 0.296875
vt 0.471679688 0.158203125
vt 0.471679688 0.341796875
vt 0.485351562 0.296875
vt 0.471679688 0.341796875
vt 0.449462891 0.383300781
vt 0.0625 0.894042969
vt 0.0625 1
vt 0.03125 1
vt 0.03125 0.894042969
vt 0 1
vt 0 0.894042969
vt 0.15625 0.766113281
vt 0.1875 0.533691406
vt 0.1875 0.766113281
vt 0.15625 0.533691406
vt 0.125 0.766113281
vt 0.125 0.533691406
vt 0.09375 0.766113281
vt 0.09375 0.533691406
vt 0.0625 0.766113281
vt 0.0625 0.533691406
vt 0.84375 0.894042969
vt 0.84375 1
vt 0.8125 1
vt 0.8125 0.894042969
vt 0.78125 1
vt 0.78125 0.894042969
vt 0.78125 0.894042969
vt 0.8125 0.894042969
vt 0.78125 0.894042969
vt 0.8125 0.894042969
vt 0.84375 0.894042969
vt 0.84375 0.894042969
vt 0.928710938 0.323974609
vt 0.939453125 0.287597656
vt 0.75 0.894042969
vt 0.943359375 0.25
vt 0.910644531 0.357421875
vt 0.88671875 0.386474609
vt 0.875 0.894042969
vt 0.857421875 0.410644531
vt 0.90625 0.894042969
vt 0.78125 1
vt 0.78125 0.894042969
vt 0.78125 0.894042969
vt 0.78125 1
vt 0.46875 0.894042969
vt 0.46875 1
vt 0.4375 1
vt 0.4375 0.894042969
vt 0.40625 1
vt 0.40625 0.894042969
vt 0.40625 1
vt 0.40625 0.894042969
vt 0.40625 0.894042969
vt 0.40625 1
vt 0.46875 0.894042969
vt 0.46875 1
vt 0.46875 1
vt 0.46875 0.894042969
vt 0.15625 0.894042969
vt 0.15625 0.976074219
vt 0.15625 0.976074219
vt 0.15625 0.894042969
vt 0.184570312 1
vt 0.15625 0.976074219
vt 0.15625 0.894042969
vt 0.1875 0.894042969
vt 0.1875 1
vt 0.0625 0.894042969
vt 0.0625 0.894042969
vt 0.0625 1
vt 0.0625 1
vt 0.0625 0.894042969
vt 0.0625 0.766113281
vt 0.0625 0.533691406
vt 0.09375 0.894042969
vt 0.09375 1
vt 0.0625 1
vt 0.0625 0.894042969
vt 0.15625 0.894042969
vt 0.15625 0.976074219
vt 0.125 1
vt 0.125 0.894042969
vt 0.09375 1
vt 0.09375 0.894042969
vt 0.09375 1
vt 0.09375 0.894042969
vt 0.09375 0.894042969
vt 0.09375 1
vt 0.0504455566 0.383300781
vt 0.0504455566 0.383300781
vt 0.0303344727 0.345703125
vt 0.0504455566 0.383300781
vt 0.0776367188 0.416503906
vt 0.0776367188 0.416503906
vt 0.0504455566 0.383300781
vt 0.0504455566 0.383300781
vt 0 0
vt 0 0
vt 0 0
vt 0 0
vt 0 0
vt 0 0
vt 0 0
vt 0 0
vt 0 0
vt 0 0
vt 0 0
vt 0 0
vt 0 0
vt 0 0
vt 0 0
vt 0 0
vt 0 0
vt 0 0
vt 0 0
vt 0 0
vt 0 0
vt 0 0
vt 0 0
vt 0 0
vt 0.8125 0.5
vt 0.78125 0.5
vt 0.78125 0.5
vt 0.8125 0.5
vt 0.84375 0.5
vt 0.84375 0.5
vt 0.875 0.5
vt 0.875 0.5
vt 0.90625 0.5
vt 0.90625 0.5
vt 0.9375 0.5
vt 0.9375 0.5
vt 0.96875 0.5
vt 0.96875 0.5
vt 1 0.5
vt 1 0.5
vt 0.1875 0.5
vt 0.15625 0.5
vt 0.1875 0.5
vt 0.15625 0.5
vt 0.125 0.5
vt 0.15625 0.533691406
vt 0.1875 0.533691406
vt 0.125 0.533691406
vt 0.125 0.5
vt 0.09375 0.5
vt 0.09375 0.533691406
vt 0.09375 0.5
vt 0.0625 0.533691406
vt 0.0625 0.5
vt 0.0625 0.5
vt 0.03125 0.5
vt 0.03125 0.5
vt 0 0.5
vt 0 0.5
vt 0.589355469 0.142700195
vt 0.589355469 0.142700195
vt 0.571289062 0.176025391
vt 0.571289062 0.176025391
vt 0.571289062 0.176025391
vt 0.560546875 0.212280273
vt 0.560546875 0.212280273
vt 0.560546875 0.212280273
vt 0.556640625 0.25
vt 0.556640625 0.25
vt 0.61328125 0.11340332
vt 0.589355469 0.142700195
vt 0.61328125 0.11340332
vt 0.61328125 0.11340332
vt 0.61328125 0.11340332
vt 0.589355469 0.142700195
vt 0.642578125 0.0893554688
vt 0.61328125 0.11340332
vt 0.642578125 0.0893554688
vt 0.676269531 0.0715332031
vt 0.642578125 0.0893554688
vt 0.676269531 0.0715332031
vt 0.712402344 0.060546875
vt 0.712402344 0.060546875
vt 0.75 0.0568237305
vt 0.75 0.0568237305
vt 0.589355469 0.142700195
vt 0.571289062 0.176025391
vt 0.571289062 0.176025391
vt 0.571289062 0.176025391
vt 0.560546875 0.212280273
vt 0.560546875 0.212280273
vt 0.560546875 0.212280273
vt 0.556640625 0.25
vt 0.556640625 0.25
vt 0.560546875 0.287597656
vt 0.560546875 0.287597656
vt 0.571289062 0.323974609
vt 0.560546875 0.287597656
vt 0.571289062 0.323974609
vt 0.571289062 0.323974609
vt 0.787597656 0.060546875
vt 0.787597656 0.060546875
vt 0.75 0.0568237305
vt 0.75 0.0568237305
vt 0.787597656 0.060546875
vt 0.75 0.0568237305
vt 0.75 0.0568237305
vt 0.75 0.443115234
vt 0.75 0.443115234
vt 0.787597656 0.439453125
vt 0.787597656 0.439453125
vt 0.787597656 0.439453125
vt 0.823730469 0.428466797
vt 0.823730469 0.428466797
vt 0.787597656 0.439453125
vt 0.823730469 0.428466797
vt 0.823730469 0.428466797
vt 0.857421875 0.410644531
vt 0.857421875 0.410644531
vt 0.75 0.443115234
vt 0.787597656 0.439453125
vt 0.75 0.443115234
vt 0.823730469 0.428466797
vt 0.857421875 0.410644531
vt 0.857421875 0.410644531
vt 0.857421875 0.410644531
vt 0.88671875 0.386474609
vt 0.88671875 0.386474609
vt 0.857421875 0.410644531
vt 0.88671875 0.386474609
vt 0.910644531 0.357421875
vt 0.910644531 0.357421875
vt 0.88671875 0.386474609
vt 0.928710938 0.323974609
vt 0.910644531 0.357421875
vt 0.928710938 0.323974609
vt 0.939453125 0.287597656
vt 0.939453125 0.287597656
vt 0.928710938 0.323974609
vt 0.939453125 0.287597656
vt 0.943359375 0.25
vt 0.943359375 0.25
vt 0.928710938 0.323974609
vt 0.939453125 0.287597656
vt 0.939453125 0.287597656
vt 0.939453125 0.287597656
vt 0.943359375 0.25
vt 0.943359375 0.25
vt 0.676269531 0.428466797
vt 0.676269531 0.428466797
vt 0.712402344 0.439453125
vt 0.712402344 0.439453125
vt 0.75 0.443115234
vt 0.75 0.443115234
vt 0.712402344 0.439453125
vt 0.75 0.443115234
vt 0.75 0.443115234
vt 0.642578125 0.0893554688
vt 0.642578125 0.0893554688
vt 0.61328125 0.11340332
vt 0.61328125 0.11340332
vt 0.676269531 0.0715332031
vt 0.642578125 0.0893554688
vt 0.676269531 0.0715332031
vt 0.712402344 0.060546875
vt 0.712402344 0.060546875
vt 0.75 0.0568237305
vt 0.75 0.0568237305
vt 0 0
vt 0 0
vt 0 0
vt 0 0
vt 0 0
vt 0 0
vt 0 0
vt 0 0
vt 0 0
vt 0 0
vt 0 0
vt 0 0
vt 0 0
vt 0 0
vt 0 0
vt 0 0
vt 0 0
vt 0 0
vt 0.571289062 0.323974609
vt 0 0
vt 0 0
vt 0.560546875 0.287597656
vt 0 0
vt 0.556640625 0.25
vt 0 0
vt 0.560546875 0.212280273
vt 0 0
vt 0.571289062 0.176025391
vt 0 0
vt 0.589355469 0.142700195
vt 0 0
vt 0.61328125 0.11340332
vt 0 0
vt 0.642578125 0.0893554688
vt 0 0
vt 0.676269531 0.0715332031
vt 0 0
vt 0.712402344 0.060546875
vt 0 0
vt 0.75 0.0568237305
vt 0.75 0.0568237305
vt 0 0
vt 0.787597656 0.060546875
vt 0.943359375 0.25
vt 0.943359375 0.25
vt 0.939453125 0.212280273
vt 0.939453125 0.212280273
vt 0.943359375 0.25
vt 0.939453125 0.212280273
vt 0.939453125 0.212280273
vt 0.03125 0.5
vt 0.0625 0.5
vt 0.676269531 0.428466797
vt 0.712402344 0.439453125
vt 0.75 0.443115234
vt 0 0.5
vt 1 0.5
vt 0.787597656 0.439453125
vt 0.96875 0.5
vt 0.823730469 0.428466797
vt 0.9375 0.5
vt 0.857421875 0.410644531
vt 0.90625 0.5
vt 0.88671875 0.386474609
vt 0.875 0.5
vt 0 0
vt 0.943359375 0.25
vt 0.939453125 0.212280273
vt 0 0
vt 0 0
vt 0.939453125 0.287597656
vt 0.8125 0.5
vt 0.939453125 0.287597656
vt 0.78125 0.5
vt 0.928710938 0.323974609
vt 0.84375 0.5
vt 0.910644531 0.357421875
vt 0.875 0.5
vt 0.88671875 0.386474609
vt 0.0625 0.533691406
vt 0.676269531 0.428466797
vt 0.676269531 0.428466797
vt 0.0625 0.5
vt 0.0625 0.894042969
vt 0.676269531 0.428466797
vt 0.676269531 0.428466797
vt 0.0612182617 0.076171875
vt 0 0
vt 0.939453125 0.212280273
vt 0.939453125 0.212280273
vt 0.71875 0.894042969
vt 0.939453125 0.212280273
vt 0.939453125 0.212280273
vt 0.71875 0.894042969
vt 0.939453125 0.212280273
vt 0.943359375 0.25
vt 0.75 0.894042969
vt 0.90625 0.894042969
vt 0.857421875 0.410644531
vt 0.823730469 0.428466797
vt 0.9375 0.894042969
vt 0.787597656 0.439453125
vt 0.96875 0.894042969
vt 0.75 0.443115234
vt 1 0.894042969
vt 0.712402344 0.439453125
vt 0.03125 0.894042969
vt 0.676269531 0.428466797
vt 0.0625 0.894042969
vt 0.09375 0.894042969
vt 0.125 0.894042969
vt 0.125 0.894042969
vt 0.0944213867 0.894042969
vt 0.0625 0.894042969
vt 0.09375 0.894042969
vt 0.0944213867 0.894042969
vt 0.0625 0.894042969
vt 0.0625 0.894042969
vt 0.0625 0.766113281
vt 0.09375 0.766113281
vt 0.0944213867 0.894042969
vt 0.125 0.766113281
vt 0.125 0.894042969
vt 0.15625 0.766113281
vt 0.155639648 0.894042969
vt 0.1875 0.766113281
vt 0.1875 0.894042969
vt 0.125 0.894042969
vt 0.155639648 0.894042969
vt 0.125 0.894042969
vt 0.15625 0.894042969
vt 0.1875 0.894042969
vt 0.1875 0.894042969
vt 0.1875 1
vt 0.1875 1
vt 0.1875 0.894042969
vt 0.1875 0.894042969
vt 0.676269531 0.428466797
vt 0.676269531 0.428466797
vt 0.712402344 0.439453125
vt 0.712402344 0.439453125
vt 1 0.894042969
vt 0.96875 1
vt 1 1
vt 0.96875 0.894042969
vt 0.9375 1
vt 0.9375 0.894042969
vt 0.90625 1
vt 0.90625 0.894042969
vt 0.875 1
vt 0.875 0.894042969
vt 0.84375 1
vt 0.84375 0.894042969
vt 0.84375 0.894042969
vt 0.84375 0.894042969
vt 0.84375 1
vt 0.84375 1
vt 0.78125 0.894042969
vt 0.75 1
vt 0.78125 1
vt 0.75 0.894042969
vt 0.71875 1
vt 0.71875 0.894042969
vt 0.6875 1
vt 0.6875 0.894042969
vt 0.71875 0.533691406
vt 0.65625 1
vt 0.6875 0.533691406
vt 0.71875 0.5
vt 0.65625 0.894042969
vt 0.625 1
vt 0.625 0.894042969
vt 0.59375 1
vt 0.65625 0.533691406
vt 0.6875 0.5
vt 0.59375 0.894042969
vt 0.5625 1
vt 0.6875 0.5
vt 0.71875 0.5
vt 0.65625 0.5
vt 0.65625 0.5
vt 0.625 0.5
vt 0.625 0.533691406
vt 0.625 0.5
vt 0.59375 0.5
vt 0.5625 0.894042969
vt 0.53125 1
vt 0.59375 0.533691406
vt 0.59375 0.5
vt 0.5625 0.5
vt 0.53125 0.894042969
vt 0.5 1
vt 0.5625 0.533691406
vt 0.5 0.894042969
vt 0.46875 1
vt 0.46875 0.894042969
vt 0.53125 0.533691406
vt 0.5625 0.5
vt 0.53125 0.5
vt 0.53125 0.5
vt 0.203125 0.0146102905
vt 0.203125 0.0146102905
vt 0.158203125 0.0282745361
vt 0.158203125 0.0282745361
vt 0.116638184 0.0504455566
vt 0.116638184 0.0504455566
vt 0.158203125 0.471679688
vt 0.203125 0.485351562
vt 0.25 0.0100021362
vt 0.25 0.489990234
vt 0.296875 0.0146102905
vt 0.296875 0.485351562
vt 0.341796875 0.0282745361
vt 0.341796875 0.471679688
vt 0.383300781 0.0504455566
vt 0.383300781 0.449462891
vt 0.419677734 0.0803222656
vt 0.419677734 0.419677734
vt 0.449462891 0.116638184
vt 0.449462891 0.383300781
vt 0.471679688 0.158203125
vt 0.471679688 0.341796875
vt 0.485351562 0.203125
vt 0.471679688 0.341796875
vt 0.449462891 0.383300781
vt 0.485351562 0.296875
vt 0.485351562 0.296875
vt 0.489990234 0.25
vt 0.40625 0.894042969
vt 0.40625 0.894042969
vt 0.4375 0.894042969
vt 0.4375 0.894042969
vt 0.46875 0.894042969
vt 0.46875 0.894042969
vt 0.676269531 0.0715332031
vt 0.642578125 0.0893554688
vt 0.712402344 0.060546875
vt 0.375 0.894042969
vt 0.75 0.0568237305
vt 0.61328125 0.11340332
vt 0.5 0.894042969
vt 0.787597656 0.060546875
vt 0.53125 0.894042969
vt 0.34375 0.894042969
vt 0.589355469 0.142700195
vt 0.3125 0.894042969
vt 0.571289062 0.176025391
vt 0.28125 0.894042969
vt 0.560546875 0.212280273
vt 0.25 0.894042969
vt 0.556640625 0.25
vt 0.21875 0.894042969
vt 0.560546875 0.287597656
vt 0.1875 0.894042969
vt 0 0
vt 0.40625 0.894042969
vt 0.375 1
vt 0.40625 1
vt 0.375 0.894042969
vt 0.34375 1
vt 0.34375 0.894042969
vt 0.3125 1
vt 0.3125 0.894042969
vt 0.28125 1
vt 0.28125 0.894042969
vt 0.25 1
vt 0.25 0.894042969
vt 0.21875 1
vt 0.21875 0.894042969
vt 0.1875 1
vt 0.1875 0.894042969
vt 0.155639648 0.894042969
vt 0.1875 0.894042969
vt 0.1875 0.894042969
vt 0.15625 0.894042969
vt 0.125 0.894042969
vt 0.125 0.894042969
vt 0.15625 0.894042969
vt 0.125 0.894042969
vt 0.09375 0.894042969
vt 0.09375 0.894042969
vt 0.0625 0.894042969
vt 0.0625 0.894042969
vt 0.0944213867 0.894042969
vt 0.0944213867 0.894042969
vt 0.125 0.894042969
vt 0.125 0.894042969
vt 0.0282745361 0.341796875
vt 0.0282745361 0.341796875
vt 0.0303344727 0.345703125
vt 0.0504455566 0.383300781
vt 0.0504455566 0.383300781
vt 0.0504455566 0.116638184
vt 0.0282745361 0.158203125
vt 0.0803222656 0.0803222656
vt 0.0146102905 0.296875
vt 0.0146102905 0.203125
vt 0.0100021362 0.25
vt 0.0803222656 0.419677734
vt 0.116638184 0.449462891
vt 0.158203125 0.471679688
vt 0.116638184 0.449462891
vt 0.0803222656 0.419677734
vt 0.116638184 0.449462891
vt 0.0803222656 0.419677734
vt 0.0625 0.894042969
vt 0.03125 1
vt 0.0625 1
vt 0.03125 0.894042969
vt 0 1
vt 0 0.894042969
vt 0.15625 0.766113281
vt 0.1875 0.766113281
vt 0.1875 0.533691406
vt 0.15625 0.533691406
vt 0.125 0.766113281
vt 0.125 0.533691406
vt 0.09375 0.766113281
vt 0.09375 0.533691406
vt 0.0625 0.766113281
vt 0.0625 0.533691406
vt 0.84375 0.894042969
vt 0.8125 1
vt 0.84375 1
vt 0.8125 0.894042969
vt 0.78125 1
vt 0.78125 0.894042969
vt 0.78125 0.894042969
vt 0.78125 0.894042969
vt 0.8125 0.894042969
vt 0.8125 0.894042969
vt 0.84375 0.894042969
vt 0.84375 0.894042969
vt 0.928710938 0.323974609
vt 0.939453125 0.287597656
vt 0.75 0.894042969
vt 0.943359375 0.25
vt 0.910644531 0.357421875
vt 0.88671875 0.386474609
vt 0.875 0.894042969
vt 0.857421875 0.410644531
vt 0.90625 0.894042969
vt 0.78125 1
vt 0.78125 1
vt 0.78125 0.894042969
vt 0.78125 0.894042969
vt 0.46875 0.894042969
vt 0.4375 1
vt 0.46875 1
vt 0.4375 0.894042969
vt 0.40625 1
vt 0.40625 0.894042969
vt 0.40625 1
vt 0.40625 1
vt 0.40625 0.894042969
vt 0.40625 0.894042969
vt 0.46875 0.894042969
vt 0.46875 0.894042969
vt 0.46875 1
vt 0.46875 1
vt 0.15625 0.894042969
vt 0.15625 0.894042969
vt 0.15625 0.976074219
vt 0.15625 0.976074219
vt 0.1875 0.894042969
vt 0.15625 0.894042969
vt 0.15625 0.976074219
vt 0.184570312 1
vt 0.1875 1
vt 0.0625 1
vt 0.0625 1
vt 0.0625 0.894042969
vt 0.0625 0.894042969
vt 0.0625 0.894042969
vt 0.0625 0.766113281
vt 0.0625 0.533691406
vt 0.09375 0.894042969
vt 0.0625 0.894042969
vt 0.0625 1
vt 0.09375 1
vt 0.0504455566 0.383300781
vt 0.0776367188 0.416503906
vt 0.0803222656 0.419677734
vt 0.15625 0.894042969
vt 0.125 1
vt 0.15625 0.976074219
vt 0.125 0.894042969
vt 0.09375 1
vt 0.09375 0.894042969
vt 0.09375 1
vt 0.09375 1
vt 0.09375 0.894042969
vt 0.09375 0.894042969
vt 0.0504455566 0.383300781
vt 0.0504455566 0.383300781
vt 0.0303344727 0.345703125
vt 0.0504455566 0.383300781
vt 0.0776367188 0.416503906
vt 0.0504455566 0.383300781
vt 0.0504455566 0.383300781
vt 0.0776367188 0.416503906
vt 0.939453125 0.212280273
vt 0.943359375 0.25
vt 0.939453125 0.212280273
vt 0.943359375 0.25
vt 0.939453125 0.287597656
vt 0.939453125 0.287597656
vt 0.928710938 0.323974609
vt 0.928710938 0.323974609
vt 0.910644531 0.357421875
vt 0.910644531 0.357421875
vt 0.939453125 0.287597656
vt 0.939453125 0.287597656
vt 0.928710938 0.323974609
vt 0.943359375 0.25
vt 0.943359375 0.25
vt 0.939453125 0.287597656
vt 0.910644531 0.357421875
vt 0.928710938 0.323974609
vt 0.910644531 0.357421875
vt 0.88671875 0.386474609
vt 0.88671875 0.386474609
vt 0.928710938 0.323974609
vt 0.939453125 0.287597656
vt 0.939453125 0.287597656
vt 0.910644531 0.357421875
vt 0.88671875 0.386474609
vt 0.857421875 0.410644531
vt 0.857421875 0.410644531
vt 0.939453125 0.287597656
vt 0.943359375 0.25
vt 0.943359375 0.25
vt 0.823730469 0.428466797
vt 0.857421875 0.410644531
vt 0.823730469 0.428466797
vt 0.857421875 0.410644531
vt 0.88671875 0.386474609
vt 0.857421875 0.410644531
vt 0.823730469 0.428466797
vt 0.857421875 0.410644531
vt 0.823730469 0.428466797
vt 0.787597656 0.439453125
vt 0.787597656 0.439453125
vt 0.787597656 0.439453125
vt 0.823730469 0.428466797
vt 0.75 0.443115234
vt 0.787597656 0.439453125
vt 0.75 0.443115234
vt 0.75 0.443115234
vt 0.787597656 0.439453125
vt 0.75 0.443115234
vt 0 0
vt 0 0
vt 0 0
vt 0 0
vt 0 0
vt 0 0
vt 0 0
vt 0 0
vt 0 0
vt 0 0
vt 0 0
vt 0 0
vt 0 0
vt 0 0
vt 0 0
vt 0 0
vt 0 0
vt 0 0
vt 0 0
vt 0 0
vt 0 0
vt 0 0
vt 0 0
vt 0 0
vt 0.8125 0.5
vt 0.78125 0.5
vt 0.78125 0.5
vt 0.8125 0.5
vt 0.84375 0.5
vt 0.84375 0.5
vt 0.875 0.5
vt 0.875 0.5
vt 0.90625 0.5
vt 0.90625 0.5
vt 0.9375 0.5
vt 0.9375 0.5
vt 0.96875 0.5
vt 0.96875 0.5
vt 1 0.5
vt 1 0.5
vt 0.1875 0.5
vt 0.1875 0.5
vt 0.15625 0.5
vt 0.15625 0.5
vt 0.125 0.5
vt 0.15625 0.533691406
vt 0.1875 0.533691406
vt 0.125 0.533691406
vt 0.125 0.5
vt 0.09375 0.5
vt 0.09375 0.533691406
vt 0.09375 0.5
vt 0.0625 0.533691406
vt 0.0625 0.5
vt 0.0625 0.5
vt 0.03125 0.5
vt 0.03125 0.5
vt 0 0.5
vt 0 0.5
vt 0.589355469 0.142700195
vt 0.571289062 0.176025391
vt 0.589355469 0.142700195
vt 0.571289062 0.176025391
vt 0.571289062 0.176025391
vt 0.560546875 0.212280273
vt 0.560546875 0.212280273
vt 0.560546875 0.212280273
vt 0.556640625 0.25
vt 0.556640625 0.25
vt 0.61328125 0.11340332
vt 0.589355469 0.142700195
vt 0.61328125 0.11340332
vt 0.61328125 0.11340332
vt 0.589355469 0.142700195
vt 0.61328125 0.11340332
vt 0.642578125 0.0893554688
vt 0.61328125 0.11340332
vt 0.642578125 0.0893554688
vt 0.676269531 0.0715332031
vt 0.642578125 0.0893554688
vt 0.676269531 0.0715332031
vt 0.712402344 0.060546875
vt 0.712402344 0.060546875
vt 0.75 0.0568237305
vt 0.75 0.0568237305
vt 0.571289062 0.176025391
vt 0.571289062 0.176025391
vt 0.589355469 0.142700195
vt 0.560546875 0.212280273
vt 0.571289062 0.176025391
vt 0.560546875 0.212280273
vt 0.556640625 0.25
vt 0.560546875 0.212280273
vt 0.556640625 0.25
vt 0.560546875 0.287597656
vt 0.560546875 0.287597656
vt 0.571289062 0.323974609
vt 0.560546875 0.287597656
vt 0.571289062 0.323974609
vt 0.571289062 0.323974609
vt 0.787597656 0.060546875
vt 0.75 0.0568237305
vt 0.75 0.0568237305
vt 0.787597656 0.060546875
vt 0.787597656 0.060546875
vt 0.75 0.0568237305
vt 0.75 0.0568237305
vt 0.676269531 0.428466797
vt 0.712402344 0.439453125
vt 0.676269531 0.428466797
vt 0.712402344 0.439453125
vt 0.75 0.443115234
vt 0.75 0.443115234
vt 0.712402344 0.439453125
vt 0.75 0.443115234
vt 0.75 0.443115234
vt 0.642578125 0.0893554688
vt 0.61328125 0.11340332
vt 0.61328125 0.11340332
vt 0.642578125 0.0893554688
vt 0.676269531 0.0715332031
vt 0.642578125 0.0893554688
vt 0.676269531 0.0715332031
vt 0.712402344 0.060546875
vt 0.712402344 0.060546875
vt 0.75 0.0568237305
vt 0.75 0.0568237305
vt 0 0
vt 0 0
vt 0 0
vt 0 0
vt 0 0
vt 0 0
vt 0 0
vt 0 0
vt 0 0
vt 0 0
vt 0 0
vt 0 0
vt 0.910644531 0.357421875
vt 0.910644531 0.357421875
vt 0.88671875 0.386474609
vt 0.88671875 0.386474609
vt 0.857421875 0.410644531
vt 0.857421875 0.410644531
vt 0.823730469 0.428466797
vt 0.823730469 0.428466797
vt 0.787597656 0.439453125
vt 0.787597656 0.439453125
vt 0.75 0.443115234
vt 0.75 0.443115234
vt 0.712402344 0.439453125
vt 0.712402344 0.439453125
vt 0.676269531 0.428466797
vt 0.676269531 0.428466797
vt 0.642578125 0.410644531
vt 0.642578125 0.410644531
vt 0.61328125 0.386474609
vt 0.61328125 0.386474609
vt 0.589355469 0.357421875
vt 0.589355469 0.357421875
vt 0.571289062 0.323974609
vt 0.571289062 0.323974609
vt 0.560546875 0.287597656
vt 0.560546875 0.287597656
vt 0.556640625 0.25
vt 0.556640625 0.25
vt 0.560546875 0.212280273
vt 0.560546875 0.212280273
vt 0.571289062 0.176025391
vt 0.571289062 0.176025391
vt 0.589355469 0.142700195
vt 0.589355469 0.142700195
vt 0.61328125 0.11340332
vt 0.61328125 0.11340332
vt 0.642578125 0.0893554688
vt 0.642578125 0.0893554688
vt 0.676269531 0.0715332031
vt 0.676269531 0.0715332031
vt 0.712402344 0.060546875
vt 0.712402344 0.060546875
vt 0.75 0.0568237305
vt 0.75 0.0568237305
vt 0.787597656 0.060546875
vt 0.787597656 0.060546875
vt 0.823730469 0.0715332031
vt 0.823730469 0.0715332031
vt 0.857421875 0.0893554688
vt 0.857421875 0.0893554688
vt 0.88671875 0.11340332
vt 0.88671875 0.11340332
vt 0.910644531 0.142700195
vt 0.910644531 0.142700195
vt 0.928710938 0.176025391
vt 0.928710938 0.176025391
vt 0.939453125 0.212280273
vt 0.939453125 0.212280273
vt 0 0
vt 0 0
vt 0 0
vt 0 0
vt 0 0
vt 0 0
vt 0.571289062 0.323974609
vt 0 0
vt 0 0
vt 0.560546875 0.287597656
vt 0 0
vt 0.556640625 0.25
vt 0 0
vt 0.560546875 0.212280273
vt 0 0
vt 0.571289062 0.176025391
vt 0 0
vt 0.589355469 0.142700195
vt 0 0
vt 0.61328125 0.11340332
vt 0 0
vt 0.642578125 0.0893554688
vt 0 0
vt 0.676269531 0.0715332031
vt 0 0
vt 0.712402344 0.060546875
vt 0 0
vt 0.75 0.0568237305
vt 0.75 0.0568237305
vt 0 0
vt 0.787597656 0.060546875
vt 0.943359375 0.25
vt 0.939453125 0.212280273
vt 0.939453125 0.212280273
vt 0.943359375 0.25
vt 0.943359375 0.25
vt 0.939453125 0.212280273
vt 0.939453125 0.212280273
vt 0.03125 0.5
vt 0.676269531 0.428466797
vt 0.0625 0.5
vt 0.712402344 0.439453125
vt 0.75 0.443115234
vt 0 0.5
vt 1 0.5
vt 0.787597656 0.439453125
vt 0.96875 0.5
vt 0.823730469 0.428466797
vt 0.9375 0.5
vt 0.857421875 0.410644531
vt 0.90625 0.5
vt 0.88671875 0.386474609
vt 0.875 0.5
vt 0 0
vt 0.939453125 0.212280273
vt 0.943359375 0.25
vt 0 0
vt 0 0
vt 0.939453125 0.287597656
vt 0.8125 0.5
vt 0.78125 0.5
vt 0.939453125 0.287597656
vt 0.928710938 0.323974609
vt 0.84375 0.5
vt 0.910644531 0.357421875
vt 0.875 0.5
vt 0.88671875 0.386474609
vt 0.0625 0.533691406
vt 0.0625 0.5
vt 0.676269531 0.428466797
vt 0.676269531 0.428466797
vt 0.0625 0.894042969
vt 0.676269531 0.428466797
vt 0.676269531 0.428466797
vt 0.0612182617 0.076171875
vt 0.939453125 0.212280273
vt 0.939453125 0.212280273
vt 0 0
vt 0.71875 0.894042969
vt 0.939453125 0.212280273
vt 0.939453125 0.212280273
vt 0.71875 0.894042969
vt 0.75 0.894042969
vt 0.943359375 0.25
vt 0.939453125 0.212280273
vt 0.90625 0.894042969
vt 0.823730469 0.428466797
vt 0.857421875 0.410644531
vt 0.9375 0.894042969
vt 0.787597656 0.439453125
vt 0.96875 0.894042969
vt 0.75 0.443115234
vt 1 0.894042969
vt 0.712402344 0.439453125
vt 0.03125 0.894042969
vt 0.676269531 0.428466797
vt 0.0625 0.894042969
vt 0.09375 0.894042969
vt 0.0944213867 0.894042969
vt 0.125 0.894042969
vt 0.125 0.894042969
vt 0.0625 0.894042969
vt 0.0625 0.894042969
vt 0.0944213867 0.894042969
vt 0.09375 0.894042969
vt 0.0625 0.894042969
vt 0.09375 0.766113281
vt 0.0625 0.766113281
vt 0.0944213867 0.894042969
vt 0.125 0.766113281
vt 0.125 0.894042969
vt 0.15625 0.766113281
vt 0.155639648 0.894042969
vt 0.1875 0.766113281
vt 0.1875 0.894042969
vt 0.125 0.894042969
vt 0.125 0.894042969
vt 0.155639648 0.894042969
vt 0.15625 0.894042969
vt 0.1875 0.894042969
vt 0.1875 0.894042969
vt 0.1875 0.894042969
vt 0.1875 0.894042969
vt 0.1875 1
vt 0.1875 1
vt 0.676269531 0.428466797
vt 0.712402344 0.439453125
vt 0.712402344 0.439453125
vt 0.676269531 0.428466797
vt 0 0
vt 0 0
vt 0 0
vt 0 0
vt 0 0
vt 0 0
vt 0 0
vt 0 0
vt 0 0
vt 0 0
vt 0 0
vt 0 0
vt 0 0
vt 0 0
vt 0 0
vt 0 0
vt 0 0
vt 0 0
vt 0 0
vt 0 0
vt 0 0
vt 0 0
vt 0 0
vt 0 0
vt 0 0
vt 0 0
vt 0 0
vt 0 0
vt 0 0
vt 0 0
vt 0 0
vt 0 0
vt 0 0
vt 0 0
vt 0 0
vt 0 0
vt 0 0
vt 0 0
vt 0 0
vt 0 0
vt 0 0
vt 0 0
vt 0 0
vt 0 0
vt 0 0
vt 0 0
vt 0 0
vt 0 0
vt 0 0
vt 0 0
vt 0 0
vt 0 0
vt 0 0
vt 0 0
vt 0 0
vt 0 0
vt 0 0
vt 0 0
vt 0 0
vt 0 0
vt 0 0
vt 0 0
vt 0 0
vt 0 0
vt 0 0
vt 0 0
vt 0 0
vt 0 0
vt 0 0
vt 0 0
vt 0 0
vt 0 0
vt 0 0
vt 0 0
vt 0 0
vt 0 0
vt 0 0
vt 0 0
vt 0 0
vt 0 0
vt 0 0
vt 0 0
vt 0 0
vt 0 0
vt 0 0
vt 0 0
vt 0 0
vt 0 0
vt 0 0
vt 0 0
vt 0 0
vt 0 0
vt 0 0
vt 0 0
vt 0 0
vt 0 0
vt 0 0
vt 0 0
vt 0 0
vt 0 0
vt 0 0
vt 0 0
vt 0 0
vt 0 0
vt 0 0
vt 0 0
vt 0 0
vt 0 0
vt 0 0
vt 0 0
vt 0 0
vt 0 0
vt 0 0
vt 0 0
vt 0 0
vt 0 0
vt 0 0
vt 0 0
vt 0 0
vt 0 0
vt 0 0
vt 0 0
vt 0 0
vt 0 0
vt 0 0
vt 0 0
vt 0 0
vt 0 0
vt 0 0
vt 0 0
vt 0 0
vt 0 0
vt 0 0
vt 0 0
vt 0 0
vt 0 0
vt 0 0
vt 0 0
vt 0 0
vt 0 0
vt 0 0
vt 0 0
vt 0 0
vt 0 0
vt 0 0
vt 0 0
vt 0 0
vt 0 0
vt 0 0
vt 0 0
vt 0 0
vt 0 0
vt 0 0
vt 0 0
vt 0 0
vt 0 0
vt 0 0
vt 0 0
vt 0 0
vt 0 0
vt 0 0
vt 0 0
vt 0 0
vt 0 0
vt 0 0
vt 0 0
vt 0 0
vt 0 0
vt 0 0
vt 0 0
vt 0 0
vt 0 0
vt 0 0
vt 0 0
vt 0 0
vt 0 0
vt 0 0
vt 0 0
vt 0 0
vt 0 0
vt 0 0
vt 0 0
vt 0 0
vt 0 0
vt 0 0
vt 0 0
vt 0 0
vt 0 0
vt 0 0
vt 0 0
vt 0 0
vt 0 0
vt 0 0
vt 0 0
vt 0 0
vt 0 0
vt 0 0
vt 0 0
vt 0 0
vt 0 0
vt 0 0
vt 0 0
vt 0 0
vt 0 0
vt 0 0
vt 0 0
vt 0 0
vt 0 0
vt 0 0
vt 0 0
vt 0 0
vt 0 0
vt 0 0
vt 0 0
vt 0 0
vt 0 0
vt 0 0
vt 0 0
vt 0 0
vt 0 0
vt 0 0
vt 0 0
vt 0 0
vt 0 0
vt 0 0
vt 0 0
vt 0 0
vt 0 0
vt 0 0
vt 0 0
vt 0 0
vt 0 0
vt 0 0
vt 0 0
vt 0 0
vt 0 0
vt 0 0
vt 0 0
vt 0 0
vt 0 0
vt 0 0
vt 0 0
vt 0 0
vt 0 0
vt 0 0
vt 0 0
vt 0 0
vt 0 0
vt 0 0
vt 0 0
vt 0 0
vt 0 0
vt 0 0
vt 0 0
vt 0 0
vt 0 0
vt 0 0
vt 0 0
vt 0 0
vt 0 0
vt 0 0
vt 0 0
vt 0 0
vt 0 0
vt 0 0
vt 0 0
vt 0 0
vt 0 0
vt 0 0
vt 0 0
vt 0 0
vt 0 0
vt 0 0
vt 0 0
vt 0 0
vt 0 0
vt 0 0
vt 0 0
vt 0 0
vt 0 0
vt 0 0
vt 0 0
vt 0 0
vt 0 0
vt 0 0
vt 0 0
vt 0 0
vt 0 0
vt 0 0
vt 0 0
vt 0 0
vt 0 0
vt 0 0
vt 0 0
vt 0 0
vt 0 0
vt 0 0
vt 0 0
vt 0 0
vt 0 0
vt 0 0
vt 0 0
vt 0 0
vt 0 0
vt 0 0
vt 0 0
vt 0 0
vt 0 0
vt 0 0
vt 0 0
vt 0 0
vt 0 0
vt 0 0
vt 0 0
vt 0 0
vt 0 0
vt 0 0
vt 0 0
vt 0 0
vt 0 0
vt 0 0
vt 0 0
vt 0 0
vt 0 0
vt 0 0
vt 0 0
vt 0 0
vt 0 0
vt 0 0
vt 0 0
vt 0 0
vt 0 0
vt 0 0
vt 0 0
vt 0 0
vt 0 0
vt 0 0
vt 0 0
vt 0 0
vt 0 0
vt 0 0
vt 0 0
vt 0 0
vt 0 0
vt 0 0
vt 0 0
vt 0 0
vt 0 0
vt 0 0
vt 0 0
vt 0 0
vt 0 0
vt 0 0
vt 0 0
vt 0 0
vt 0 0
vt 0 0
vt 0 0
vt 0 0
vt 0 0
vt 0 0
vt 0 0
vt 0 0
vt 0 0
vt 0 0
vt 0 0
vt 0 0
vt 0 0
vt 0 0
vt 0 0
vt 0 0
vt 0 0
vt 0 0
vt 0 0
vt 0 0
vt 0 0
vt 0 0
vt 0 0
vt 0 0
vt 0 0
vt 0 0
vt 0 0
vt 0 0
vt 0 0
vt 0 0
vt 0 0
vt 0 0
vt 0 0
vt 0 0
vt 0 0
vt 0 0
vt 0 0
vt 0 0
vt 0 0
vt 0 0
vt 0 0
vt 0 0
vt 0 0
vt 0 0
vt 0 0
vt 0 0
vt 0 0
vt 0 0
vt 0 0
vt 0 0
vt 0 0
vt 0 0
vt 0 0
vt 0 0
vt 0 0
vt 0 0
vt 0 0
vt 0 0
vt 0 0
vt 0 0
vt 0 0
vt 0 0
vt 0 0
vt 0 0
vt 0 0
vt 0 0
vt 0 0
vt 0 0
vt 0 0
vt 0 0
vt 0 0
vt 0 0
vt 0 0
vt 0 0
vt 0 0
vt 0 0
vt 0 0
vt 0 0
vt 0 0
vt 0 0
vt 0 0
vt 0 0
vt 0 0
vt 0 0
vt 0 0
vt 0 0
vt 0 0
vt 0 0
vt 0 0
vt 0 0
vt 0 0
vt 0 0
vt 0 0
vt 0 0
vt 0 0
vt 0 0
vt 0 0
vt 0 0
vt 0 0
vt 0 0
vt 0 0
vt 0 0
vt 0 0
vt 0 0
vt 0 0
vt 0 0
vt 0 0
vt 0 0
vt 0 0
vt 0 0
vt 0 0
vt 0 0
vt 0 0
vt 0 0
vt 0 0
vt 0 0
vt 0 0
vt 0 0
vt 0 0
vt 0 0
vt 0 0
vt 0 0
vt 0 0
vt 0 0
vt 0 0
vt 0 0
vt 0 0
vt 0 0
vt 0 0
vt 0 0
vt 0 0
vt 0 0
vt 0 0
vt 0 0
vt 0 0
vt 0 0
vt 0 0
vt 0 0
vt 0 0
vt 0 0
vt 0 0
vt 0 0
vt 0 0
vt 0 0
vt 0 0
vt 0 0
vt 0 0
vt 0 0
vt 0 0
vt 0 0
vt 0 0
vt 0 0
vt 0 0
vt 0 0
vt 0 0
vt 0 0
vt 0 0
vt 0 0
vt 0 0
vt 0 0
vt 0 0
vt 0 0
vt 0 0
vt 0 0
vt 0 0
vt 0 0
vt 0 0
vt 0 0
vt 0 0
vt 0 0
vt 0 0
vt 0 0
vt 0 0
vt 0 0
vt 0 0
vt 0 0
vt 0 0
vt 0 0
vt 0 0
vt 0 0
vt 0 0
vt 0 0
vt 0 0
vt 0 0
vt 0 0
vt 0 0
vt 0 0
vt 0 0
vt 0 0
vt 0 0
vt 0 0
vt 0 0
vt 0 0
vt 0 0
vt 0 0
vt 0 0
vt 0 0
vt 0 0
vt 0 0
vt 0 0
vt 0 0
vt 0 0
vt 0 0
vt 0 0
vt 0 0
vt 0 0
vt 0 0
vt 0 0
vt 0 0
vt 0 0
vt 0 0
vt 0 0
vt 0 0
vt 0 0
vt 0 0
vt 0 0
vt 0 0
vt 0 0
vt 0 0
vt 0 0
vt 0 0
vt 0 0
vt 0 0
vt 0 0
vt 0 0
vt 0 0
vt 0 0
vt 0 0
vt 0 0
vt 0 0
vt 0 0
vt 0 0
vt 0 0
vt 0 0
vt 0 0
vt 0 0
vt 0 0
vt 0 0
vt 0 0
vt 0 0
vt 0 0
vt 0 0
vt 0 0
vt 0 0
vt 0 0
vt 0 0
vt 0 0
vt 0 0
vt 0 0
vt 0 0
vt 0 0
vt 0 0
vt 0 0
vt 0 0
vt 0 0
vt 0 0
vt 0 0
vt 0 0
vt 0 0
vt 0 0
vt 0 0
vt 0 0
vt 0 0
vt 0 0
vt 0 0
vt 0 0
vt 0 0
vt 0 0
vt 0 0
vt 0 0
vt 0 0
vt 0 0
vt 0 0
vt 0 0
vt 0 0
vt 0 0
vt 0 0
vt 0 0
vt 0 0
vt 0 0
vt 0 0
vt 0 0
vt 0 0
vt 0 0
vt 0 0
vt 0 0
vt 0 0
vt 0 0
vt 0 0
vt 0 0
vt 0 0
vt 0 0
vt 0 0
vt 0 0
vt 0 0
vt 0 0
vt 0 0
vt 0 0
vt 0 0
vt 0 0
vt 0 0
vt 0 0
vt 0 0
vt 0 0
vt 0 0
vt 0 0
vt 0 0
vt 0 0
vt 0 0
vt 0 0
vt 0 0
vt 0 0
vt 0 0
vt 0 0
vt 0 0
vt 0 0
vt 0 0
vt 0 0
vt 0 0
vt 0 0
vt 0 0
vt 0 0
vt 0 0
vt 0 0
vt 0 0
vt 0 0
vt 0 0
vt 0 0
vt 0 0
vt 0 0
vt 0 0
vt 0 0
vt 0 0
vt 0 0
vt 0 0
vt 0 0
vt 0 0
vt 0 0
vt 0 0
vt 0 0
vt 0 0
vt 0 0
vt 0 0
vt 0 0
vt 0 0
vt 0 0
vt 0 0
vt 0 0
vt 0 0
vt 0 0
vt 0 0
vt 0 0
vt 0 0
vt 0 0
vt 0 0
vt 0 0
vt 0 0
vt 0 0
vt 0 0
vt 0 0
vt 0 0
vt 0 0
vt 0 0
vt 0 0
vt 0 0
vt 0 0
vt 0 0
vt 0 0
vt 0 0
vt 0 0
vt 0 0
vt 0 0
vt 0 0
vt 0 0
vt 0 0
vt 0 0
vt 0 0
vt 0 0
vt 0 0
vt 0 0
vt 0 0
vt 0 0
vt 0 0
vt 0 0
vt 0 0
vt 0 0
vt 0 0
vt 0 0
vt 0 0
vt 0 0
vt 0 0
vt 0 0
vt 0 0
vt 0 0
vt 0 0
vt 0 0
vt 0 0
vt 0 0
vt 0 0
vt 0 0
vt 0 0
vt 0 0
vt 0 0
vt 0 0
vt 0 0
vt 0 0
vt 0 0
vt 0 0
vt 0 0
vt 0 0
vt 0 0
vt 0 0
vt 0 0
vt 0 0
vt 0 0
vt 0 0
vt 0 0
vt 0 0
vt 0 0
vt 0 0
vt 0 0
vt 0 0
vt 0 0
vt 0 0
vt 0 0
vt 0 0
vt 0 0
vt 0 0
vt 0 0
vt 0 0
vt 0 0
vt 0 0
vt 0 0
vt 0 0
vt 0 0
vt 0 0
vt 0 0
vt 0 0
vt 0 0
vt 0 0
vt 0 0
vt 0 0
vt 0 0
vt 0 0
vt 0 0
vt 0 0
vt 0 0
vt 0 0
vt 0 0
vt 0 0
vt 0 0
vt 0 0
vt 0 0
vt 0 0
vt 0 0
vt 0 0
vt 0 0
vt 0 0
vt 0 0
vt 0 0
vt 0 0
vt 0 0
vt 0 0
vt 0 0
vt 0 0
vt 0 0
vt 0 0
vt 0 0
vt 0 0
vt 0 0
vt 0 0
vt 0 0
vt 0 0
vt 0 0
vt 0 0
vt 0 0
vt 0 0
vt 0 0
vt 0 0
vt 0 0
vt 0 0
vt 0 0
vt 0 0
vt 0 0
vt 0 0
vt 0 0
vt 0 0
vt 0 0
vt 0 0
vt 0 0
vt 0 0
vt 0 0
vt 0 0
vt 0 0
vt 0 0
vt 0 0
vt 0 0
vt 0 0
vt 0 0
vt 0 0
vt 0 0
vt 0 0
vt 0 0
vt 0 0
vt 0 0
vt 0 0
vt 0 0
vt 0 0
vt 0 0
vt 0 0
vt 0 0
vt 0 0
vt 0 0
vt 0 0
vt 0 0
vt 0 0
vt 0 0
vt 0 0
vt 0 0
vt 0 0
vt 0 0
vt 0 0
vt 0 0
vt 0 0
vt 0 0
vt 0 0
vt 0 0
vt 0 0
vt 0 0
vt 0 0
vt 0 0
vt 0 0
vt 0 0
vt 0 0
vt 0 0
vt 0 0
vt 0 0
vt 0 0
vt 0 0
vt 0 0
vt 0 0
vt 0 0
vt 0 0
vt 0 0
vt 0 0
vt 0 0
vt 0 0
vt 0 0
vt 0 0
vt 0 0
vt 0 0
vt 0 0
vt 0 0
vt 0 0
vt 0 0
vt 0 0
vt 0 0
vt 0 0
vt 0 0
vt 0 0
vt 0 0
vt 0 0
vt 0 0
vt 0 0
vt 0 0
vt 0 0
vt 0 0
vt 0 0
vt 0 0
vt 0 0
vt 0 0
vt 0 0
vt 0 0
vt 0 0
vt 0 0
vt 0 0
vt 0 0
vt 0 0
vt 0 0
vt 0 0
vt 0 0
vt 0 0
vt 0 0
vt 0 0
vt 0 0
vt 0 0
vt 0 0
vt 0 0
vt 0 0
vt 0 0
vt 0 0
vt 0 0
vt 0 0
vt 0 0
vt 0 0
vt 0 0
vt 0 0
vt 0 0
vt 0 0
vt 0 0
vt 0 0
vt 0 0
vt 0 0
vt 0 0
vt 0 0
vt 0 0
vt 0 0
vt 0 0
vt 0 0
vt 0 0
vt 0 0
vt 0 0
vt 0 0
vt 0 0
vt 0 0
vt 0 0
vt 0 0
vt 0 0
vt 0 0
vt 0 0
vt 0 0
vt 0 0
vt 0 0
vt 0 0
vt 0 0
vt 0 0
vt 0 0
vt 0 0
vt 0 0
vt 0 0
vt 0 0
vt 0 0
vt 0 0
vt 0 0
vt 0 0
vt 0 0
vt 0 0
vt 0 0
vt 0 0
vt 0 0
vt 0 0
vt 0 0
vt 0 0
vt 0 0
vt 0 0
vt 0 0
vt 0 0
vt 0 0
vt 0 0
vt 0 0
vt 0 0
vt 0 0
vt 0 0
vt 0 0
vt 0 0
vt 0 0
vt 0 0
vt 0 0
vt 0 0
vt 0 0
vt 0 0
vt 0 0
vt 0 0
vt 0 0
vt 0 0
vt 0 0
vt 0 0
vt 0 0
vt 0 0
vt 0 0
vt 0 0
vt 0 0
vt 0 0
vt 0 0
vt 0 0
vt 0 0
vt 0 0
vt 0 0
vt 0 0
vt 0 0
vt 0 0
vt 0 0
vt 0 0
vt 0 0
vt 0 0
vt 0 0
vt 0 0
vt 0 0
vt 0 0
vt 0 0
vt 0 0
vt 0 0
vt 0 0
vt 0 0
vt 0 0
vt 0 0
vt 0 0
vt 0 0
vt 0 0
vt 0 0
vt 0 0
vt 0 0
vt 0 0
vt 0 0
vt 0 0
vt 0 0
vt 0 0
vt 0 0
vt 0 0
vt 0 0
vt 0 0
vt 0 0
vt 0 0
vt 0 0
vt 0 0
vt 0 0
vt 0 0
vt 0 0
vt 0 0
vt 0 0
vt 0 0
vt 0 0
vt 0 0
vt 0 0
vt 0 0
vt 0 0
vt 0 0
vt 0 0
vt 0 0
vt 0 0
vt 0 0
vt 0 0
vt 0 0
vt 0 0
vt 0 0
vt 0 0
vt 0 0
vt 0 0
vt 0 0
vt 0 0
vt 0 0
vt 0 0
vt 0 0
vt 0 0
vt 0 0
vt 0 0
vt 0 0
vt 0 0
vt 0 0
vt 0 0
vt 0 0
vt 0 0
vt 0 0
vt 0 0
vt 0 0
vt 0 0
vt 0 0
vt 0 0
vt 0 0
vt 0 0
vt 0 0
vt 0 0
vt 0 0
vt 0 0
vt 0 0
vt 0 0
vt 0 0
vt 0 0
vt 0 0
vt 0 0
vt 0 0
vt 0 0
vt 0 0
vt 0 0
vt 0 0
vt 0 0
vt 0 0
vt 0 0
vt 0 0
vt 0 0
vt 0 0
vt 0 0
vt 0 0
vt 0 0
vt 0 0
vt 0 0
vt 0 0
vt 0 0
vt 0 0
vt 0 0
vt 0 0
vt 0 0
vt 0 0
vt 0 0
vt 0 0
vt 0 0
vt 0 0
vt 0 0
vt 0 0
vt 0 0
vt 0 0
vt 0 0
vt 0 0
vt 0 0
vt 0 0
vt 0 0
vt 0 0
vt 0 0
vt 0 0
vt 0 0
vt 0 0
vt 0 0
vt 0 0
vt 0 0
vt 0 0
vt 0 0
vt 0 0
vt 0 0
vt 0 0
vt 0 0
vt 0 0
vt 0 0
vt 0 0
vt 0 0
vt 0 0
vt 0 0
vt 0 0
vt 0 0
vt 0 0
vt 0 0
vt 0 0
vt 0 0
vt 0 0
vt 0 0
vt 0 0
vt 0 0
vt 0 0
vt 0 0
vt 0 0
vt 0 0
vt 0 0
vt 0 0
vt 0 0
vt 0 0
vt 0 0
vt 0 0
vt 0 0
vt 0 0
vt 0 0
vt 0 0
vt 0 0
vt 0 0
vt 0 0
vt 0 0
vt 0 0
vt 0 0
vt 0 0
vt 0 0
vt 0 0
vt 0 0
vt 0 0
vt 0 0
vt 0 0
vt 0 0
vt 0 0
vt 0 0
vt 0 0
vt 0 0
vt 0 0
vt 0 0
vt 0 0
vt 0 0
vt 0 0
vt 0.375 0.231201172
vt 0.375 0.018737793
vt 0.62109375 0.018737793
vt 0.625 0.018737793
vt 0.625 0.231201172
vt 0.320556641 0.562988281
vt 0.351806641 0.564941406
vt 0.351806641 0.625
vt 0.351806641 0.685058594
vt 0.320556641 0.687011719
vt 0.291015625 0.560058594
vt 0.291015625 0.689941406
vt 0.263427734 0.556152344
vt 0.263427734 0.693847656
vt 0.237060547 0.551269531
vt 0.237060547 0.698730469
vt 0.212036133 0.545410156
vt 0.212036133 0.704589844
vt 0.188110352 0.5390625
vt 0.188110352 0.7109375
vt 0.165039062 0.532226562
vt 0.165039062 0.717773438
vt 0.142578125 0.524902344
vt 0.142578125 0.725097656
vt 0.125 0.518554688
vt 0.125 0.731445312
vt 0.6796875 0.687011719
vt 0.647949219 0.685058594
vt 0.647949219 0.625
vt 0.647949219 0.564941406
vt 0.6796875 0.562988281
vt 0.708984375 0.689941406
vt 0.708984375 0.560058594
vt 0.736816406 0.693847656
vt 0.736816406 0.556152344
vt 0.762695312 0.698730469
vt 0.762695312 0.551269531
vt 0.788085938 0.704589844
vt 0.788085938 0.545410156
vt 0.812011719 0.7109375
vt 0.812011719 0.5390625
vt 0.834960938 0.717773438
vt 0.834960938 0.532226562
vt 0.857421875 0.725097656
vt 0.857421875 0.524902344
vt 0.875 0.731445312
vt 0.875 0.518554688
vt 0.375 0.801269531
vt 0.551757812 1
vt 0.375 1
vt 0.551757812 0.801269531
vt 0.375 0.775390625
vt 0.551757812 0.775390625
vt 0.551757812 0.25
vt 0.375 0.448974609
vt 0.375 0.25
vt 0.551757812 0.448974609
vt 0.375 0.474365234
vt 0.551757812 0.474365234
vt 0.375 0.474365234
vt 0.551757812 0.474365234
vt 0.551757812 0.541992188
vt 0.375 0.541992188
vt 0.551757812 0.583984375
vt 0.375 0.583984375
vt 0.551757812 0.625
vt 0.375 0.666015625
vt 0.551757812 0.666015625
vt 0.551757812 0.708007812
vt 0.375 0.708007812
vt 0.551757812 0.775390625
vt 0.375 0.775390625
vt 0.551757812 1
vt 0.375 0.801269531
vt 0.375 1
vt 0.551757812 0.801269531
vt 0.375 0.775390625
vt 0.551757812 0.775390625
vt 0.375 0.448974609
vt 0.551757812 0.25
vt 0.375 0.25
vt 0.551757812 0.448974609
vt 0.375 0.474365234
vt 0.551757812 0.474365234
vt 0.551757812 0.583984375
vt 0.551757812 0.541992188
vt 0.375 0.541992188
vt 0.375 0.583984375
vt 0.551757812 0.625
vt 0.551757812 0.666015625
vt 0.375 0.666015625
vt 0.551757812 0.708007812
vt 0.375 0.708007812
vt 0.551757812 0.541992188
vt 0.551757812 0.474365234
vt 0.375 0.474365234
vt 0.375 0.541992188
vt 0.551757812 0.775390625
vt 0.551757812 0.708007812
vt 0.375 0.708007812
vt 0.375 0.775390625
vt 0.551757812 1
vt 0.551757812 1
vt 0.375 1
vt 0.375 1
vt 0.551757812 0.25
vt 0.551757812 0.25
vt 0.375 0.25
vt 0.375 0.25
vt 0.375 0.801269531
vt 0.375 1
vt 0.375 1
vt 0.375 0.801269531
vt 0.375 0.775390625
vt 0.375 0.775390625
vt 0.375 0.708007812
vt 0.375 0.708007812
vt 0.375 0.666015625
vt 0.375 0.666015625
vt 0.375 0.583984375
vt 0.375 0.583984375
vt 0.375 0.541992188
vt 0.375 0.541992188
vt 0.375 0.474365234
vt 0.375 0.474365234
vt 0.375 0.448974609
vt 0.375 0.448974609
vt 0.375 0.25
vt 0.375 0.25
vt 0.623535156 0.438964844
vt 0.625 0.450439453
vt 0.625 0.453125
vt 0.623535156 0.453125
vt 0.625 0.46875
vt 0.621582031 0.4375
vt 0.623046875 0.4375
vt 0.621582031 0.428222656
vt 0.623535156 0.46875
vt 0.625 0.484375
vt 0.618652344 0.421875
vt 0.620117188 0.421875
vt 0.618652344 0.417236328
vt 0.621582031 0.453125
vt 0.624023438 0.484375
vt 0.625 0.5
vt 0.614746094 0.40625
vt 0.614746094 0.40625
vt 0.614746094 0.405273438
vt 0.608398438 0.40625
vt 0.608398438 0.390869141
vt 0.608398438 0.390625
vt 0.618652344 0.4375
vt 0.614746094 0.421875
vt 0.621582031 0.46875
vt 0.618652344 0.453125
vt 0.614746094 0.4375
vt 0.600585938 0.390625
vt 0.602539062 0.375
vt 0.608398438 0.421875
vt 0.600585938 0.375
vt 0.600585938 0.368652344
vt 0.597167969 0.359375
vt 0.58984375 0.359375
vt 0.59375 0.34375
vt 0.600585938 0.40625
vt 0.58984375 0.375
vt 0.58984375 0.34375
vt 0.590820312 0.328125
vt 0.58984375 0.390625
vt 0.58984375 0.328125
vt 0.58984375 0.31640625
vt 0.588867188 0.3125
vt 0.575683594 0.3125
vt 0.587402344 0.296875
vt 0.575683594 0.328125
vt 0.575683594 0.34375
vt 0.575683594 0.359375
vt 0.575683594 0.375
vt 0.575683594 0.296875
vt 0.5859375 0.28125
vt 0.575683594 0.28125
vt 0.584472656 0.265625
vt 0.575683594 0.265625
vt 0.582519531 0.25
vt 0.575683594 0.25
vt 0.580078125 0.234375
vt 0.575683594 0.234375
vt 0.577148438 0.21875
vt 0.575683594 0.21875
vt 0.55859375 0.21875
vt 0.575683594 0.212402344
vt 0.573730469 0.203125
vt 0.55859375 0.234375
vt 0.55859375 0.25
vt 0.55859375 0.265625
vt 0.55859375 0.203125
vt 0.570800781 0.1875
vt 0.55859375 0.28125
vt 0.55859375 0.1875
vt 0.567871094 0.171875
vt 0.55859375 0.296875
vt 0.55859375 0.171875
vt 0.565429688 0.15625
vt 0.55859375 0.3125
vt 0.55859375 0.15625
vt 0.563964844 0.140625
vt 0.55859375 0.328125
vt 0.55859375 0.140625
vt 0.563964844 0.12902832
vt 0.563476562 0.125
vt 0.55859375 0.34375
vt 0.55859375 0.125
vt 0.563964844 0.109375
vt 0.55859375 0.359375
vt 0.55859375 0.109375
vt 0.565917969 0.09375
vt 0.55859375 0.09375
vt 0.568847656 0.078125
vt 0.559570312 0.078125
vt 0.573242188 0.0625
vt 0.561035156 0.0625
vt 0.579101562 0.046875
vt 0.563964844 0.046875
vt 0.586425781 0.0332946777
vt 0.586914062 0.03125
vt 0.587402344 0.03125
vt 0.595703125 0.015625
vt 0.598144531 0.015625
vt 0.61328125 0
vt 0.614257812 0
vt 0.583496094 0
vt 0.575195312 0.015625
vt 0.553710938 0
vt 0.568359375 0.03125
vt 0.549316406 0.015625
vt 0.523925781 0
vt 0.545410156 0.03125
vt 0.521484375 0.015625
vt 0.494140625 0
vt 0.542480469 0.046875
vt 0.493164062 0.015625
vt 0.464355469 0
vt 0.51953125 0.03125
vt 0.540039062 0.0625
vt 0.463867188 0.015625
vt 0.434570312 0
vt 0.491943359 0.03125
vt 0.517578125 0.046875
vt 0.5390625 0.078125
vt 0.434570312 0.015625
vt 0.404785156 0
vt 0.463378906 0.03125
vt 0.490966797 0.046875
vt 0.516113281 0.0625
vt 0.538085938 0.09375
vt 0.404785156 0.015625
vt 0.375 0
vt 0.375 0.015625
vt 0.434326172 0.03125
vt 0.404785156 0.03125
vt 0.375 0.03125
vt 0.463134766 0.046875
vt 0.490234375 0.0625
vt 0.434326172 0.046875
vt 0.404785156 0.046875
vt 0.375 0.046875
vt 0.462890625 0.0625
vt 0.515625 0.078125
vt 0.434082031 0.0625
vt 0.404785156 0.0625
vt 0.375 0.0625
vt 0.489746094 0.078125
vt 0.515136719 0.09375
vt 0.462646484 0.078125
vt 0.434082031 0.078125
vt 0.404785156 0.078125
vt 0.375 0.078125
vt 0.489746094 0.09375
vt 0.538085938 0.109375
vt 0.462402344 0.09375
vt 0.434082031 0.09375
vt 0.404785156 0.09375
vt 0.375 0.09375
vt 0.514648438 0.109375
vt 0.538085938 0.125
vt 0.489501953 0.109375
vt 0.462402344 0.109375
vt 0.434082031 0.109375
vt 0.404785156 0.109375
vt 0.375 0.109375
vt 0.538085938 0.140625
vt 0.514648438 0.125
vt 0.489501953 0.125
vt 0.462402344 0.125
vt 0.434082031 0.125
vt 0.404785156 0.125
vt 0.375 0.125
vt 0.538085938 0.15625
vt 0.514648438 0.140625
vt 0.489501953 0.140625
vt 0.462402344 0.140625
vt 0.404785156 0.140625
vt 0.375 0.140625
vt 0.434082031 0.140625
vt 0.538085938 0.171875
vt 0.514648438 0.15625
vt 0.404785156 0.15625
vt 0.375 0.15625
vt 0.489501953 0.15625
vt 0.434082031 0.15625
vt 0.462402344 0.15625
vt 0.538085938 0.1875
vt 0.514648438 0.171875
vt 0.404785156 0.171875
vt 0.375 0.171875
vt 0.489501953 0.171875
vt 0.434082031 0.171875
vt 0.462402344 0.171875
vt 0.538085938 0.203125
vt 0.514648438 0.1875
vt 0.404785156 0.1875
vt 0.375 0.1875
vt 0.489501953 0.1875
vt 0.434082031 0.1875
vt 0.462402344 0.1875
vt 0.538085938 0.21875
vt 0.514648438 0.203125
vt 0.404785156 0.203125
vt 0.375 0.203125
vt 0.489501953 0.203125
vt 0.434082031 0.203125
vt 0.462402344 0.203125
vt 0.538085938 0.234375
vt 0.514648438 0.21875
vt 0.404785156 0.21875
vt 0.375 0.21875
vt 0.489501953 0.21875
vt 0.434082031 0.21875
vt 0.462402344 0.21875
vt 0.538085938 0.25
vt 0.514648438 0.234375
vt 0.404785156 0.234375
vt 0.375 0.234375
vt 0.489501953 0.234375
vt 0.434082031 0.234375
vt 0.462402344 0.234375
vt 0.538085938 0.265625
vt 0.514648438 0.25
vt 0.404785156 0.25
vt 0.375 0.25
vt 0.489501953 0.25
vt 0.462402344 0.25
vt 0.434082031 0.25
vt 0.538085938 0.28125
vt 0.514648438 0.265625
vt 0.404785156 0.265625
vt 0.375 0.265625
vt 0.489501953 0.265625
vt 0.434082031 0.265625
vt 0.462402344 0.265625
vt 0.538085938 0.296875
vt 0.514648438 0.28125
vt 0.404785156 0.28125
vt 0.375 0.28125
vt 0.489501953 0.28125
vt 0.434082031 0.28125
vt 0.462402344 0.28125
vt 0.538085938 0.3125
vt 0.514648438 0.296875
vt 0.404785156 0.296875
vt 0.375 0.296875
vt 0.489501953 0.296875
vt 0.434082031 0.296875
vt 0.462402344 0.296875
vt 0.538085938 0.328125
vt 0.514648438 0.3125
vt 0.404785156 0.3125
vt 0.375 0.3125
vt 0.489501953 0.3125
vt 0.434082031 0.3125
vt 0.462402344 0.3125
vt 0.538085938 0.34375
vt 0.514648438 0.328125
vt 0.404785156 0.328125
vt 0.375 0.328125
vt 0.489501953 0.328125
vt 0.434082031 0.328125
vt 0.462402344 0.328125
vt 0.514648438 0.34375
vt 0.538085938 0.359375
vt 0.404785156 0.34375
vt 0.375 0.34375
vt 0.489501953 0.34375
vt 0.434082031 0.34375
vt 0.462402344 0.34375
vt 0.404785156 0.359375
vt 0.375 0.359375
vt 0.514648438 0.359375
vt 0.489501953 0.359375
vt 0.434082031 0.359375
vt 0.462402344 0.359375
vt 0.404785156 0.375
vt 0.375 0.375
vt 0.434082031 0.375
vt 0.462402344 0.375
vt 0.489501953 0.375
vt 0.514648438 0.375
vt 0.404785156 0.390625
vt 0.375 0.390625
vt 0.434082031 0.390625
vt 0.462402344 0.390625
vt 0.489501953 0.390625
vt 0.404785156 0.40625
vt 0.375 0.40625
vt 0.434082031 0.40625
vt 0.462402344 0.40625
vt 0.404785156 0.421875
vt 0.375 0.421875
vt 0.434082031 0.421875
vt 0.404785156 0.4375
vt 0.375 0.4375
vt 0.514648438 0.390625
vt 0.489501953 0.40625
vt 0.462402344 0.421875
vt 0.434082031 0.4375
vt 0.404785156 0.453125
vt 0.375 0.453125
vt 0.514648438 0.40625
vt 0.489501953 0.421875
vt 0.462402344 0.4375
vt 0.434082031 0.453125
vt 0.404785156 0.46875
vt 0.375 0.46875
vt 0.514648438 0.421875
vt 0.489501953 0.4375
vt 0.462402344 0.453125
vt 0.434082031 0.46875
vt 0.405029297 0.484375
vt 0.375 0.484375
vt 0.514648438 0.4375
vt 0.489501953 0.453125
vt 0.462646484 0.46875
vt 0.434326172 0.484375
vt 0.40625 0.5
vt 0.375 0.5
vt 0.514648438 0.453125
vt 0.489501953 0.46875
vt 0.462646484 0.484375
vt 0.435302734 0.5
vt 0.514648438 0.46875
vt 0.489746094 0.484375
vt 0.463134766 0.5
vt 0.515136719 0.484375
vt 0.489990234 0.5
vt 0.515136719 0.5
vt 0.436767578 0.515625
vt 0.463867188 0.515625
vt 0.490234375 0.515625
vt 0.515136719 0.515625
vt 0.409423828 0.515625
vt 0.384033203 0.515625
vt 0.359375 0.5
vt 0.363769531 0.515625
vt 0.34375 0.5
vt 0.345947266 0.515625
vt 0.328125 0.5
vt 0.329345703 0.515625
vt 0.3125 0.5
vt 0.312988281 0.515625
vt 0.296875 0.5
vt 0.297119141 0.515625
vt 0.28125 0.5
vt 0.28125 0.515625
vt 0.265625 0.5
vt 0.265625 0.515625
vt 0.25 0.5
vt 0.25 0.515625
vt 0.234375 0.5
vt 0.234375 0.515625
vt 0.21875 0.5
vt 0.21875 0.515625
vt 0.203125 0.5
vt 0.203125 0.515625
vt 0.1875 0.5
vt 0.1875 0.515625
vt 0.171875 0.5
vt 0.171875 0.515625
vt 0.15625 0.5
vt 0.15625 0.515625
vt 0.140625 0.5
vt 0.140625 0.515625
vt 0.125 0.5
vt 0.125 0.515625
vt 0.140625 0.53125
vt 0.125 0.53125
vt 0.15625 0.53125
vt 0.171875 0.53125
vt 0.1875 0.53125
vt 0.203125 0.53125
vt 0.140625 0.546875
vt 0.125 0.546875
vt 0.15625 0.546875
vt 0.171875 0.546875
vt 0.1875 0.546875
vt 0.140625 0.5625
vt 0.125 0.5625
vt 0.15625 0.5625
vt 0.171875 0.5625
vt 0.140625 0.578125
vt 0.125 0.578125
vt 0.15625 0.578125
vt 0.140625 0.59375
vt 0.125 0.59375
vt 0.203125 0.546875
vt 0.1875 0.5625
vt 0.171875 0.578125
vt 0.15625 0.59375
vt 0.140625 0.609375
vt 0.125 0.609375
vt 0.203125 0.5625
vt 0.1875 0.578125
vt 0.171875 0.59375
vt 0.15625 0.609375
vt 0.140625 0.625
vt 0.125 0.625
vt 0.203125 0.578125
vt 0.1875 0.59375
vt 0.171875 0.609375
vt 0.15625 0.625
vt 0.140625 0.640625
vt 0.125 0.640625
vt 0.203125 0.59375
vt 0.1875 0.609375
vt 0.171875 0.625
vt 0.15625 0.640625
vt 0.140625 0.65625
vt 0.125 0.65625
vt 0.203125 0.609375
vt 0.1875 0.625
vt 0.171875 0.640625
vt 0.15625 0.65625
vt 0.140625 0.671875
vt 0.125 0.671875
vt 0.203125 0.625
vt 0.1875 0.640625
vt 0.171875 0.65625
vt 0.15625 0.671875
vt 0.140625 0.6875
vt 0.125 0.6875
vt 0.203125 0.640625
vt 0.1875 0.65625
vt 0.171875 0.671875
vt 0.15625 0.6875
vt 0.140625 0.703125
vt 0.125 0.703125
vt 0.203125 0.65625
vt 0.1875 0.671875
vt 0.171875 0.6875
vt 0.15625 0.703125
vt 0.140625 0.71875
vt 0.125 0.71875
vt 0.203125 0.671875
vt 0.1875 0.6875
vt 0.171875 0.703125
vt 0.15625 0.71875
vt 0.140625 0.734375
vt 0.125 0.734375
vt 0.140625 0.75
vt 0.125 0.75
vt 0.15625 0.75
vt 0.15625 0.734375
vt 0.171875 0.75
vt 0.171875 0.734375
vt 0.1875 0.75
vt 0.171875 0.71875
vt 0.1875 0.734375
vt 0.203125 0.75
vt 0.1875 0.71875
vt 0.203125 0.734375
vt 0.21875 0.75
vt 0.1875 0.703125
vt 0.203125 0.71875
vt 0.21875 0.734375
vt 0.234375 0.75
vt 0.203125 0.703125
vt 0.21875 0.71875
vt 0.234375 0.734375
vt 0.25 0.75
vt 0.203125 0.6875
vt 0.21875 0.703125
vt 0.234375 0.71875
vt 0.25 0.734375
vt 0.265625 0.75
vt 0.21875 0.6875
vt 0.234375 0.703125
vt 0.265625 0.734375
vt 0.28125 0.75
vt 0.25 0.71875
vt 0.21875 0.671875
vt 0.28125 0.734375
vt 0.296875 0.75
vt 0.234375 0.6875
vt 0.265625 0.71875
vt 0.25 0.703125
vt 0.21875 0.65625
vt 0.297119141 0.734375
vt 0.3125 0.75
vt 0.234375 0.671875
vt 0.25 0.6875
vt 0.281494141 0.71875
vt 0.265625 0.703125
vt 0.21875 0.640625
vt 0.312988281 0.734375
vt 0.328125 0.75
vt 0.234375 0.65625
vt 0.25 0.671875
vt 0.265625 0.6875
vt 0.281494141 0.703125
vt 0.297363281 0.71875
vt 0.329345703 0.734375
vt 0.34375 0.75
vt 0.313720703 0.71875
vt 0.297607422 0.703125
vt 0.281494141 0.6875
vt 0.265625 0.671875
vt 0.345947266 0.734375
vt 0.359375 0.75
vt 0.330322266 0.71875
vt 0.314208984 0.703125
vt 0.297607422 0.6875
vt 0.363769531 0.734375
vt 0.375 0.75
vt 0.347900391 0.71875
vt 0.331298828 0.703125
vt 0.281494141 0.671875
vt 0.314453125 0.6875
vt 0.297851562 0.671875
vt 0.366943359 0.71875
vt 0.349609375 0.703125
vt 0.33203125 0.6875
vt 0.314697266 0.671875
vt 0.384033203 0.734375
vt 0.265625 0.65625
vt 0.281494141 0.65625
vt 0.297851562 0.65625
vt 0.25 0.65625
vt 0.234375 0.640625
vt 0.25 0.640625
vt 0.265625 0.640625
vt 0.21875 0.625
vt 0.234375 0.625
vt 0.21875 0.609375
vt 0.25 0.625
vt 0.281494141 0.640625
vt 0.21875 0.59375
vt 0.234375 0.609375
vt 0.265625 0.625
vt 0.21875 0.578125
vt 0.234375 0.59375
vt 0.25 0.609375
vt 0.21875 0.5625
vt 0.234375 0.578125
vt 0.25 0.59375
vt 0.265625 0.609375
vt 0.281494141 0.625
vt 0.21875 0.546875
vt 0.234375 0.5625
vt 0.25 0.578125
vt 0.265625 0.59375
vt 0.21875 0.53125
vt 0.234375 0.546875
vt 0.234375 0.53125
vt 0.25 0.5625
vt 0.25 0.53125
vt 0.25 0.546875
vt 0.265625 0.578125
vt 0.265625 0.53125
vt 0.265625 0.5625
vt 0.265625 0.546875
vt 0.281494141 0.53125
vt 0.281494141 0.546875
vt 0.281494141 0.5625
vt 0.281494141 0.578125
vt 0.281494141 0.59375
vt 0.297363281 0.53125
vt 0.297607422 0.546875
vt 0.297607422 0.5625
vt 0.297851562 0.578125
vt 0.313720703 0.53125
vt 0.314208984 0.546875
vt 0.314453125 0.5625
vt 0.330322266 0.53125
vt 0.331298828 0.546875
vt 0.347900391 0.53125
vt 0.297851562 0.59375
vt 0.314697266 0.578125
vt 0.33203125 0.5625
vt 0.349609375 0.546875
vt 0.366943359 0.53125
vt 0.314697266 0.59375
vt 0.332519531 0.578125
vt 0.350585938 0.5625
vt 0.369140625 0.546875
vt 0.388183594 0.53125
vt 0.332763672 0.59375
vt 0.351318359 0.578125
vt 0.370605469 0.5625
vt 0.390869141 0.546875
vt 0.412353516 0.53125
vt 0.3515625 0.59375
vt 0.371337891 0.578125
vt 0.392333984 0.5625
vt 0.414550781 0.546875
vt 0.438476562 0.53125
vt 0.371826172 0.59375
vt 0.393310547 0.578125
vt 0.416015625 0.5625
vt 0.439941406 0.546875
vt 0.46484375 0.53125
vt 0.393798828 0.59375
vt 0.416748047 0.578125
vt 0.440917969 0.5625
vt 0.465576172 0.546875
vt 0.490722656 0.53125
vt 0.417236328 0.59375
vt 0.441650391 0.578125
vt 0.466308594 0.5625
vt 0.491210938 0.546875
vt 0.515136719 0.53125
vt 0.441894531 0.59375
vt 0.466796875 0.578125
vt 0.491455078 0.5625
vt 0.515625 0.546875
vt 0.467041016 0.59375
vt 0.491699219 0.578125
vt 0.515625 0.5625
vt 0.491943359 0.59375
vt 0.515625 0.578125
vt 0.515625 0.59375
vt 0.538085938 0.546875
vt 0.538085938 0.5625
vt 0.538085938 0.578125
vt 0.538085938 0.59375
vt 0.538085938 0.53125
vt 0.538085938 0.515625
vt 0.538085938 0.5
vt 0.538085938 0.484375
vt 0.538085938 0.46875
vt 0.538085938 0.453125
vt 0.538085938 0.4375
vt 0.538085938 0.421875
vt 0.538085938 0.40625
vt 0.538085938 0.390625
vt 0.538085938 0.375
vt 0.55859375 0.375
vt 0.55859375 0.390625
vt 0.575683594 0.390625
vt 0.55859375 0.40625
vt 0.55859375 0.421875
vt 0.58984375 0.40625
vt 0.575683594 0.40625
vt 0.600585938 0.421875
vt 0.575683594 0.421875
vt 0.58984375 0.421875
vt 0.55859375 0.4375
vt 0.608398438 0.4375
vt 0.600585938 0.4375
vt 0.58984375 0.4375
vt 0.575683594 0.4375
vt 0.55859375 0.453125
vt 0.614746094 0.453125
vt 0.608398438 0.453125
vt 0.600585938 0.453125
vt 0.58984375 0.453125
vt 0.575683594 0.453125
vt 0.55859375 0.46875
vt 0.618652344 0.46875
vt 0.614746094 0.46875
vt 0.608398438 0.46875
vt 0.600585938 0.46875
vt 0.58984375 0.46875
vt 0.575683594 0.46875
vt 0.55859375 0.484375
vt 0.575683594 0.484375
vt 0.58984375 0.484375
vt 0.600585938 0.484375
vt 0.608886719 0.484375
vt 0.55859375 0.5
vt 0.575683594 0.5
vt 0.58984375 0.5
vt 0.600585938 0.5
vt 0.55859375 0.515625
vt 0.575683594 0.515625
vt 0.58984375 0.515625
vt 0.55859375 0.53125
vt 0.575683594 0.53125
vt 0.55859375 0.546875
vt 0.608886719 0.5
vt 0.600585938 0.515625
vt 0.58984375 0.53125
vt 0.575683594 0.546875
vt 0.55859375 0.5625
vt 0.608886719 0.515625
vt 0.600585938 0.53125
vt 0.58984375 0.546875
vt 0.575683594 0.5625
vt 0.55859375 0.578125
vt 0.608886719 0.53125
vt 0.600585938 0.546875
vt 0.58984375 0.5625
vt 0.575683594 0.578125
vt 0.55859375 0.59375
vt 0.609375 0.546875
vt 0.600585938 0.5625
vt 0.58984375 0.578125
vt 0.575683594 0.59375
vt 0.609375 0.5625
vt 0.600585938 0.578125
vt 0.58984375 0.59375
vt 0.609375 0.578125
vt 0.600585938 0.59375
vt 0.609375 0.59375
vt 0.575683594 0.609375
vt 0.58984375 0.609375
vt 0.600585938 0.609375
vt 0.609375 0.609375
vt 0.55859375 0.609375
vt 0.538085938 0.609375
vt 0.515625 0.609375
vt 0.491943359 0.609375
vt 0.467041016 0.609375
vt 0.441894531 0.609375
vt 0.417480469 0.609375
vt 0.393798828 0.609375
vt 0.372070312 0.609375
vt 0.351806641 0.609375
vt 0.332763672 0.609375
vt 0.314941406 0.609375
vt 0.297851562 0.609375
vt 0.281494141 0.609375
vt 0.297851562 0.625
vt 0.314941406 0.625
vt 0.332763672 0.625
vt 0.351806641 0.625
vt 0.297851562 0.640625
vt 0.314941406 0.640625
vt 0.314697266 0.65625
vt 0.332763672 0.640625
vt 0.332763672 0.65625
vt 0.332519531 0.671875
vt 0.351806641 0.640625
vt 0.3515625 0.65625
vt 0.351318359 0.671875
vt 0.350585938 0.6875
vt 0.369140625 0.703125
vt 0.370605469 0.6875
vt 0.371337891 0.671875
vt 0.371826172 0.65625
vt 0.372070312 0.640625
vt 0.388183594 0.71875
vt 0.390869141 0.703125
vt 0.392333984 0.6875
vt 0.393310547 0.671875
vt 0.372070312 0.625
vt 0.393798828 0.65625
vt 0.393798828 0.625
vt 0.393798828 0.640625
vt 0.417480469 0.625
vt 0.417480469 0.640625
vt 0.417236328 0.65625
vt 0.416748047 0.671875
vt 0.442138672 0.625
vt 0.441894531 0.640625
vt 0.441894531 0.65625
vt 0.467041016 0.625
vt 0.467041016 0.640625
vt 0.491943359 0.625
vt 0.416015625 0.6875
vt 0.441650391 0.671875
vt 0.467041016 0.65625
vt 0.491943359 0.640625
vt 0.515625 0.625
vt 0.440917969 0.6875
vt 0.414550781 0.703125
vt 0.491943359 0.65625
vt 0.515625 0.640625
vt 0.538085938 0.625
vt 0.439941406 0.703125
vt 0.412353516 0.71875
vt 0.515625 0.65625
vt 0.538085938 0.640625
vt 0.55859375 0.625
vt 0.438476562 0.71875
vt 0.409423828 0.734375
vt 0.538085938 0.65625
vt 0.55859375 0.640625
vt 0.575683594 0.625
vt 0.436767578 0.734375
vt 0.40625 0.75
vt 0.55859375 0.65625
vt 0.575683594 0.640625
vt 0.58984375 0.625
vt 0.435302734 0.75
vt 0.405029297 0.765625
vt 0.375 0.765625
vt 0.575683594 0.65625
vt 0.58984375 0.640625
vt 0.600585938 0.625
vt 0.434326172 0.765625
vt 0.404785156 0.78125
vt 0.375 0.78125
vt 0.58984375 0.65625
vt 0.600585938 0.640625
vt 0.609375 0.625
vt 0.434082031 0.78125
vt 0.404785156 0.796875
vt 0.375 0.796875
vt 0.600585938 0.65625
vt 0.609375 0.640625
vt 0.434082031 0.796875
vt 0.404785156 0.8125
vt 0.375 0.8125
vt 0.609375 0.65625
vt 0.434082031 0.8125
vt 0.404785156 0.828125
vt 0.375 0.828125
vt 0.434082031 0.828125
vt 0.404785156 0.84375
vt 0.375 0.84375
vt 0.434082031 0.84375
vt 0.404785156 0.859375
vt 0.375 0.859375
vt 0.434082031 0.859375
vt 0.404785156 0.875
vt 0.375 0.875
vt 0.434082031 0.875
vt 0.404785156 0.890625
vt 0.375 0.890625
vt 0.434082031 0.890625
vt 0.404785156 0.90625
vt 0.375 0.90625
vt 0.434082031 0.90625
vt 0.404785156 0.921875
vt 0.375 0.921875
vt 0.434082031 0.921875
vt 0.404785156 0.9375
vt 0.375 0.9375
vt 0.434082031 0.9375
vt 0.404785156 0.953125
vt 0.375 0.953125
vt 0.434326172 0.953125
vt 0.404785156 0.96875
vt 0.375 0.96875
vt 0.434326172 0.96875
vt 0.404785156 0.984375
vt 0.375 0.984375
vt 0.404785156 1
vt 0.375 1
vt 0.434570312 1
vt 0.434570312 0.984375
vt 0.464355469 1
vt 0.463867188 0.984375
vt 0.494140625 1
vt 0.463378906 0.96875
vt 0.493164062 0.984375
vt 0.523925781 1
vt 0.463134766 0.953125
vt 0.491943359 0.96875
vt 0.521484375 0.984375
vt 0.553710938 1
vt 0.462890625 0.9375
vt 0.490966797 0.953125
vt 0.51953125 0.96875
vt 0.549316406 0.984375
vt 0.583496094 1
vt 0.462646484 0.921875
vt 0.490234375 0.9375
vt 0.517578125 0.953125
vt 0.545410156 0.96875
vt 0.575195312 0.984375
vt 0.61328125 1
vt 0.462402344 0.90625
vt 0.489746094 0.921875
vt 0.516113281 0.9375
vt 0.542480469 0.953125
vt 0.568359375 0.96875
vt 0.595703125 0.984375
vt 0.462402344 0.890625
vt 0.489746094 0.90625
vt 0.515625 0.921875
vt 0.540039062 0.9375
vt 0.6015625 0.984375
vt 0.614257812 1
vt 0.595214844 0.96875
vt 0.586914062 0.96875
vt 0.591796875 0.953125
vt 0.563964844 0.953125
vt 0.58203125 0.953125
vt 0.590332031 0.9375
vt 0.561035156 0.9375
vt 0.5390625 0.921875
vt 0.578613281 0.9375
vt 0.577148438 0.921875
vt 0.590332031 0.921875
vt 0.559570312 0.921875
vt 0.515136719 0.90625
vt 0.538085938 0.90625
vt 0.489501953 0.890625
vt 0.58984375 0.90625
vt 0.590820312 0.919433594
vt 0.592285156 0.90625
vt 0.55859375 0.90625
vt 0.514648438 0.890625
vt 0.462402344 0.875
vt 0.489501953 0.875
vt 0.462402344 0.859375
vt 0.538085938 0.890625
vt 0.576171875 0.90625
vt 0.514648438 0.875
vt 0.462402344 0.84375
vt 0.489501953 0.859375
vt 0.55859375 0.890625
vt 0.575683594 0.890625
vt 0.462402344 0.828125
vt 0.538085938 0.875
vt 0.489501953 0.84375
vt 0.514648438 0.859375
vt 0.462402344 0.8125
vt 0.55859375 0.875
vt 0.489501953 0.828125
vt 0.514648438 0.84375
vt 0.538085938 0.859375
vt 0.462402344 0.796875
vt 0.489501953 0.8125
vt 0.514648438 0.828125
vt 0.538085938 0.84375
vt 0.55859375 0.859375
vt 0.462646484 0.78125
vt 0.489501953 0.796875
vt 0.514648438 0.8125
vt 0.538085938 0.828125
vt 0.462646484 0.765625
vt 0.489501953 0.78125
vt 0.514648438 0.796875
vt 0.463134766 0.75
vt 0.489746094 0.765625
vt 0.463867188 0.734375
vt 0.55859375 0.84375
vt 0.538085938 0.8125
vt 0.514648438 0.78125
vt 0.489990234 0.75
vt 0.46484375 0.71875
vt 0.55859375 0.828125
vt 0.538085938 0.796875
vt 0.515136719 0.765625
vt 0.490234375 0.734375
vt 0.465576172 0.703125
vt 0.55859375 0.8125
vt 0.538085938 0.78125
vt 0.515136719 0.75
vt 0.490722656 0.71875
vt 0.466308594 0.6875
vt 0.55859375 0.796875
vt 0.538085938 0.765625
vt 0.515136719 0.734375
vt 0.491210938 0.703125
vt 0.466796875 0.671875
vt 0.491455078 0.6875
vt 0.491699219 0.671875
vt 0.515136719 0.71875
vt 0.538085938 0.75
vt 0.515625 0.703125
vt 0.515625 0.671875
vt 0.515625 0.6875
vt 0.538085938 0.734375
vt 0.538085938 0.671875
vt 0.538085938 0.71875
vt 0.538085938 0.6875
vt 0.538085938 0.703125
vt 0.55859375 0.671875
vt 0.55859375 0.6875
vt 0.55859375 0.703125
vt 0.55859375 0.71875
vt 0.55859375 0.734375
vt 0.575683594 0.671875
vt 0.575683594 0.6875
vt 0.575683594 0.703125
vt 0.575683594 0.71875
vt 0.58984375 0.671875
vt 0.58984375 0.6875
vt 0.58984375 0.703125
vt 0.600585938 0.671875
vt 0.600585938 0.6875
vt 0.609375 0.671875
vt 0.575683594 0.734375
vt 0.58984375 0.71875
vt 0.600585938 0.703125
vt 0.609375 0.6875
vt 0.58984375 0.734375
vt 0.600585938 0.71875
vt 0.609375 0.703125
vt 0.600585938 0.734375
vt 0.608886719 0.71875
vt 0.608886719 0.734375
vt 0.616699219 0.6875
vt 0.616210938 0.703125
vt 0.615722656 0.71875
vt 0.615234375 0.734375
vt 0.616699219 0.671875
vt 0.616699219 0.65625
vt 0.616699219 0.640625
vt 0.616699219 0.625
vt 0.616699219 0.609375
vt 0.616699219 0.59375
vt 0.616699219 0.578125
vt 0.616699219 0.5625
vt 0.616210938 0.546875
vt 0.615722656 0.53125
vt 0.615234375 0.515625
vt 0.614746094 0.5
vt 0.614746094 0.484375
vt 0.619140625 0.484375
vt 0.619628906 0.5
vt 0.620117188 0.515625
vt 0.62109375 0.53125
vt 0.622070312 0.546875
vt 0.622070312 0.484375
vt 0.622558594 0.5
vt 0.625 0.5
vt 0.624023438 0.515625
vt 0.625976562 0.53125
vt 0.627929688 0.515625
vt 0.633789062 0.515625
vt 0.631347656 0.53125
vt 0.627441406 0.546875
vt 0.645019531 0.515625
vt 0.640625 0.5
vt 0.638183594 0.53125
vt 0.633300781 0.546875
vt 0.658691406 0.515625
vt 0.65625 0.5
vt 0.6484375 0.53125
vt 0.650390625 0.546875
vt 0.640625 0.546875
vt 0.658203125 0.53125
vt 0.659667969 0.526367188
vt 0.664550781 0.515625
vt 0.671875 0.5
vt 0.672363281 0.50390625
vt 0.674804688 0.5
vt 0.653808594 0.546875
vt 0.651367188 0.555664062
vt 0.652832031 0.549804688
vt 0.650390625 0.560546875
vt 0.649902344 0.5625
vt 0.642578125 0.5625
vt 0.646484375 0.578125
vt 0.634765625 0.5625
vt 0.643066406 0.578125
vt 0.628417969 0.5625
vt 0.643554688 0.593261719
vt 0.645996094 0.582519531
vt 0.643554688 0.59375
vt 0.643554688 0.59375
vt 0.635742188 0.578125
vt 0.622558594 0.5625
vt 0.62890625 0.578125
vt 0.623046875 0.578125
vt 0.635742188 0.59375
vt 0.623046875 0.59375
vt 0.629394531 0.59375
vt 0.641601562 0.609375
vt 0.642089844 0.605957031
vt 0.623535156 0.609375
vt 0.629394531 0.609375
vt 0.636230469 0.609375
vt 0.636230469 0.625
vt 0.640625 0.625
vt 0.641113281 0.629394531
vt 0.641601562 0.640625
vt 0.623535156 0.625
vt 0.629394531 0.625
vt 0.636230469 0.640625
vt 0.623535156 0.640625
vt 0.629394531 0.640625
vt 0.635742188 0.65625
vt 0.643554688 0.65625
vt 0.623046875 0.65625
vt 0.629394531 0.65625
vt 0.635742188 0.671875
vt 0.623046875 0.671875
vt 0.62890625 0.671875
vt 0.622558594 0.6875
vt 0.628417969 0.6875
vt 0.622070312 0.703125
vt 0.643066406 0.671875
vt 0.643554688 0.657714844
vt 0.645996094 0.671875
vt 0.642578125 0.6875
vt 0.649414062 0.6875
vt 0.634765625 0.6875
vt 0.627441406 0.703125
vt 0.62109375 0.71875
vt 0.640625 0.703125
vt 0.633300781 0.703125
vt 0.625976562 0.71875
vt 0.620117188 0.734375
vt 0.631347656 0.71875
vt 0.624023438 0.734375
vt 0.650390625 0.703125
vt 0.650878906 0.696289062
vt 0.652832031 0.703125
vt 0.6484375 0.71875
vt 0.656738281 0.71875
vt 0.638183594 0.71875
vt 0.627929688 0.734375
vt 0.645019531 0.734375
vt 0.633789062 0.734375
vt 0.658691406 0.734375
vt 0.659667969 0.7265625
vt 0.663085938 0.734375
vt 0.65625 0.75
vt 0.640625 0.75
vt 0.671875 0.75
vt 0.671875 0.749511719
vt 0.672363281 0.75
vt 0.625 0.75
vt 0.625 0.75
vt 0.625 0.765625
vt 0.622558594 0.75
vt 0.624023438 0.765625
vt 0.625 0.78125
vt 0.619628906 0.75
vt 0.622070312 0.765625
vt 0.623535156 0.78125
vt 0.625 0.796875
vt 0.614746094 0.75
vt 0.619140625 0.765625
vt 0.621582031 0.78125
vt 0.623535156 0.796875
vt 0.608886719 0.75
vt 0.614746094 0.765625
vt 0.618652344 0.78125
vt 0.600585938 0.75
vt 0.608886719 0.765625
vt 0.58984375 0.75
vt 0.623535156 0.808105469
vt 0.621582031 0.8125
vt 0.625 0.797363281
vt 0.622558594 0.8125
vt 0.621582031 0.818847656
vt 0.618652344 0.828125
vt 0.619140625 0.828125
vt 0.618652344 0.829589844
vt 0.614746094 0.841308594
vt 0.600585938 0.765625
vt 0.621582031 0.796875
vt 0.618652344 0.796875
vt 0.618652344 0.8125
vt 0.614746094 0.78125
vt 0.614746094 0.796875
vt 0.608398438 0.78125
vt 0.614746094 0.8125
vt 0.608398438 0.796875
vt 0.600585938 0.78125
vt 0.614746094 0.828125
vt 0.608398438 0.84375
vt 0.61328125 0.84375
vt 0.608398438 0.85546875
vt 0.606445312 0.859375
vt 0.608398438 0.8125
vt 0.58984375 0.765625
vt 0.600585938 0.796875
vt 0.608398438 0.828125
vt 0.600585938 0.8125
vt 0.58984375 0.78125
vt 0.575683594 0.75
vt 0.575683594 0.765625
vt 0.55859375 0.75
vt 0.55859375 0.765625
vt 0.58984375 0.796875
vt 0.575683594 0.78125
vt 0.55859375 0.78125
vt 0.575683594 0.796875
vt 0.58984375 0.8125
vt 0.575683594 0.8125
vt 0.600585938 0.828125
vt 0.58984375 0.828125
vt 0.575683594 0.828125
vt 0.600585938 0.84375
vt 0.58984375 0.84375
vt 0.575683594 0.84375
vt 0.600585938 0.859375
vt 0.600585938 0.875
vt 0.58984375 0.859375
vt 0.575683594 0.859375
vt 0.600585938 0.875
vt 0.600585938 0.875488281
vt 0.595703125 0.890625
vt 0.58984375 0.875
vt 0.575683594 0.875
vt 0.58984375 0.890625
vt 0.676269531 0.428466797
vt 0.658203125 0.471679688
vt 0.616699219 0.449462891
vt 0.642578125 0.410644531
vt 0.712402344 0.439453125
vt 0.580078125 0.419677734
vt 0.703125 0.485351562
vt 0.61328125 0.386474609
vt 0.75 0.443115234
vt 0.550292969 0.383300781
vt 0.75 0.489990234
vt 0.589355469 0.357421875
vt 0.787597656 0.439453125
vt 0.528320312 0.341796875
vt 0.796875 0.485351562
vt 0.571289062 0.323974609
vt 0.823730469 0.428466797
vt 0.514648438 0.296875
vt 0.841796875 0.471679688
vt 0.560546875 0.287597656
vt 0.857421875 0.410644531
vt 0.509765625 0.25
vt 0.883300781 0.449462891
vt 0.556640625 0.25
vt 0.88671875 0.386474609
vt 0.514648438 0.203125
vt 0.919921875 0.419677734
vt 0.560546875 0.212280273
vt 0.910644531 0.357421875
vt 0.528320312 0.158203125
vt 0.949707031 0.383300781
vt 0.571289062 0.176025391
vt 0.928710938 0.323974609
vt 0.550292969 0.116638184
vt 0.971679688 0.341796875
vt 0.589355469 0.142700195
vt 0.939453125 0.287597656
vt 0.580078125 0.0803222656
vt 0.985351562 0.296875
vt 0.61328125 0.11340332
vt 0.943359375 0.25
vt 0.616699219 0.0504455566
vt 0.990234375 0.25
vt 0.642578125 0.0893554688
vt 0.939453125 0.212280273
vt 0.658203125 0.0282745361
vt 0.985351562 0.203125
vt 0.676269531 0.0715332031
vt 0.928710938 0.176025391
vt 0.703125 0.0146102905
vt 0.971679688 0.158203125
vt 0.712402344 0.060546875
vt 0.910644531 0.142700195
vt 0.75 0.0100021362
vt 0.949707031 0.116638184
vt 0.75 0.0568237305
vt 0.88671875 0.11340332
vt 0.796875 0.0146102905
vt 0.919921875 0.0803222656
vt 0.787597656 0.060546875
vt 0.857421875 0.0893554688
vt 0.841796875 0.0282745361
vt 0.883300781 0.0504455566
vt 0.823730469 0.0715332031
vt 0.857421875 0.0893554688
vt 0.88671875 0.11340332
vt 0.857421875 0.0893554688
vt 0.88671875 0.11340332
vt 0.823730469 0.0715332031
vt 0.910644531 0.142700195
vt 0.823730469 0.0715332031
vt 0.910644531 0.142700195
vt 0.787597656 0.060546875
vt 0.928710938 0.176025391
vt 0.787597656 0.060546875
vt 0.928710938 0.176025391
vt 0.75 0.0568237305
vt 0.939453125 0.212280273
vt 0.75 0.0568237305
vt 0.939453125 0.212280273
vt 0.712402344 0.060546875
vt 0.943359375 0.25
vt 0.712402344 0.060546875
vt 0.943359375 0.25
vt 0.676269531 0.0715332031
vt 0.939453125 0.287597656
vt 0.676269531 0.0715332031
vt 0.939453125 0.287597656
vt 0.642578125 0.0893554688
vt 0.928710938 0.323974609
vt 0.642578125 0.0893554688
vt 0.928710938 0.323974609
vt 0.61328125 0.11340332
vt 0.910644531 0.357421875
vt 0.61328125 0.11340332
vt 0.910644531 0.357421875
vt 0.589355469 0.142700195
vt 0.88671875 0.386474609
vt 0.589355469 0.142700195
vt 0.88671875 0.386474609
vt 0.571289062 0.176025391
vt 0.857421875 0.410644531
vt 0.571289062 0.176025391
vt 0.857421875 0.410644531
vt 0.560546875 0.212280273
vt 0.823730469 0.428466797
vt 0.560546875 0.212280273
vt 0.823730469 0.428466797
vt 0.556640625 0.25
vt 0.787597656 0.439453125
vt 0.556640625 0.25
vt 0.787597656 0.439453125
vt 0.560546875 0.287597656
vt 0.75 0.443115234
vt 0.560546875 0.287597656
vt 0.75 0.443115234
vt 0.571289062 0.323974609
vt 0.712402344 0.439453125
vt 0.571289062 0.323974609
vt 0.712402344 0.439453125
vt 0.589355469 0.357421875
vt 0.676269531 0.428466797
vt 0.589355469 0.357421875
vt 0.676269531 0.428466797
vt 0.61328125 0.386474609
vt 0.642578125 0.410644531
vt 0.61328125 0.386474609
vt 0.642578125 0.410644531
vt 0.676269531 0.428466797
vt 0.616699219 0.449462891
vt 0.658203125 0.471679688
vt 0.642578125 0.410644531
vt 0.712402344 0.439453125
vt 0.580078125 0.419677734
vt 0.703125 0.485351562
vt 0.61328125 0.386474609
vt 0.75 0.443115234
vt 0.550292969 0.383300781
vt 0.75 0.489990234
vt 0.589355469 0.357421875
vt 0.787597656 0.439453125
vt 0.528320312 0.341796875
vt 0.796875 0.485351562
vt 0.571289062 0.323974609
vt 0.823730469 0.428466797
vt 0.514648438 0.296875
vt 0.841796875 0.471679688
vt 0.560546875 0.287597656
vt 0.857421875 0.410644531
vt 0.509765625 0.25
vt 0.883300781 0.449462891
vt 0.556640625 0.25
vt 0.88671875 0.386474609
vt 0.514648438 0.203125
vt 0.919921875 0.419677734
vt 0.560546875 0.212280273
vt 0.910644531 0.357421875
vt 0.528320312 0.158203125
vt 0.949707031 0.383300781
vt 0.571289062 0.176025391
vt 0.928710938 0.323974609
vt 0.550292969 0.116638184
vt 0.971679688 0.341796875
vt 0.589355469 0.142700195
vt 0.939453125 0.287597656
vt 0.580078125 0.0803222656
vt 0.985351562 0.296875
vt 0.61328125 0.11340332
vt 0.943359375 0.25
vt 0.616699219 0.0504455566
vt 0.990234375 0.25
vt 0.642578125 0.0893554688
vt 0.939453125 0.212280273
vt 0.658203125 0.0282745361
vt 0.985351562 0.203125
vt 0.676269531 0.0715332031
vt 0.928710938 0.176025391
vt 0.703125 0.0146102905
vt 0.971679688 0.158203125
vt 0.712402344 0.060546875
vt 0.910644531 0.142700195
vt 0.75 0.0100021362
vt 0.949707031 0.116638184
vt 0.75 0.0568237305
vt 0.88671875 0.11340332
vt 0.796875 0.0146102905
vt 0.919921875 0.0803222656
vt 0.787597656 0.060546875
vt 0.857421875 0.0893554688
vt 0.841796875 0.0282745361
vt 0.883300781 0.0504455566
vt 0.823730469 0.0715332031
vt 0.857421875 0.0893554688
vt 0.88671875 0.11340332
vt 0.857421875 0.0893554688
vt 0.88671875 0.11340332
vt 0.823730469 0.0715332031
vt 0.910644531 0.142700195
vt 0.823730469 0.0715332031
vt 0.910644531 0.142700195
vt 0.787597656 0.060546875
vt 0.928710938 0.176025391
vt 0.787597656 0.060546875
vt 0.928710938 0.176025391
vt 0.75 0.0568237305
vt 0.939453125 0.212280273
vt 0.75 0.0568237305
vt 0.939453125 0.212280273
vt 0.712402344 0.060546875
vt 0.943359375 0.25
vt 0.712402344 0.060546875
vt 0.943359375 0.25
vt 0.676269531 0.0715332031
vt 0.939453125 0.287597656
vt 0.676269531 0.0715332031
vt 0.939453125 0.287597656
vt 0.642578125 0.0893554688
vt 0.928710938 0.323974609
vt 0.642578125 0.0893554688
vt 0.928710938 0.323974609
vt 0.61328125 0.11340332
vt 0.910644531 0.357421875
vt 0.61328125 0.11340332
vt 0.910644531 0.357421875
vt 0.589355469 0.142700195
vt 0.88671875 0.386474609
vt 0.589355469 0.142700195
vt 0.88671875 0.386474609
vt 0.571289062 0.176025391
vt 0.857421875 0.410644531
vt 0.571289062 0.176025391
vt 0.857421875 0.410644531
vt 0.560546875 0.212280273
vt 0.823730469 0.428466797
vt 0.560546875 0.212280273
vt 0.823730469 0.428466797
vt 0.556640625 0.25
vt 0.787597656 0.439453125
vt 0.556640625 0.25
vt 0.787597656 0.439453125
vt 0.560546875 0.287597656
vt 0.75 0.443115234
vt 0.560546875 0.287597656
vt 0.75 0.443115234
vt 0.571289062 0.323974609
vt 0.712402344 0.439453125
vt 0.571289062 0.323974609
vt 0.712402344 0.439453125
vt 0.589355469 0.357421875
vt 0.676269531 0.428466797
vt 0.589355469 0.357421875
vt 0.676269531 0.428466797
vt 0.61328125 0.386474609
vt 0.642578125 0.410644531
vt 0.61328125 0.386474609
vt 0.642578125 0.410644531
vt 0.676269531 0.428466797
vt 0.616699219 0.449462891
vt 0.658203125 0.471679688
vt 0.642578125 0.410644531
vt 0.712402344 0.439453125
vt 0.580078125 0.419677734
vt 0.703125 0.485351562
vt 0.61328125 0.386474609
vt 0.75 0.443115234
vt 0.550292969 0.383300781
vt 0.75 0.489990234
vt 0.589355469 0.357421875
vt 0.787597656 0.439453125
vt 0.528320312 0.341796875
vt 0.796875 0.485351562
vt 0.571289062 0.323974609
vt 0.823730469 0.428466797
vt 0.514648438 0.296875
vt 0.841796875 0.471679688
vt 0.560546875 0.287597656
vt 0.857421875 0.410644531
vt 0.509765625 0.25
vt 0.883300781 0.449462891
vt 0.556640625 0.25
vt 0.88671875 0.386474609
vt 0.514648438 0.203125
vt 0.919921875 0.419677734
vt 0.560546875 0.212280273
vt 0.910644531 0.357421875
vt 0.528320312 0.158203125
vt 0.949707031 0.383300781
vt 0.571289062 0.176025391
vt 0.928710938 0.323974609
vt 0.550292969 0.116638184
vt 0.971679688 0.341796875
vt 0.589355469 0.142700195
vt 0.939453125 0.287597656
vt 0.580078125 0.0803222656
vt 0.985351562 0.296875
vt 0.61328125 0.11340332
vt 0.943359375 0.25
vt 0.616699219 0.0504455566
vt 0.990234375 0.25
vt 0.642578125 0.0893554688
vt 0.939453125 0.212280273
vt 0.658203125 0.0282745361
vt 0.985351562 0.203125
vt 0.676269531 0.0715332031
vt 0.928710938 0.176025391
vt 0.703125 0.0146102905
vt 0.971679688 0.158203125
vt 0.712402344 0.060546875
vt 0.910644531 0.142700195
vt 0.75 0.0100021362
vt 0.949707031 0.116638184
vt 0.75 0.0568237305
vt 0.88671875 0.11340332
vt 0.796875 0.0146102905
vt 0.919921875 0.0803222656
vt 0.787597656 0.060546875
vt 0.857421875 0.0893554688
vt 0.841796875 0.0282745361
vt 0.883300781 0.0504455566
vt 0.823730469 0.0715332031
vt 0.857421875 0.0893554688
vt 0.857421875 0.0893554688
vt 0.88671875 0.11340332
vt 0.88671875 0.11340332
vt 0.823730469 0.0715332031
vt 0.910644531 0.142700195
vt 0.823730469 0.0715332031
vt 0.910644531 0.142700195
vt 0.787597656 0.060546875
vt 0.928710938 0.176025391
vt 0.787597656 0.060546875
vt 0.928710938 0.176025391
vt 0.75 0.0568237305
vt 0.939453125 0.212280273
vt 0.75 0.0568237305
vt 0.939453125 0.212280273
vt 0.712402344 0.060546875
vt 0.943359375 0.25
vt 0.712402344 0.060546875
vt 0.943359375 0.25
vt 0.676269531 0.0715332031
vt 0.939453125 0.287597656
vt 0.676269531 0.0715332031
vt 0.939453125 0.287597656
vt 0.642578125 0.0893554688
vt 0.928710938 0.323974609
vt 0.642578125 0.0893554688
vt 0.928710938 0.323974609
vt 0.61328125 0.11340332
vt 0.910644531 0.357421875
vt 0.61328125 0.11340332
vt 0.910644531 0.357421875
vt 0.589355469 0.142700195
vt 0.88671875 0.386474609
vt 0.589355469 0.142700195
vt 0.88671875 0.386474609
vt 0.571289062 0.176025391
vt 0.857421875 0.410644531
vt 0.571289062 0.176025391
vt 0.857421875 0.410644531
vt 0.560546875 0.212280273
vt 0.823730469 0.428466797
vt 0.560546875 0.212280273
vt 0.823730469 0.428466797
vt 0.556640625 0.25
vt 0.787597656 0.439453125
vt 0.556640625 0.25
vt 0.787597656 0.439453125
vt 0.560546875 0.287597656
vt 0.75 0.443115234
vt 0.560546875 0.287597656
vt 0.75 0.443115234
vt 0.571289062 0.323974609
vt 0.712402344 0.439453125
vt 0.571289062 0.323974609
vt 0.712402344 0.439453125
vt 0.589355469 0.357421875
vt 0.676269531 0.428466797
vt 0.589355469 0.357421875
vt 0.676269531 0.428466797
vt 0.61328125 0.386474609
vt 0.642578125 0.410644531
vt 0.61328125 0.386474609
vt 0.642578125 0.410644531
vt 0.676269531 0.428466797
vt 0.658203125 0.471679688
vt 0.616699219 0.449462891
vt 0.642578125 0.410644531
vt 0.712402344 0.439453125
vt 0.580078125 0.419677734
vt 0.703125 0.485351562
vt 0.61328125 0.386474609
vt 0.75 0.443115234
vt 0.550292969 0.383300781
vt 0.75 0.489990234
vt 0.589355469 0.357421875
vt 0.787597656 0.439453125
vt 0.528320312 0.341796875
vt 0.796875 0.485351562
vt 0.571289062 0.323974609
vt 0.823730469 0.428466797
vt 0.514648438 0.296875
vt 0.841796875 0.471679688
vt 0.560546875 0.287597656
vt 0.857421875 0.410644531
vt 0.509765625 0.25
vt 0.883300781 0.449462891
vt 0.556640625 0.25
vt 0.88671875 0.386474609
vt 0.514648438 0.203125
vt 0.919921875 0.419677734
vt 0.560546875 0.212280273
vt 0.910644531 0.357421875
vt 0.528320312 0.158203125
vt 0.949707031 0.383300781
vt 0.571289062 0.176025391
vt 0.928710938 0.323974609
vt 0.550292969 0.116638184
vt 0.971679688 0.341796875
vt 0.589355469 0.142700195
vt 0.939453125 0.287597656
vt 0.580078125 0.0803222656
vt 0.985351562 0.296875
vt 0.61328125 0.11340332
vt 0.943359375 0.25
vt 0.616699219 0.0504455566
vt 0.990234375 0.25
vt 0.642578125 0.0893554688
vt 0.939453125 0.212280273
vt 0.658203125 0.0282745361
vt 0.985351562 0.203125
vt 0.676269531 0.0715332031
vt 0.928710938 0.176025391
vt 0.703125 0.0146102905
vt 0.971679688 0.158203125
vt 0.712402344 0.060546875
vt 0.910644531 0.142700195
vt 0.75 0.0100021362
vt 0.949707031 0.116638184
vt 0.75 0.0568237305
vt 0.88671875 0.11340332
vt 0.796875 0.0146102905
vt 0.919921875 0.0803222656
vt 0.787597656 0.060546875
vt 0.857421875 0.0893554688
vt 0.841796875 0.0282745361
vt 0.883300781 0.0504455566
vt 0.823730469 0.0715332031
vn 1.01327896E-06 0 -1
vn 4.17232513E-07 0 -1
vn 1.78813934E-07 0 -1
vn -0.70703125 -0.70703125 1.31130219E-06
vn -0.70703125 -0.70703125 1.31130219E-06
vn -0.70703125 -0.70703125 1.31130219E-06
vn 0.70703125 -0.70703125 8.34465027E-07
vn 0.70703125 -0.70703125 8.34465027E-07
vn 0.70703125 -0.70703125 8.34465027E-07
vn -0.70703125 0.70703125 8.34465027E-07
vn -0.70703125 0.70703125 8.34465027E-07
vn -0.70703125 0.70703125 8.34465027E-07
vn -0.549316406 0.835449219 0
vn -0.70703125 0.70703125 0
vn -0.499267578 0.866210938 0
vn 0.70703125 0.70703125 1.31130219E-06
vn 0.70703125 0.70703125 1.31130219E-06
vn 0.70703125 0.70703125 1.31130219E-06
vn 0.549316406 0.835449219 0
vn 0.70703125 0.70703125 1.1920929E-07
vn 0.499267578 0.866210938 0
vn -0.198974609 0.386962891 -0.900390625
vn -0.199829102 0.390869141 -0.8984375
vn -0.215698242 0.459228516 -0.861816406
vn -0.204956055 -0.26171875 -0.943359375
vn -0.199462891 -0.227050781 -0.953125
vn -0.198120117 -0.215454102 -0.956054688
vn -0 -1 0
vn -0 -1 0
vn -0 -1 0
vn -0 -1 0
vn -0 -1 0
vn -0 -1 0
vn 1 0 0
vn 1 0 0
vn 1 0 0
vn 1 0 0
vn -0 0 1
vn -0 0 1
vn -0 0 1
vn -0 0 1
vn -1 0 0
vn -1 0 0
vn -1 0 0
vn -1 0 0
vn -0 1 0
vn -0 1 0
vn -0 1 0
vn -0 1 0
vn -0 1 0
vn -0 1 0
vn -0.70703125 0 -0.70703125
vn -0.70703125 0 -0.70703125
vn -0.70703125 0 -0.70703125
vn -0.70703125 0 -0.70703125
vn -0.70703125 0 0.70703125
vn -0.70703125 0 0.70703125
vn -0.70703125 0 0.70703125
vn -0.70703125 0 0.70703125
vn -0 0 -1
vn -0 0 -1
vn -0 0 -1
vn -0 0 -1
vn -1 0 0
vn -1 0 0
vn -1 0 0
vn -1 0 0
vn -1 0 0
vn -1 0 0
vn -1 0 0
vn -1 0 0
vn -1 0 0
vn -1 0 0
vn -1 0 0
vn -1 0 0
vn -1 0 0
vn -1 0 0
vn -1 0 0
vn -1 0 0
vn -1 0 0
vn -1 0 0
vn -1 0 0
vn -1 0 0
vn -1 0 0
vn -1 0 0
vn -0 1 0
vn -0 1 0
vn -0 1 0
vn -0 1 0
vn -0 -1 0
vn -0 -1 0
vn -0 -1 0
vn -0 -1 0
vn 0.996582031 -0.0813598633 0
vn 1 0 0
vn 1 0 0
vn 0.996582031 -0.0813598633 0
vn 0.937011719 -0.348876953 0
vn 0.937011719 -0.348876953 0
vn 0.852539062 -0.522949219 0
vn 0.852539062 -0.522949219 0
vn -0 0 1
vn -0 0 1
vn -0 0 1
vn -0 0 1
vn -0 0 1
vn -0 0 1
vn -0 0 1
vn -0 0 1
vn -0 0 1
vn -0 0 1
vn -0 0 1
vn -0 0 1
vn -0 0 1
vn -0 0 1
vn -0 0 1
vn -0 0 1
vn -0 0 1
vn -0 0 1
vn -0 0 1
vn -0 0 1
vn -0 0 1
vn -0 0 1
vn -0 0 1
vn -0 0 1
vn -0 0 1
vn -0 0 1
vn -0 0 1
vn -0 0 1
vn -0 0 1
vn -0 0 1
vn -0 0 1
vn -0 0 1
vn -0 0 1
vn -0 0 1
vn -0 0 1
vn -0 0 1
vn -0 0 1
vn -0 0 1
vn -0 0 1
vn -0 0 1
vn -0 0 1
vn -0 0 1
vn -0 0 1
vn -0 0 1
vn -0 0 1
vn -0 0 1
vn -0 0 1
vn 0.975585938 -0.220581055 0
vn 0.964355469 -0.264892578 0
vn 0.964355469 -0.264892578 0
vn 0.975585938 -0.220581055 0
vn 0.989746094 -0.142578125 0
vn 0.989746094 -0.142578125 0
vn 0.997070312 -0.0752563477 0
vn 0.997070312 -0.0752563477 0
vn 1 0 0
vn 1 0 0
vn 0.997070312 0.0752563477 0
vn 0.997070312 0.0752563477 0
vn 0.989746094 0.142578125 0
vn 0.989746094 0.142578125 0
vn 0.975585938 0.220581055 0
vn 0.975585938 0.220581055 0
vn 0.964355469 0.264892578 0
vn 0.964355469 0.264892578 0
vn -0.243286133 -0.969726562 0
vn -0.471923828 -0.881835938 0
vn -0.471923828 -0.881835938 0
vn -0.243286133 -0.969726562 0
vn 0.204589844 -0.979003906 0
vn 0.204589844 -0.979003906 0
vn 0.400390625 -0.916503906 0
vn 0.400390625 -0.916503906 0
vn -0.243286133 0.969726562 0
vn -0.471923828 0.881835938 0
vn -0.471923828 0.881835938 0
vn -0.243286133 0.969726562 0
vn 0.204589844 0.979003906 0
vn 0.204589844 0.979003906 0
vn 0.400390625 0.916503906 0
vn 0.400390625 0.916503906 0
vn -0 0 1
vn -0 0 1
vn -0 0 1
vn -0 0 1
vn -0 0 1
vn -0 0 1
vn -0 0 1
vn -1.1920929E-07 0 -1
vn -2.38418579E-07 0 -1
vn -1.1920929E-07 0 -1
vn -0 0 -1
vn 4.17232513E-07 0 -1
vn -0 0 -1
vn 1.1920929E-07 0 -1
vn 1.78813934E-07 0 -1
vn -0 0 -1
vn 1.1920929E-07 0 -1
vn -0 0 -1
vn -1.1920929E-07 0 -1
vn -0 0 -1
vn -0 0 -1
vn -1.1920929E-07 0 -1
vn -0 0 -1
vn -0 0 -1
vn -0 0 -1
vn -0 0 -1
vn -0 0 -1
vn -0 0 -1
vn -0 0 -1
vn -0 0 -1
vn -0 0 -1
vn -0 0 -1
vn -0 0 -1
vn -0 0 -1
vn -0 0 -1
vn -0 0 -1
vn -0 0 -1
vn -0 0 -1
vn -0 0 -1
vn -0 0 -1
vn -0 0 -1
vn -0 0 -1
vn -0 0 -1
vn -0 0 -1
vn -0 0 -1
vn -0 0 -1
vn -0 0 -1
vn -0 0 -1
vn -0 0 -1
vn -0 0 -1
vn 3.57627869E-07 0 -1
vn -0 0 -1
vn -0 0 -1
vn 2.38418579E-07 0 -1
vn -0 0 -1
vn 2.38418579E-07 0 -1
vn 1.01327896E-06 0 -1
vn 1.01327896E-06 0 -1
vn 1 0 0
vn 0.996582031 0.0813598633 0
vn 1 0 0
vn 0.996582031 0.0813598633 0
vn 0.937011719 0.348876953 0
vn 0.937011719 0.348876953 0
vn 0.852539062 0.522949219 0
vn 0.852539062 0.522949219 0
vn 0.0728149414 -0.888183594 -0.453613281
vn -0.000354766846 -0.903320312 -0.428710938
vn -0.000354766846 -0.903320312 -0.428710938
vn 0.0471496582 -0.894042969 -0.445068359
vn 0.221069336 -0.830566406 -0.510742188
vn 0.265136719 -0.807128906 -0.527832031
vn 0.415039062 -0.701660156 -0.579101562
vn 0.429931641 -0.688476562 -0.583984375
vn 0.562011719 -0.550292969 -0.617675781
vn 0.569335938 -0.541015625 -0.619140625
vn 0.683105469 -0.362792969 -0.634277344
vn 0.679199219 -0.370361328 -0.633789062
vn 0.759277344 -0.179931641 -0.625
vn 0.751464844 -0.201782227 -0.627929688
vn 0.784179688 -0.0871582031 -0.614746094
vn 0.784667969 -0.088684082 -0.613769531
vn 0.793457031 -0.0361022949 -0.607421875
vn 0.790039062 -0.0521850586 -0.610839844
vn 0.80078125 -0.00282096863 -0.599121094
vn 0.801269531 -0.00183486938 -0.598144531
vn 0.786621094 0.082824707 -0.611816406
vn 0.786132812 0.0834960938 -0.612304688
vn 0.732910156 0.236816406 -0.637695312
vn 0.734863281 0.233520508 -0.637207031
vn 0.652832031 0.385986328 -0.651855469
vn 0.653808594 0.384033203 -0.651855469
vn 0.528808594 0.544921875 -0.650878906
vn 0.53515625 0.538085938 -0.650878906
vn 0.372070312 0.671875 -0.640625
vn 0.384277344 0.6640625 -0.641601562
vn 0.200683594 0.766113281 -0.610839844
vn 0.226196289 0.75390625 -0.6171875
vn 0.0520935059 0.821777344 -0.567382812
vn 0.0755004883 0.814941406 -0.574707031
vn -0.000250577927 0.834960938 -0.550292969
vn -0.000171661377 0.834960938 -0.550292969
vn -0.0417175293 0.83203125 -0.553222656
vn -0.0291442871 0.833007812 -0.552246094
vn -0.143920898 0.818847656 -0.555664062
vn -0.171020508 0.813964844 -0.555175781
vn -0.347412109 0.756347656 -0.554199219
vn -0.371826172 0.745117188 -0.553222656
vn -0.560058594 0.622558594 -0.546386719
vn -0.569824219 0.614257812 -0.545898438
vn -0.719726562 0.435302734 -0.540527344
vn -0.72265625 0.431152344 -0.540527344
vn -0.818847656 0.216796875 -0.531738281
vn -0.815917969 0.226196289 -0.532226562
vn -0.834960938 0.160400391 -0.526367188
vn -0.8359375 0.157104492 -0.525878906
vn -0.788574219 0.307617188 -0.532226562
vn -0.783203125 0.320800781 -0.532226562
vn -0.666503906 0.532714844 -0.521484375
vn -0.63671875 0.572753906 -0.516113281
vn -0.490966797 0.720214844 -0.489990234
vn -0.446533203 0.753417969 -0.482421875
vn -0.323486328 0.826171875 -0.4609375
vn -0.270751953 0.850097656 -0.451904297
vn -0.184204102 0.879882812 -0.438476562
vn -0.15234375 0.887207031 -0.435546875
vn -0.0848388672 0.90625 -0.4140625
vn -0.0372314453 0.919921875 -0.390136719
vn 0.00038933754 0.928710938 -0.370361328
vn 0.00038933754 0.928710938 -0.370361328
vn 0.0848388672 0.90625 -0.4140625
vn 0.0372314453 0.919921875 -0.390136719
vn 0.15234375 0.887207031 -0.435546875
vn 0.184204102 0.879882812 -0.438476562
vn 0.270751953 0.850097656 -0.451904297
vn 0.323486328 0.826171875 -0.4609375
vn 0.446533203 0.753417969 -0.482421875
vn 0.490966797 0.720214844 -0.489990234
vn 0.63671875 0.572753906 -0.516113281
vn 0.666503906 0.532714844 -0.521484375
vn 0.783203125 0.320800781 -0.532226562
vn 0.788574219 0.307617188 -0.532226562
vn 0.8359375 0.157104492 -0.525878906
vn 0.834960938 0.160400391 -0.526367188
vn 0.815917969 0.226196289 -0.532226562
vn 0.818847656 0.216796875 -0.531738281
vn 0.72265625 0.431152344 -0.540527344
vn 0.719726562 0.435302734 -0.540527344
vn 0.569824219 0.614257812 -0.545898438
vn 0.560058594 0.622558594 -0.546386719
vn 0.371826172 0.745117188 -0.553222656
vn 0.347412109 0.756347656 -0.554199219
vn 0.171020508 0.813964844 -0.555175781
vn 0.143920898 0.818847656 -0.555664062
vn 0.0417175293 0.83203125 -0.553222656
vn 0.0291442871 0.833007812 -0.552246094
vn 0.000171661377 0.834960938 -0.550292969
vn 0.000250577927 0.834960938 -0.550292969
vn -0.0520935059 0.821777344 -0.567382812
vn -0.0755004883 0.814941406 -0.574707031
vn -0.226196289 0.75390625 -0.6171875
vn -0.200683594 0.766113281 -0.610839844
vn -0.384277344 0.6640625 -0.641601562
vn -0.372070312 0.671875 -0.640625
vn -0.53515625 0.538085938 -0.650878906
vn -0.528808594 0.544921875 -0.650878906
vn -0.653808594 0.384033203 -0.651855469
vn -0.652832031 0.385986328 -0.651855469
vn -0.734863281 0.233520508 -0.637207031
vn -0.732910156 0.236816406 -0.637695312
vn -0.786621094 0.082824707 -0.611816406
vn -0.786132812 0.0834960938 -0.612304688
vn -0.801269531 -0.00183486938 -0.598144531
vn -0.80078125 -0.00282096863 -0.599121094
vn -0.793457031 -0.0361022949 -0.607421875
vn -0.790039062 -0.0521850586 -0.610839844
vn -0.784667969 -0.088684082 -0.613769531
vn -0.784179688 -0.0871582031 -0.614746094
vn -0.751464844 -0.201782227 -0.627929688
vn -0.759277344 -0.179931641 -0.625
vn -0.679199219 -0.370361328 -0.633789062
vn -0.683105469 -0.362792969 -0.634277344
vn -0.569335938 -0.541015625 -0.619140625
vn -0.562011719 -0.550292969 -0.617675781
vn -0.429931641 -0.688476562 -0.583984375
vn -0.415039062 -0.701660156 -0.579101562
vn -0.265136719 -0.807128906 -0.527832031
vn -0.221069336 -0.830566406 -0.510742188
vn -0.0728149414 -0.888183594 -0.453613281
vn -0.0471496582 -0.894042969 -0.445068359
vn 0.000354766846 -0.903320312 -0.428710938
vn 0.000354766846 -0.903320312 -0.428710938
vn 0.000290393829 0.0304718018 -0.999511719
vn 0.000290393829 0.0304718018 -0.999511719
vn -0.00388145447 0.0286102295 -0.999511719
vn -0.00201797485 0.0294494629 -0.999511719
vn -0.00810241699 0.022644043 -0.999511719
vn -0.00741195679 0.0243682861 -0.999511719
vn -0.0107650757 0.0166473389 -1
vn -0.0105209351 0.0171508789 -1
vn -0.0129547119 0.0123901367 -1
vn -0.0129928589 0.0123214722 -1
vn -0.0152053833 0.00897979736 -1
vn -0.0155639648 0.00853729248 -1
vn -0.0178527832 0.00696563721 -1
vn -0.0185852051 0.00689697266 -1
vn -0.0214233398 0.00528335571 -1
vn -0.0229492188 0.0039024353 -0.999511719
vn -0.0251312256 0.00195503235 -0.999511719
vn -0.0255889893 0.00154781342 -0.999511719
vn -0.026260376 0.000688076019 -0.999511719
vn -0.0264434814 0.000275611877 -0.999511719
vn -0.024597168 -0.00218391418 -0.999511719
vn -0.0246887207 -0.00209236145 -0.999511719
vn -0.0211639404 -0.006275177 -1
vn -0.0210571289 -0.00643539429 -1
vn -0.0181274414 -0.0107421875 -1
vn -0.018157959 -0.0107116699 -1
vn -0.015296936 -0.0149230957 -1
vn -0.0150680542 -0.0152587891 -1
vn -0.0122299194 -0.0189361572 -0.999511719
vn -0.0115585327 -0.0196990967 -0.999511719
vn -0.00856018066 -0.0229492188 -0.999511719
vn -0.00756072998 -0.0239715576 -0.999511719
vn -0.00402069092 -0.0280914307 -0.999511719
vn -0.0021686554 -0.0304718018 -0.999511719
vn 0.000210881233 -0.0334472656 -0.999511719
vn 6.77704811E-05 -0.0332946777 -0.999511719
vn 0.00448226929 -0.03074646 -0.999511719
vn 0.00267982483 -0.0320739746 -0.999511719
vn 0.0101089478 -0.0272979736 -0.999511719
vn 0.00856781006 -0.0281219482 -0.999511719
vn 0.0151138306 -0.0243835449 -0.999511719
vn 0.0142288208 -0.0249328613 -0.999511719
vn 0.020614624 -0.0199127197 -0.999511719
vn 0.0201416016 -0.0203704834 -0.999511719
vn 0.0260772705 -0.0148086548 -0.999511719
vn 0.0260772705 -0.0148162842 -0.999511719
vn 0.0190734863 -0.0169830322 -0.999511719
vn 0.0166931152 -0.0181274414 -0.999511719
vn 0.0046043396 -0.0183868408 -1
vn 0.00286102295 -0.0148239136 -1
vn 0.00430297852 -0.00722885132 -1
vn 0.00644302368 -0.00551986694 -1
vn 0.00677871704 -0.00692749023 -1
vn 0.00693893433 -0.00672912598 -1
vn 0.0272674561 -0.00979614258 -0.999511719
vn 0.0191192627 -0.0105667114 -1
vn 0.020401001 -0.0388793945 -0.999023438
vn 0.0312194824 -0.0255737305 -0.999023438
vn 0.00048661232 -0.0590515137 -0.998046875
vn 0.00337982178 -0.0576171875 -0.998535156
vn -0.000723361969 -0.0609436035 -0.998046875
vn -0.00173854828 -0.0606384277 -0.998046875
vn -0.000123739243 -0.061126709 -0.998046875
vn -0.000123739243 -0.061126709 -0.998046875
vn 0.00173854828 -0.0606384277 -0.998046875
vn 0.000723361969 -0.0609436035 -0.998046875
vn -0.00337982178 -0.0576171875 -0.998535156
vn -0.00048661232 -0.0590515137 -0.998046875
vn -0.0312194824 -0.0255737305 -0.999023438
vn -0.020401001 -0.0388793945 -0.999023438
vn -0.0191192627 -0.0105667114 -1
vn -0.0272674561 -0.00979614258 -0.999511719
vn -0.00693893433 -0.00672912598 -1
vn -0.00677871704 -0.00692749023 -1
vn -0.00644302368 -0.00551986694 -1
vn -0.00430297852 -0.00722885132 -1
vn -0.00286102295 -0.0148239136 -1
vn -0.0046043396 -0.0183868408 -1
vn -0.0166931152 -0.0181274414 -0.999511719
vn -0.0190734863 -0.0169830322 -0.999511719
vn -0.0260772705 -0.0148162842 -0.999511719
vn -0.0260772705 -0.0148086548 -0.999511719
vn -0.0201416016 -0.0203704834 -0.999511719
vn -0.020614624 -0.0199127197 -0.999511719
vn -0.0142288208 -0.0249328613 -0.999511719
vn -0.0151138306 -0.0243835449 -0.999511719
vn -0.00856781006 -0.0281219482 -0.999511719
vn -0.0101089478 -0.0272979736 -0.999511719
vn -0.00267982483 -0.0320739746 -0.999511719
vn -0.00448226929 -0.03074646 -0.999511719
vn -6.77704811E-05 -0.0332946777 -0.999511719
vn -0.000210881233 -0.0334472656 -0.999511719
vn 0.0021686554 -0.0304718018 -0.999511719
vn 0.00402069092 -0.0280914307 -0.999511719
vn 0.00756072998 -0.0239715576 -0.999511719
vn 0.00856018066 -0.0229492188 -0.999511719
vn 0.0115585327 -0.0196990967 -0.999511719
vn 0.0122299194 -0.0189361572 -0.999511719
vn 0.0150680542 -0.0152587891 -1
vn 0.015296936 -0.0149230957 -1
vn 0.018157959 -0.0107116699 -1
vn 0.0181274414 -0.0107421875 -1
vn 0.0210571289 -0.00643539429 -1
vn 0.0211639404 -0.006275177 -1
vn 0.0246887207 -0.00209236145 -0.999511719
vn 0.024597168 -0.00218391418 -0.999511719
vn 0.0264434814 0.000275611877 -0.999511719
vn 0.026260376 0.000688076019 -0.999511719
vn 0.0255889893 0.00154781342 -0.999511719
vn 0.0251312256 0.00195503235 -0.999511719
vn 0.0229492188 0.0039024353 -0.999511719
vn 0.0214233398 0.00528335571 -1
vn 0.0185852051 0.00689697266 -1
vn 0.0178527832 0.00696563721 -1
vn 0.0155639648 0.00853729248 -1
vn 0.0152053833 0.00897979736 -1
vn 0.0129928589 0.0123214722 -1
vn 0.0129547119 0.0123901367 -1
vn 0.0105209351 0.0171508789 -1
vn 0.0107650757 0.0166473389 -1
vn 0.00741195679 0.0243682861 -0.999511719
vn 0.00810241699 0.022644043 -0.999511719
vn 0.00201797485 0.0294494629 -0.999511719
vn 0.00388145447 0.0286102295 -0.999511719
vn -0.000290393829 0.0304718018 -0.999511719
vn -0.000290393829 0.0304718018 -0.999511719
vn 1 0.00677871704 0.0076751709
vn 1 0.00677871704 0.0076751709
vn 0.999023438 -0.0487670898 0.00688552856
vn 0.998535156 -0.0499572754 0.00686645508
vn 0.994628906 -0.10546875 0.00605010986
vn 0.994628906 -0.10546875 0.00605010986
vn -0.000107884407 1 0.0196990967
vn -0.000107884407 1 0.0196990967
vn -0.000107884407 1 0.0196990967
vn -0.000107884407 1 0.0196990967
vn -0.0692749023 0.880371094 0.469238281
vn -0 0.894042969 0.447753906
vn -0 0.894042969 0.447753906
vn -0.0457763672 0.885742188 0.462402344
vn -0.217041016 0.823730469 0.523925781
vn -0.260009766 0.80078125 0.539550781
vn -0.410644531 0.695800781 0.588867188
vn -0.425048828 0.683105469 0.59375
vn -0.556640625 0.545898438 0.625976562
vn -0.563964844 0.536621094 0.627441406
vn -0.677246094 0.359863281 0.641601562
vn -0.673828125 0.3671875 0.641601562
vn -0.754394531 0.175170898 0.632324219
vn -0.74609375 0.19909668 0.635742188
vn -0.778320312 0.0889282227 0.621582031
vn -0.779296875 0.089050293 0.620605469
vn -0.7890625 0.0358276367 0.61328125
vn -0.78515625 0.0530700684 0.616699219
vn -0.796386719 0 0.604980469
vn -0.796386719 0 0.604980469
vn -0.780273438 -0.0816040039 0.620117188
vn -0.780273438 -0.0818481445 0.620117188
vn -0.727539062 -0.233642578 0.645019531
vn -0.728515625 -0.230957031 0.64453125
vn -0.647460938 -0.382324219 0.659179688
vn -0.648925781 -0.380615234 0.659179688
vn -0.524414062 -0.540527344 0.658203125
vn -0.530761719 -0.534179688 0.658203125
vn -0.368652344 -0.666503906 0.647949219
vn -0.380615234 -0.658691406 0.648925781
vn -0.197875977 -0.759765625 0.619140625
vn -0.22277832 -0.748046875 0.625
vn -0.0509643555 -0.814941406 0.577148438
vn -0.0731201172 -0.80859375 0.583984375
vn -0 -0.828613281 0.560058594
vn -0 -0.828613281 0.560058594
vn 0.0405883789 -0.825683594 0.562988281
vn 0.0282592773 -0.826660156 0.562011719
vn 0.141723633 -0.812011719 0.56640625
vn 0.168457031 -0.807128906 0.565917969
vn 0.344726562 -0.749511719 0.565429688
vn 0.367675781 -0.738769531 0.564941406
vn 0.555664062 -0.616699219 0.558105469
vn 0.564453125 -0.608886719 0.557617188
vn 0.713867188 -0.430664062 0.552246094
vn 0.716308594 -0.426757812 0.552246094
vn 0.8125 -0.211914062 0.54296875
vn 0.809570312 -0.221679688 0.543457031
vn 0.830078125 -0.154418945 0.536132812
vn 0.830566406 -0.150878906 0.535644531
vn 0.783691406 -0.305908203 0.541015625
vn 0.778320312 -0.318847656 0.540527344
vn 0.661132812 -0.53125 0.529785156
vn 0.633789062 -0.567382812 0.525878906
vn 0.488525391 -0.714355469 0.500976562
vn 0.446044922 -0.746582031 0.493896484
vn 0.318847656 -0.821777344 0.472412109
vn 0.267822266 -0.844238281 0.464111328
vn 0.181884766 -0.873046875 0.452392578
vn 0.153808594 -0.879394531 0.450927734
vn 0.0858764648 -0.8984375 0.430664062
vn 0.0397338867 -0.912109375 0.408203125
vn -0 -0.921386719 0.388183594
vn -0 -0.921386719 0.388183594
vn -0.0858764648 -0.8984375 0.430664062
vn -0.0397338867 -0.912109375 0.408203125
vn -0.153808594 -0.879394531 0.450927734
vn -0.181884766 -0.873046875 0.452392578
vn -0.267822266 -0.844238281 0.464111328
vn -0.318847656 -0.821777344 0.472412109
vn -0.446044922 -0.746582031 0.493896484
vn -0.488525391 -0.714355469 0.500976562
vn -0.633789062 -0.567382812 0.525878906
vn -0.661132812 -0.53125 0.529785156
vn -0.778320312 -0.318847656 0.540527344
vn -0.783691406 -0.305908203 0.541015625
vn -0.830566406 -0.150878906 0.535644531
vn -0.830078125 -0.154418945 0.536132812
vn -0.809570312 -0.221679688 0.543457031
vn -0.8125 -0.211914062 0.54296875
vn -0.716308594 -0.426757812 0.552246094
vn -0.713867188 -0.430664062 0.552246094
vn -0.564453125 -0.608886719 0.557617188
vn -0.555664062 -0.616699219 0.558105469
vn -0.367675781 -0.738769531 0.564941406
vn -0.344726562 -0.749511719 0.565429688
vn -0.168457031 -0.807128906 0.565917969
vn -0.141723633 -0.812011719 0.56640625
vn -0.0405883789 -0.825683594 0.562988281
vn -0.0282592773 -0.826660156 0.562011719
vn -0 -0.828613281 0.560058594
vn -0 -0.828613281 0.560058594
vn 0.0509643555 -0.814941406 0.577148438
vn 0.0731201172 -0.80859375 0.583984375
vn 0.22277832 -0.748046875 0.625
vn 0.197875977 -0.759765625 0.619140625
vn 0.380615234 -0.658691406 0.648925781
vn 0.368652344 -0.666503906 0.647949219
vn 0.530761719 -0.534179688 0.658203125
vn 0.524414062 -0.540527344 0.658203125
vn 0.648925781 -0.380615234 0.659179688
vn 0.647460938 -0.382324219 0.659179688
vn 0.728515625 -0.230957031 0.64453125
vn 0.727539062 -0.233642578 0.645019531
vn 0.780273438 -0.0816040039 0.620117188
vn 0.780273438 -0.0818481445 0.620117188
vn 0.796386719 0 0.604980469
vn 0.796386719 0 0.604980469
vn 0.7890625 0.0358276367 0.61328125
vn 0.78515625 0.0530700684 0.616699219
vn 0.779296875 0.089050293 0.620605469
vn 0.778320312 0.0889282227 0.621582031
vn 0.74609375 0.19909668 0.635742188
vn 0.754394531 0.175170898 0.632324219
vn 0.673828125 0.3671875 0.641601562
vn 0.677246094 0.359863281 0.641601562
vn 0.563964844 0.536621094 0.627441406
vn 0.556640625 0.545898438 0.625976562
vn 0.425048828 0.683105469 0.59375
vn 0.410644531 0.695800781 0.588867188
vn 0.260009766 0.80078125 0.539550781
vn 0.217041016 0.823730469 0.523925781
vn 0.0692749023 0.880371094 0.469238281
vn 0.0457763672 0.885742188 0.462402344
vn -0 0.894042969 0.447753906
vn -0 0.894042969 0.447753906
vn -0 0 1
vn -0 0 1
vn -0 0 1
vn -0 0 1
vn -0 0 1
vn -0 0 1
vn -0 0 1
vn -0 0 1
vn -1.1920929E-07 0 1
vn -1.1920929E-07 0 1
vn -1.1920929E-07 0 1
vn -0 0 1
vn -0 0 1
vn -0 0 1
vn -0 0 1
vn -0 0 1
vn -0 0 1
vn -0 0 1
vn -0 0 1
vn -0 0 1
vn -0 0 1
vn -0 0 1
vn -0 0 1
vn -0 0 1
vn -0 0 1
vn -0 0 1
vn -0 0 1
vn -0 0 1
vn -0 0 1
vn -0 0 1
vn -0 0 1
vn -0 0 1
vn -0 0 1
vn -0 0 1
vn -0 0 1
vn -0 0 1
vn -0 0 1
vn -0 0 1
vn -0 0 1
vn -0 0 1
vn -0 0 1
vn -0 0 1
vn -0 0 1
vn -0 0 1
vn -0 0 1
vn -0 0 1
vn 0.0114898682 0.00624847412 1
vn 0.0140457153 0.00763702393 1
vn 0.0283966064 0.00652694702 0.999511719
vn 0.0302886963 0.00130367279 0.999511719
vn 0.0305023193 -0.010559082 0.999511719
vn 0.0292053223 -0.0127182007 0.999511719
vn 0.0230102539 -0.0224914551 0.999511719
vn 0.0231323242 -0.0223083496 0.999511719
vn -0.0100097656 -0.0367736816 0.999511719
vn -0.00106239319 -0.0341186523 0.999511719
vn -0.0116653442 -0.0158691406 1
vn -0.019821167 -0.0269622803 0.999511719
vn -0 0 1
vn -0 0 1
vn -0 0 1
vn -0 0 1
vn -0 0 1
vn -0 0 1
vn -0 0 1
vn -0 0 1
vn -0 0 1
vn -0 0 1
vn 0.019821167 -0.0269622803 0.999511719
vn 0.0116653442 -0.0158691406 1
vn 0.00106239319 -0.0341186523 0.999511719
vn 0.0100097656 -0.0367736816 0.999511719
vn -0.0231323242 -0.0223083496 0.999511719
vn -0.0230102539 -0.0224914551 0.999511719
vn -0.0292053223 -0.0127182007 0.999511719
vn -0.0305023193 -0.010559082 0.999511719
vn -0.0302886963 0.00130367279 0.999511719
vn -0.0283966064 0.00652694702 0.999511719
vn -0.0140457153 0.00763702393 1
vn -0.0114898682 0.00624847412 1
vn -0 0 1
vn -0 0 1
vn -0 0 1
vn -0 0 1
vn -0 0 1
vn -0 0 1
vn -0 0 1
vn -0 0 1
vn -0 0 1
vn -0 0 1
vn -0 0 1
vn -0 0 1
vn -0 0 1
vn -0 0 1
vn -0 0 1
vn -0 0 1
vn -0 0 1
vn -0 0 1
vn -0 0 1
vn -0 0 1
vn -0 0 1
vn -0 0 1
vn -0 0 1
vn -0 0 1
vn -0 0 1
vn -0 0 1
vn -0 0 1
vn -0 0 1
vn -0 0 1
vn -0 0 1
vn -0 0 1
vn -0 0 1
vn -0 0 1
vn -0 0 1
vn -0 0 1
vn -0 0 1
vn 1.1920929E-07 0 1
vn 1.1920929E-07 0 1
vn -0 0 1
vn -0 0 1
vn -0 0 1
vn -0 0 1
vn -0 0 1
vn -0 0 1
vn -0 0 1
vn -0 0 1
vn -1 0 0.00776672363
vn -0.999023438 0.0476379395 0.00862121582
vn -1 0 0.00776672363
vn -0.998535156 0.0487365723 0.008644104
vn -0.995117188 0.0962524414 0.00947570801
vn -0.995117188 0.0962524414 0.00947570801
vn -0 -1 -4.76837158E-07
vn -0 -1 -4.76837158E-07
vn -0 -1 -4.76837158E-07
vn -0 -1 -4.76837158E-07
vn -0.969238281 0.175048828 -0.172485352
vn -0.969238281 0.175048828 -0.172485352
vn -0.958984375 0.258056641 -0.118835449
vn -0.9609375 0.246704102 -0.126342773
vn -0.943359375 0.323974609 -0.0741577148
vn -0.943359375 0.323974609 -0.0741577148
vn -0.575195312 -0.0958862305 -0.8125
vn -0.538085938 -0.00284194946 -0.842773438
vn -0.538085938 -0.00284194946 -0.842773438
vn -0.576660156 -0.100280762 -0.811035156
vn -0.601074219 -0.232788086 -0.764648438
vn -0.600585938 -0.234985352 -0.764160156
vn -0.561035156 -0.340087891 -0.754882812
vn -0.560546875 -0.340576172 -0.754882812
vn -0.455078125 -0.471191406 -0.755371094
vn -0.454833984 -0.471435547 -0.755371094
vn -0.314697266 -0.562011719 -0.764648438
vn -0.314697266 -0.562011719 -0.764648438
vn -0.178833008 -0.58984375 -0.787597656
vn -0.181030273 -0.58984375 -0.787109375
vn -0.0567932129 -0.546386719 -0.835449219
vn -0.0583496094 -0.547851562 -0.834472656
vn -0.0026512146 -0.501464844 -0.865234375
vn -0.0026512146 -0.501464844 -0.865234375
vn -0.035736084 0.472900391 -0.880371094
vn -0.000155687332 0.455322266 -0.890136719
vn -0.000155687332 0.455322266 -0.890136719
vn -0.0362854004 0.473144531 -0.880371094
vn -0.171508789 0.493164062 -0.853027344
vn -0.177856445 0.493164062 -0.8515625
vn -0.321289062 0.490478516 -0.810058594
vn -0.322753906 0.490234375 -0.809570312
vn -0.455566406 0.418457031 -0.785644531
vn -0.457763672 0.416503906 -0.785644531
vn -0.5703125 0.285888672 -0.770019531
vn -0.570800781 0.284667969 -0.770019531
vn -0.571289062 0.165527344 -0.803710938
vn -0.571289062 0.165527344 -0.803710938
vn -0.541015625 0.101318359 -0.834960938
vn -0.541015625 0.101318359 -0.834960938
vn -1 0 0
vn -1 0 0
vn -1 0 0
vn -1 0 0
vn -1 0 0
vn -1 0 0
vn 0.0752563477 -0.530273438 -0.844726562
vn 0.039642334 -0.495849609 -0.867675781
vn 0.039642334 -0.495849609 -0.867675781
vn 0.0729980469 -0.528320312 -0.846191406
vn 0.201904297 -0.525878906 -0.826171875
vn 0.19543457 -0.528320312 -0.826171875
vn 0.354492188 -0.431396484 -0.829589844
vn 0.351318359 -0.434326172 -0.829589844
vn 0.465332031 -0.293701172 -0.834960938
vn 0.464355469 -0.295166016 -0.834960938
vn 0.523925781 -0.142333984 -0.83984375
vn 0.523925781 -0.142822266 -0.83984375
vn 0.53125 -0.0981445312 -0.841308594
vn 0.53125 -0.0981445312 -0.841308594
vn 0.520507812 -0.152709961 -0.83984375
vn 0.520019531 -0.155517578 -0.83984375
vn 0.458007812 -0.26171875 -0.849609375
vn 0.447265625 -0.275390625 -0.851074219
vn 0.345703125 -0.37109375 -0.861816406
vn 0.337890625 -0.375 -0.86328125
vn 0.240478516 -0.412841797 -0.878417969
vn 0.229492188 -0.416015625 -0.879882812
vn 0.135742188 -0.432617188 -0.891113281
vn 0.131103516 -0.432617188 -0.892089844
vn 0.0467529297 -0.422119141 -0.905273438
vn 0.0456848145 -0.421875 -0.905273438
vn -0.0018863678 -0.410400391 -0.912109375
vn -0.0018863678 -0.410400391 -0.912109375
vn -0.0456848145 -0.421875 -0.905273438
vn -0.0467529297 -0.422119141 -0.905273438
vn -0.131103516 -0.432617188 -0.892089844
vn -0.135742188 -0.432617188 -0.891113281
vn -0.229492188 -0.416015625 -0.879882812
vn -0.240478516 -0.412841797 -0.878417969
vn -0.337890625 -0.375 -0.86328125
vn -0.345703125 -0.37109375 -0.861816406
vn -0.447265625 -0.275390625 -0.851074219
vn -0.458007812 -0.26171875 -0.849609375
vn -0.520019531 -0.155517578 -0.83984375
vn -0.520507812 -0.152709961 -0.83984375
vn -0.53125 -0.0981445312 -0.841308594
vn -0.53125 -0.0981445312 -0.841308594
vn -0.523925781 -0.142822266 -0.83984375
vn -0.523925781 -0.142333984 -0.83984375
vn -0.464355469 -0.295166016 -0.834960938
vn -0.465332031 -0.293701172 -0.834960938
vn -0.351318359 -0.434326172 -0.829589844
vn -0.354492188 -0.431396484 -0.829589844
vn -0.19543457 -0.528320312 -0.826171875
vn -0.201904297 -0.525878906 -0.826171875
vn -0.0729980469 -0.528320312 -0.846191406
vn -0.0752563477 -0.530273438 -0.844726562
vn -0.039642334 -0.495849609 -0.867675781
vn -0.039642334 -0.495849609 -0.867675781
vn -0 -1 0
vn -0 -1 0
vn 0.0654296875 -0.998046875 0
vn 0.0654296875 -0.998046875 0
vn 0.258789062 -0.965820312 0
vn 0.258789062 -0.965820312 0
vn 0.5 -0.866210938 0
vn 0.5 -0.866210938 0
vn 0.70703125 -0.70703125 0
vn 0.70703125 -0.70703125 0
vn 0.866210938 -0.5 0
vn 0.866210938 -0.5 0
vn 0.965820312 -0.258789062 0
vn 0.965820312 -0.258789062 0
vn 0.991210938 -0.130493164 0
vn 0.991210938 -0.130493164 0
vn 0.998046875 -0.0654296875 0
vn 0.998046875 -0.0654296875 0
vn 1 0 0
vn 1 0 0
vn 0.998046875 0.0654296875 0
vn 0.998046875 0.0654296875 0
vn 0.963867188 0.266357422 0
vn 0.963867188 0.266357422 0
vn 0.861816406 0.507324219 0
vn 0.861816406 0.507324219 0
vn 0.707519531 0.70703125 0
vn 0.707519531 0.70703125 0
vn 0.526367188 0.850097656 0
vn 0.526367188 0.850097656 0
vn 0.322265625 0.946777344 0
vn 0.322265625 0.946777344 0
vn 0.101867676 0.994628906 0
vn 0.101867676 0.994628906 0
vn -0 1 0
vn -0 1 0
vn -0.119689941 0.992675781 0
vn -0.119689941 0.992675781 0
vn -0.345703125 0.938476562 0
vn -0.345703125 0.938476562 0
vn -0.53125 0.847167969 0
vn -0.53125 0.847167969 0
vn -0.724121094 0.689453125 0
vn -0.724121094 0.689453125 0
vn -0.8828125 0.469482422 0.00212097168
vn -0.8828125 0.469482422 0.00212097168
vn -0.96484375 0.262939453 0.0115432739
vn -0.964355469 0.264160156 0.0114517212
vn -0.988769531 0.146728516 0.0240936279
vn -0.988769531 0.146850586 0.0240325928
vn -0.9609375 0.275634766 0.0306396484
vn -0.9609375 0.275390625 0.0306396484
vn -0.787109375 0.615722656 0.0300750732
vn -0.788085938 0.615234375 0.030090332
vn -0.41015625 0.911621094 0.0265655518
vn -0.402587891 0.915039062 0.0265197754
vn -0.0880737305 0.99609375 0.0162658691
vn -0.0843505859 0.99609375 0.0158843994
vn -0.00237083435 1 0.00395584106
vn -0.00237083435 1 0.00395584106
vn -0 1 0
vn -0 1 0
vn -0 1 0
vn -0 1 0
vn -0 1 0
vn -0 1 0
vn 0.00237083435 1 0.00395584106
vn 0.00237083435 1 0.00395584106
vn 0.0843505859 0.99609375 0.0158843994
vn 0.0880737305 0.99609375 0.0162658691
vn 0.402587891 0.915039062 0.0265197754
vn 0.41015625 0.911621094 0.0265655518
vn 0.788085938 0.615234375 0.030090332
vn 0.787109375 0.615722656 0.0300750732
vn 0.9609375 0.275390625 0.0306396484
vn 0.9609375 0.275634766 0.0306396484
vn 0.988769531 0.146850586 0.0240325928
vn 0.988769531 0.146728516 0.0240936279
vn 0.964355469 0.264160156 0.0114517212
vn 0.96484375 0.262939453 0.0115432739
vn 0.8828125 0.469482422 0.00212097168
vn 0.8828125 0.469482422 0.00212097168
vn 0.724121094 0.689453125 0
vn 0.724121094 0.689453125 0
vn 0.53125 0.847167969 0
vn 0.53125 0.847167969 0
vn 0.345703125 0.938476562 0
vn 0.345703125 0.938476562 0
vn 0.119689941 0.992675781 0
vn 0.119689941 0.992675781 0
vn -0 1 0
vn -0 1 0
vn -0.101867676 0.994628906 0
vn -0.101867676 0.994628906 0
vn -0.322265625 0.946777344 0
vn -0.322265625 0.946777344 0
vn -0.526367188 0.850097656 0
vn -0.526367188 0.850097656 0
vn -0.707519531 0.70703125 0
vn -0.707519531 0.70703125 0
vn -0.861816406 0.507324219 0
vn -0.861816406 0.507324219 0
vn -0.963867188 0.266357422 0
vn -0.963867188 0.266357422 0
vn -0.998046875 0.0654296875 0
vn -0.998046875 0.0654296875 0
vn -1 0 0
vn -1 0 0
vn -0.998046875 -0.0654296875 0
vn -0.998046875 -0.0654296875 0
vn -0.991210938 -0.130493164 0
vn -0.991210938 -0.130493164 0
vn -0.965820312 -0.258789062 0
vn -0.965820312 -0.258789062 0
vn -0.866210938 -0.5 0
vn -0.866210938 -0.5 0
vn -0.70703125 -0.70703125 0
vn -0.70703125 -0.70703125 0
vn -0.5 -0.866210938 0
vn -0.5 -0.866210938 0
vn -0.258789062 -0.965820312 0
vn -0.258789062 -0.965820312 0
vn -0.0654296875 -0.998046875 0
vn -0.0654296875 -0.998046875 0
vn -0 -1 0
vn -0 -1 0
vn -0.00859832764 0.000604152679 -1
vn -0.00900268555 0.00105476379 -1
vn -0.00900268555 0.00105476379 -1
vn -0.00859832764 0.000604629517 -1
vn -0.00819396973 0.000154018402 -1
vn -0.00819396973 0.000154018402 -1
vn -0 -7.15255737E-07 -1
vn -0 -7.15255737E-07 -1
vn -0 -7.15255737E-07 -1
vn -0 -7.15255737E-07 -1
vn -0.0670166016 0.958496094 -0.277832031
vn -0.0670166016 0.958496094 -0.277832031
vn -0.0670166016 0.958496094 -0.277832031
vn -0.0670166016 0.958496094 -0.277832031
vn -0.91796875 -0.0957641602 -0.385253906
vn -0.91796875 -0.0957641602 -0.385253906
vn -0.91796875 -0.0957641602 -0.385253906
vn -0.91796875 -0.0957641602 -0.385253906
vn 0.919433594 -0.0847167969 -0.383789062
vn 0.919433594 -0.0847167969 -0.383789062
vn 0.919433594 -0.0847167969 -0.383789062
vn 0.919433594 -0.0847167969 -0.383789062
vn -0.162841797 -0.951171875 -0.262207031
vn -0.162841797 -0.951171875 -0.262207031
vn -0.162841797 -0.951171875 -0.262207031
vn -0.162841797 -0.951171875 -0.262207031
vn -1 0.00677871704 0.0076751709
vn -0.999023438 -0.0487670898 0.00688552856
vn -1 0.00677871704 0.0076751709
vn -0.998535156 -0.0499572754 0.00686645508
vn -0.994628906 -0.10546875 0.00605010986
vn -0.994628906 -0.10546875 0.00605010986
vn 0.000107884407 1 0.0196990967
vn 0.000107884407 1 0.0196990967
vn 0.000107884407 1 0.0196990967
vn 0.000107884407 1 0.0196990967
vn 1 0 0.00776672363
vn 1 0 0.00776672363
vn 0.999023438 0.0476379395 0.00862121582
vn 0.998535156 0.0487365723 0.008644104
vn 0.995117188 0.0962524414 0.00947570801
vn 0.995117188 0.0962524414 0.00947570801
vn -0 -1 -1.01327896E-06
vn -0 -1 -1.01327896E-06
vn -0 -1 -1.01327896E-06
vn -0 -1 -1.01327896E-06
vn 0.969238281 0.175048828 -0.172485352
vn 0.958984375 0.258056641 -0.118835449
vn 0.969238281 0.175048828 -0.172485352
vn 0.9609375 0.246704102 -0.126342773
vn 0.943359375 0.323974609 -0.0741577148
vn 0.943359375 0.323974609 -0.0741577148
vn 0.575195312 -0.0958862305 -0.8125
vn 0.538085938 -0.00284194946 -0.842773438
vn 0.538085938 -0.00284194946 -0.842773438
vn 0.576660156 -0.100280762 -0.811035156
vn 0.601074219 -0.232788086 -0.764648438
vn 0.600585938 -0.234985352 -0.764160156
vn 0.561035156 -0.340087891 -0.754882812
vn 0.560546875 -0.340576172 -0.754882812
vn 0.455078125 -0.471191406 -0.755371094
vn 0.454833984 -0.471435547 -0.755371094
vn 0.314697266 -0.562011719 -0.764648438
vn 0.314697266 -0.562011719 -0.764648438
vn 0.178833008 -0.58984375 -0.787597656
vn 0.181030273 -0.58984375 -0.787109375
vn 0.0567932129 -0.546386719 -0.835449219
vn 0.0583496094 -0.547851562 -0.834472656
vn 0.0026512146 -0.501464844 -0.865234375
vn 0.0026512146 -0.501464844 -0.865234375
vn 0.035736084 0.472900391 -0.880371094
vn 0.000155687332 0.455322266 -0.890136719
vn 0.000155687332 0.455322266 -0.890136719
vn 0.0362854004 0.473144531 -0.880371094
vn 0.171508789 0.493164062 -0.853027344
vn 0.177856445 0.493164062 -0.8515625
vn 0.321289062 0.490478516 -0.810058594
vn 0.322753906 0.490234375 -0.809570312
vn 0.455566406 0.418457031 -0.785644531
vn 0.457763672 0.416503906 -0.785644531
vn 0.5703125 0.285888672 -0.770019531
vn 0.570800781 0.284667969 -0.770019531
vn 0.571289062 0.165527344 -0.803710938
vn 0.571289062 0.165527344 -0.803710938
vn 0.541015625 0.101318359 -0.834960938
vn 0.541015625 0.101318359 -0.834960938
vn 0.00859832764 0.000604152679 -1
vn 0.00900268555 0.00105476379 -1
vn 0.00900268555 0.00105476379 -1
vn 0.00859832764 0.000604629517 -1
vn 0.00819396973 0.000154018402 -1
vn 0.00819396973 0.000154018402 -1
vn -0 -7.15255737E-07 -1
vn -0 -7.15255737E-07 -1
vn -0 -7.15255737E-07 -1
vn -0 -7.15255737E-07 -1
vn 0.0670166016 0.958496094 -0.277832031
vn 0.0670166016 0.958496094 -0.277832031
vn 0.0670166016 0.958496094 -0.277832031
vn 0.0670166016 0.958496094 -0.277832031
vn 0.91796875 -0.0957641602 -0.385253906
vn 0.91796875 -0.0957641602 -0.385253906
vn 0.91796875 -0.0957641602 -0.385253906
vn 0.91796875 -0.0957641602 -0.385253906
vn -0.919433594 -0.0847167969 -0.383789062
vn -0.919433594 -0.0847167969 -0.383789062
vn -0.919433594 -0.0847167969 -0.383789062
vn -0.919433594 -0.0847167969 -0.383789062
vn 0.162841797 -0.951171875 -0.262207031
vn 0.162841797 -0.951171875 -0.262207031
vn 0.162841797 -0.951171875 -0.262207031
vn 0.162841797 -0.951171875 -0.262207031
vn 0.0728149414 0.888183594 -0.453613281
vn -0.000354766846 0.903320312 -0.428710938
vn -0.000354766846 0.903320312 -0.428710938
vn 0.0471496582 0.894042969 -0.445068359
vn 0.221069336 0.830566406 -0.510742188
vn 0.265136719 0.807128906 -0.527832031
vn 0.415039062 0.701660156 -0.579101562
vn 0.429931641 0.688476562 -0.583984375
vn 0.562011719 0.550292969 -0.617675781
vn 0.569335938 0.541015625 -0.619140625
vn 0.683105469 0.362792969 -0.634277344
vn 0.679199219 0.370361328 -0.633789062
vn 0.759277344 0.179931641 -0.625
vn 0.751464844 0.201782227 -0.627929688
vn 0.784179688 0.0871582031 -0.614746094
vn 0.784667969 0.088684082 -0.613769531
vn 0.793457031 0.0361022949 -0.607421875
vn 0.790039062 0.0521850586 -0.610839844
vn 0.80078125 0.00282096863 -0.599121094
vn 0.801269531 0.00183486938 -0.598144531
vn 0.786621094 -0.082824707 -0.611816406
vn 0.786132812 -0.0834960938 -0.612304688
vn 0.732910156 -0.236816406 -0.637695312
vn 0.734863281 -0.233520508 -0.637207031
vn 0.652832031 -0.385986328 -0.651855469
vn 0.653808594 -0.384033203 -0.651855469
vn 0.528808594 -0.544921875 -0.650878906
vn 0.53515625 -0.538085938 -0.650878906
vn 0.372070312 -0.671875 -0.640625
vn 0.384277344 -0.6640625 -0.641601562
vn 0.200683594 -0.766113281 -0.610839844
vn 0.226196289 -0.75390625 -0.6171875
vn 0.0520935059 -0.821777344 -0.567382812
vn 0.0755004883 -0.814941406 -0.574707031
vn -0.000250577927 -0.834960938 -0.550292969
vn -0.000171661377 -0.834960938 -0.550292969
vn -0.0417175293 -0.83203125 -0.553222656
vn -0.0291442871 -0.833007812 -0.552246094
vn -0.143920898 -0.818847656 -0.555664062
vn -0.171020508 -0.813964844 -0.555175781
vn -0.347412109 -0.756347656 -0.554199219
vn -0.371826172 -0.745117188 -0.553222656
vn -0.560058594 -0.622558594 -0.546386719
vn -0.569824219 -0.614257812 -0.545898438
vn -0.719726562 -0.435302734 -0.540527344
vn -0.72265625 -0.431152344 -0.540527344
vn -0.818847656 -0.216796875 -0.531738281
vn -0.815917969 -0.226196289 -0.532226562
vn -0.834960938 -0.160400391 -0.526367188
vn -0.8359375 -0.157104492 -0.525878906
vn -0.788574219 -0.307617188 -0.532226562
vn -0.783203125 -0.320800781 -0.532226562
vn -0.666503906 -0.532714844 -0.521484375
vn -0.63671875 -0.572753906 -0.516113281
vn -0.490966797 -0.720214844 -0.489990234
vn -0.446533203 -0.753417969 -0.482421875
vn -0.323486328 -0.826171875 -0.4609375
vn -0.270751953 -0.850097656 -0.451904297
vn -0.184204102 -0.879882812 -0.438476562
vn -0.15234375 -0.887207031 -0.435546875
vn -0.0848388672 -0.90625 -0.4140625
vn -0.0372314453 -0.919921875 -0.390136719
vn 0.00038933754 -0.928710938 -0.370361328
vn 0.00038933754 -0.928710938 -0.370361328
vn 0.0848388672 -0.90625 -0.4140625
vn 0.0372314453 -0.919921875 -0.390136719
vn 0.15234375 -0.887207031 -0.435546875
vn 0.184204102 -0.879882812 -0.438476562
vn 0.270751953 -0.850097656 -0.451904297
vn 0.323486328 -0.826171875 -0.4609375
vn 0.446533203 -0.753417969 -0.482421875
vn 0.490966797 -0.720214844 -0.489990234
vn 0.63671875 -0.572753906 -0.516113281
vn 0.666503906 -0.532714844 -0.521484375
vn 0.783203125 -0.320800781 -0.532226562
vn 0.788574219 -0.307617188 -0.532226562
vn 0.8359375 -0.157104492 -0.525878906
vn 0.834960938 -0.160400391 -0.526367188
vn 0.815917969 -0.226196289 -0.532226562
vn 0.818847656 -0.216796875 -0.531738281
vn 0.72265625 -0.431152344 -0.540527344
vn 0.719726562 -0.435302734 -0.540527344
vn 0.569824219 -0.614257812 -0.545898438
vn 0.560058594 -0.622558594 -0.546386719
vn 0.371826172 -0.745117188 -0.553222656
vn 0.347412109 -0.756347656 -0.554199219
vn 0.171020508 -0.813964844 -0.555175781
vn 0.143920898 -0.818847656 -0.555664062
vn 0.0417175293 -0.83203125 -0.553222656
vn 0.0291442871 -0.833007812 -0.552246094
vn 0.000171661377 -0.834960938 -0.550292969
vn 0.000250577927 -0.834960938 -0.550292969
vn -0.0520935059 -0.821777344 -0.567382812
vn -0.0755004883 -0.814941406 -0.574707031
vn -0.226196289 -0.75390625 -0.6171875
vn -0.200683594 -0.766113281 -0.610839844
vn -0.384277344 -0.6640625 -0.641601562
vn -0.372070312 -0.671875 -0.640625
vn -0.53515625 -0.538085938 -0.650878906
vn -0.528808594 -0.544921875 -0.650878906
vn -0.653808594 -0.384033203 -0.651855469
vn -0.652832031 -0.385986328 -0.651855469
vn -0.734863281 -0.233520508 -0.637207031
vn -0.732910156 -0.236816406 -0.637695312
vn -0.786621094 -0.082824707 -0.611816406
vn -0.786132812 -0.0834960938 -0.612304688
vn -0.801269531 0.00183486938 -0.598144531
vn -0.80078125 0.00282096863 -0.599121094
vn -0.793457031 0.0361022949 -0.607421875
vn -0.790039062 0.0521850586 -0.610839844
vn -0.784667969 0.088684082 -0.613769531
vn -0.784179688 0.0871582031 -0.614746094
vn -0.751464844 0.201782227 -0.627929688
vn -0.759277344 0.179931641 -0.625
vn -0.679199219 0.370361328 -0.633789062
vn -0.683105469 0.362792969 -0.634277344
vn -0.569335938 0.541015625 -0.619140625
vn -0.562011719 0.550292969 -0.617675781
vn -0.429931641 0.688476562 -0.583984375
vn -0.415039062 0.701660156 -0.579101562
vn -0.265136719 0.807128906 -0.527832031
vn -0.221069336 0.830566406 -0.510742188
vn -0.0728149414 0.888183594 -0.453613281
vn -0.0471496582 0.894042969 -0.445068359
vn 0.000354766846 0.903320312 -0.428710938
vn 0.000354766846 0.903320312 -0.428710938
vn 0.000290393829 -0.0304718018 -0.999511719
vn -0.00388145447 -0.0286102295 -0.999511719
vn 0.000290393829 -0.0304718018 -0.999511719
vn -0.00201797485 -0.0294494629 -0.999511719
vn -0.00810241699 -0.022644043 -0.999511719
vn -0.00741195679 -0.0243682861 -0.999511719
vn -0.0107650757 -0.0166473389 -1
vn -0.0105209351 -0.0171508789 -1
vn -0.0129547119 -0.0123901367 -1
vn -0.0129928589 -0.0123214722 -1
vn -0.0152053833 -0.00897979736 -1
vn -0.0155639648 -0.00853729248 -1
vn -0.0178527832 -0.00696563721 -1
vn -0.0185852051 -0.00689697266 -1
vn -0.0214233398 -0.00528335571 -1
vn -0.0229492188 -0.0039024353 -0.999511719
vn -0.0251312256 -0.00195503235 -0.999511719
vn -0.0255889893 -0.00154781342 -0.999511719
vn -0.026260376 -0.000688076019 -0.999511719
vn -0.0264434814 -0.000275611877 -0.999511719
vn -0.024597168 0.00218391418 -0.999511719
vn -0.0246887207 0.00209236145 -0.999511719
vn -0.0211639404 0.006275177 -1
vn -0.0210571289 0.00643539429 -1
vn -0.0181274414 0.0107421875 -1
vn -0.018157959 0.0107116699 -1
vn -0.015296936 0.0149230957 -1
vn -0.0150680542 0.0152587891 -1
vn -0.0122299194 0.0189361572 -0.999511719
vn -0.0115585327 0.0196990967 -0.999511719
vn -0.00856018066 0.0229492188 -0.999511719
vn -0.00756072998 0.0239715576 -0.999511719
vn -0.00402069092 0.0280914307 -0.999511719
vn -0.0021686554 0.0304718018 -0.999511719
vn 0.000210881233 0.0334472656 -0.999511719
vn 6.77704811E-05 0.0332946777 -0.999511719
vn 0.00448226929 0.03074646 -0.999511719
vn 0.00267982483 0.0320739746 -0.999511719
vn 0.0101089478 0.0272979736 -0.999511719
vn 0.00856781006 0.0281219482 -0.999511719
vn 0.0151138306 0.0243835449 -0.999511719
vn 0.0142288208 0.0249328613 -0.999511719
vn 0.020614624 0.0199127197 -0.999511719
vn 0.0201416016 0.0203704834 -0.999511719
vn 0.0260772705 0.0148086548 -0.999511719
vn 0.0260772705 0.0148162842 -0.999511719
vn 0.0190734863 0.0169830322 -0.999511719
vn 0.0166931152 0.0181274414 -0.999511719
vn 0.0046043396 0.0183868408 -1
vn 0.00286102295 0.0148239136 -1
vn 0.00430297852 0.00722885132 -1
vn 0.00644302368 0.00551986694 -1
vn 0.00677871704 0.00692749023 -1
vn 0.00693893433 0.00672912598 -1
vn 0.0272674561 0.00979614258 -0.999511719
vn 0.0191192627 0.0105667114 -1
vn 0.020401001 0.0388793945 -0.999023438
vn 0.0312194824 0.0255737305 -0.999023438
vn 0.00048661232 0.0590515137 -0.998046875
vn 0.00337982178 0.0576171875 -0.998535156
vn -0.000723361969 0.0609436035 -0.998046875
vn -0.00173854828 0.0606384277 -0.998046875
vn -0.000123739243 0.061126709 -0.998046875
vn -0.000123739243 0.061126709 -0.998046875
vn 0.00173854828 0.0606384277 -0.998046875
vn 0.000723361969 0.0609436035 -0.998046875
vn -0.00337982178 0.0576171875 -0.998535156
vn -0.00048661232 0.0590515137 -0.998046875
vn -0.0312194824 0.0255737305 -0.999023438
vn -0.020401001 0.0388793945 -0.999023438
vn -0.0191192627 0.0105667114 -1
vn -0.0272674561 0.00979614258 -0.999511719
vn -0.00693893433 0.00672912598 -1
vn -0.00677871704 0.00692749023 -1
vn -0.00644302368 0.00551986694 -1
vn -0.00430297852 0.00722885132 -1
vn -0.00286102295 0.0148239136 -1
vn -0.0046043396 0.0183868408 -1
vn -0.0166931152 0.0181274414 -0.999511719
vn -0.0190734863 0.0169830322 -0.999511719
vn -0.0260772705 0.0148162842 -0.999511719
vn -0.0260772705 0.0148086548 -0.999511719
vn -0.0201416016 0.0203704834 -0.999511719
vn -0.020614624 0.0199127197 -0.999511719
vn -0.0142288208 0.0249328613 -0.999511719
vn -0.0151138306 0.0243835449 -0.999511719
vn -0.00856781006 0.0281219482 -0.999511719
vn -0.0101089478 0.0272979736 -0.999511719
vn -0.00267982483 0.0320739746 -0.999511719
vn -0.00448226929 0.03074646 -0.999511719
vn -6.77704811E-05 0.0332946777 -0.999511719
vn -0.000210881233 0.0334472656 -0.999511719
vn 0.0021686554 0.0304718018 -0.999511719
vn 0.00402069092 0.0280914307 -0.999511719
vn 0.00756072998 0.0239715576 -0.999511719
vn 0.00856018066 0.0229492188 -0.999511719
vn 0.0115585327 0.0196990967 -0.999511719
vn 0.0122299194 0.0189361572 -0.999511719
vn 0.0150680542 0.0152587891 -1
vn 0.015296936 0.0149230957 -1
vn 0.018157959 0.0107116699 -1
vn 0.0181274414 0.0107421875 -1
vn 0.0210571289 0.00643539429 -1
vn 0.0211639404 0.006275177 -1
vn 0.0246887207 0.00209236145 -0.999511719
vn 0.024597168 0.00218391418 -0.999511719
vn 0.0264434814 -0.000275611877 -0.999511719
vn 0.026260376 -0.000688076019 -0.999511719
vn 0.0255889893 -0.00154781342 -0.999511719
vn 0.0251312256 -0.00195503235 -0.999511719
vn 0.0229492188 -0.0039024353 -0.999511719
vn 0.0214233398 -0.00528335571 -1
vn 0.0185852051 -0.00689697266 -1
vn 0.0178527832 -0.00696563721 -1
vn 0.0155639648 -0.00853729248 -1
vn 0.0152053833 -0.00897979736 -1
vn 0.0129928589 -0.0123214722 -1
vn 0.0129547119 -0.0123901367 -1
vn 0.0105209351 -0.0171508789 -1
vn 0.0107650757 -0.0166473389 -1
vn 0.00741195679 -0.0243682861 -0.999511719
vn 0.00810241699 -0.022644043 -0.999511719
vn 0.00201797485 -0.0294494629 -0.999511719
vn 0.00388145447 -0.0286102295 -0.999511719
vn -0.000290393829 -0.0304718018 -0.999511719
vn -0.000290393829 -0.0304718018 -0.999511719
vn 1 -0.00677871704 0.0076751709
vn 0.999023438 0.0487670898 0.00688552856
vn 1 -0.00677871704 0.0076751709
vn 0.998535156 0.0499572754 0.00686645508
vn 0.994628906 0.10546875 0.00605010986
vn 0.994628906 0.10546875 0.00605010986
vn -0.000107884407 -1 0.0196990967
vn -0.000107884407 -1 0.0196990967
vn -0.000107884407 -1 0.0196990967
vn -0.000107884407 -1 0.0196990967
vn -0.0692749023 -0.880371094 0.469238281
vn -0 -0.894042969 0.447753906
vn -0 -0.894042969 0.447753906
vn -0.0457763672 -0.885742188 0.462402344
vn -0.217041016 -0.823730469 0.523925781
vn -0.260009766 -0.80078125 0.539550781
vn -0.410644531 -0.695800781 0.588867188
vn -0.425048828 -0.683105469 0.59375
vn -0.556640625 -0.545898438 0.625976562
vn -0.563964844 -0.536621094 0.627441406
vn -0.677246094 -0.359863281 0.641601562
vn -0.673828125 -0.3671875 0.641601562
vn -0.754394531 -0.175170898 0.632324219
vn -0.74609375 -0.19909668 0.635742188
vn -0.778320312 -0.0889282227 0.621582031
vn -0.779296875 -0.089050293 0.620605469
vn -0.7890625 -0.0358276367 0.61328125
vn -0.78515625 -0.0530700684 0.616699219
vn -0.796386719 0 0.604980469
vn -0.796386719 0 0.604980469
vn -0.780273438 0.0816040039 0.620117188
vn -0.780273438 0.0818481445 0.620117188
vn -0.727539062 0.233642578 0.645019531
vn -0.728515625 0.230957031 0.64453125
vn -0.647460938 0.382324219 0.659179688
vn -0.648925781 0.380615234 0.659179688
vn -0.524414062 0.540527344 0.658203125
vn -0.530761719 0.534179688 0.658203125
vn -0.368652344 0.666503906 0.647949219
vn -0.380615234 0.658691406 0.648925781
vn -0.197875977 0.759765625 0.619140625
vn -0.22277832 0.748046875 0.625
vn -0.0509643555 0.814941406 0.577148438
vn -0.0731201172 0.80859375 0.583984375
vn -0 0.828613281 0.560058594
vn -0 0.828613281 0.560058594
vn 0.0405883789 0.825683594 0.562988281
vn 0.0282592773 0.826660156 0.562011719
vn 0.141723633 0.812011719 0.56640625
vn 0.168457031 0.807128906 0.565917969
vn 0.344726562 0.749511719 0.565429688
vn 0.367675781 0.738769531 0.564941406
vn 0.555664062 0.616699219 0.558105469
vn 0.564453125 0.608886719 0.557617188
vn 0.713867188 0.430664062 0.552246094
vn 0.716308594 0.426757812 0.552246094
vn 0.8125 0.211914062 0.54296875
vn 0.809570312 0.221679688 0.543457031
vn 0.830078125 0.154418945 0.536132812
vn 0.830566406 0.150878906 0.535644531
vn 0.783691406 0.305908203 0.541015625
vn 0.778320312 0.318847656 0.540527344
vn 0.661132812 0.53125 0.529785156
vn 0.633789062 0.567382812 0.525878906
vn 0.488525391 0.714355469 0.500976562
vn 0.446044922 0.746582031 0.493896484
vn 0.318847656 0.821777344 0.472412109
vn 0.267822266 0.844238281 0.464111328
vn 0.181884766 0.873046875 0.452392578
vn 0.153808594 0.879394531 0.450927734
vn 0.0858764648 0.8984375 0.430664062
vn 0.0397338867 0.912109375 0.408203125
vn -0 0.921386719 0.388183594
vn -0 0.921386719 0.388183594
vn -0.0858764648 0.8984375 0.430664062
vn -0.0397338867 0.912109375 0.408203125
vn -0.153808594 0.879394531 0.450927734
vn -0.181884766 0.873046875 0.452392578
vn -0.267822266 0.844238281 0.464111328
vn -0.318847656 0.821777344 0.472412109
vn -0.446044922 0.746582031 0.493896484
vn -0.488525391 0.714355469 0.500976562
vn -0.633789062 0.567382812 0.525878906
vn -0.661132812 0.53125 0.529785156
vn -0.778320312 0.318847656 0.540527344
vn -0.783691406 0.305908203 0.541015625
vn -0.830566406 0.150878906 0.535644531
vn -0.830078125 0.154418945 0.536132812
vn -0.809570312 0.221679688 0.543457031
vn -0.8125 0.211914062 0.54296875
vn -0.716308594 0.426757812 0.552246094
vn -0.713867188 0.430664062 0.552246094
vn -0.564453125 0.608886719 0.557617188
vn -0.555664062 0.616699219 0.558105469
vn -0.367675781 0.738769531 0.564941406
vn -0.344726562 0.749511719 0.565429688
vn -0.168457031 0.807128906 0.565917969
vn -0.141723633 0.812011719 0.56640625
vn -0.0405883789 0.825683594 0.562988281
vn -0.0282592773 0.826660156 0.562011719
vn -0 0.828613281 0.560058594
vn -0 0.828613281 0.560058594
vn 0.0509643555 0.814941406 0.577148438
vn 0.0731201172 0.80859375 0.583984375
vn 0.22277832 0.748046875 0.625
vn 0.197875977 0.759765625 0.619140625
vn 0.380615234 0.658691406 0.648925781
vn 0.368652344 0.666503906 0.647949219
vn 0.530761719 0.534179688 0.658203125
vn 0.524414062 0.540527344 0.658203125
vn 0.648925781 0.380615234 0.659179688
vn 0.647460938 0.382324219 0.659179688
vn 0.728515625 0.230957031 0.64453125
vn 0.727539062 0.233642578 0.645019531
vn 0.780273438 0.0816040039 0.620117188
vn 0.780273438 0.0818481445 0.620117188
vn 0.796386719 0 0.604980469
vn 0.796386719 0 0.604980469
vn 0.7890625 -0.0358276367 0.61328125
vn 0.78515625 -0.0530700684 0.616699219
vn 0.779296875 -0.089050293 0.620605469
vn 0.778320312 -0.0889282227 0.621582031
vn 0.74609375 -0.19909668 0.635742188
vn 0.754394531 -0.175170898 0.632324219
vn 0.673828125 -0.3671875 0.641601562
vn 0.677246094 -0.359863281 0.641601562
vn 0.563964844 -0.536621094 0.627441406
vn 0.556640625 -0.545898438 0.625976562
vn 0.425048828 -0.683105469 0.59375
vn 0.410644531 -0.695800781 0.588867188
vn 0.260009766 -0.80078125 0.539550781
vn 0.217041016 -0.823730469 0.523925781
vn 0.0692749023 -0.880371094 0.469238281
vn 0.0457763672 -0.885742188 0.462402344
vn -0 -0.894042969 0.447753906
vn -0 -0.894042969 0.447753906
vn -0 0 1
vn -0 0 1
vn -0 0 1
vn -0 0 1
vn -0 0 1
vn -0 0 1
vn -0 0 1
vn -0 0 1
vn -1.1920929E-07 0 1
vn -1.1920929E-07 0 1
vn -0 0 1
vn -0 0 1
vn -0 0 1
vn -0 0 1
vn -0 0 1
vn -0 0 1
vn -0 0 1
vn -0 0 1
vn -0 0 1
vn -0 0 1
vn -0 0 1
vn -0 0 1
vn -0 0 1
vn -0 0 1
vn -0 0 1
vn -0 0 1
vn -0 0 1
vn -0 0 1
vn -0 0 1
vn -0 0 1
vn -0 0 1
vn -0 0 1
vn -0 0 1
vn -0 0 1
vn -0 0 1
vn -0 0 1
vn -0 0 1
vn -0 0 1
vn -0 0 1
vn -0 0 1
vn -0 0 1
vn -0 0 1
vn -0 0 1
vn -0 0 1
vn -0 0 1
vn -0 0 1
vn 0.0114898682 -0.00624847412 1
vn 0.0140457153 -0.00763702393 1
vn 0.0283966064 -0.00652694702 0.999511719
vn 0.0302886963 -0.00130367279 0.999511719
vn 0.0305023193 0.010559082 0.999511719
vn 0.0292053223 0.0127182007 0.999511719
vn 0.0230102539 0.0224914551 0.999511719
vn 0.0231323242 0.0223083496 0.999511719
vn -0.0100097656 0.0367736816 0.999511719
vn -0.00106239319 0.0341186523 0.999511719
vn -0.0116653442 0.0158691406 1
vn -0.019821167 0.0269622803 0.999511719
vn -0 0 1
vn -0 0 1
vn -0 0 1
vn -0 0 1
vn -0 0 1
vn -0 0 1
vn -0 0 1
vn -0 0 1
vn -0 0 1
vn -0 0 1
vn 0.019821167 0.0269622803 0.999511719
vn 0.0116653442 0.0158691406 1
vn 0.00106239319 0.0341186523 0.999511719
vn 0.0100097656 0.0367736816 0.999511719
vn -0.0231323242 0.0223083496 0.999511719
vn -0.0230102539 0.0224914551 0.999511719
vn -0.0292053223 0.0127182007 0.999511719
vn -0.0305023193 0.010559082 0.999511719
vn -0.0302886963 -0.00130367279 0.999511719
vn -0.0283966064 -0.00652694702 0.999511719
vn -0.0140457153 -0.00763702393 1
vn -0.0114898682 -0.00624847412 1
vn -0 0 1
vn -0 0 1
vn -0 0 1
vn -0 0 1
vn -0 0 1
vn -0 0 1
vn -0 0 1
vn -0 0 1
vn -0 0 1
vn -0 0 1
vn -0 0 1
vn -0 0 1
vn -0 0 1
vn -0 0 1
vn -0 0 1
vn -0 0 1
vn -0 0 1
vn -0 0 1
vn -0 0 1
vn -0 0 1
vn -0 0 1
vn -0 0 1
vn -0 0 1
vn -0 0 1
vn -0 0 1
vn -0 0 1
vn -0 0 1
vn -0 0 1
vn -0 0 1
vn -0 0 1
vn -0 0 1
vn -0 0 1
vn -0 0 1
vn -0 0 1
vn -0 0 1
vn 1.1920929E-07 0 1
vn 1.1920929E-07 0 1
vn 1.1920929E-07 0 1
vn -0 0 1
vn -0 0 1
vn -0 0 1
vn -0 0 1
vn -0 0 1
vn -0 0 1
vn -0 0 1
vn -0 0 1
vn -1 0 0.00776672363
vn -1 0 0.00776672363
vn -0.999023438 -0.0476379395 0.00862121582
vn -0.998535156 -0.0487365723 0.008644104
vn -0.995117188 -0.0962524414 0.00947570801
vn -0.995117188 -0.0962524414 0.00947570801
vn -0 1 -1.01327896E-06
vn -0 1 -1.01327896E-06
vn -0 1 -1.01327896E-06
vn -0 1 -1.01327896E-06
vn -0.969238281 -0.175048828 -0.172485352
vn -0.958984375 -0.258056641 -0.118835449
vn -0.969238281 -0.175048828 -0.172485352
vn -0.9609375 -0.246704102 -0.126342773
vn -0.943359375 -0.323974609 -0.0741577148
vn -0.943359375 -0.323974609 -0.0741577148
vn -0.575195312 0.0958862305 -0.8125
vn -0.538085938 0.00284194946 -0.842773438
vn -0.538085938 0.00284194946 -0.842773438
vn -0.576660156 0.100280762 -0.811035156
vn -0.601074219 0.232788086 -0.764648438
vn -0.600585938 0.234985352 -0.764160156
vn -0.561035156 0.340087891 -0.754882812
vn -0.560546875 0.340576172 -0.754882812
vn -0.455078125 0.471191406 -0.755371094
vn -0.454833984 0.471435547 -0.755371094
vn -0.314697266 0.562011719 -0.764648438
vn -0.314697266 0.562011719 -0.764648438
vn -0.178833008 0.58984375 -0.787597656
vn -0.181030273 0.58984375 -0.787109375
vn -0.0567932129 0.546386719 -0.835449219
vn -0.0583496094 0.547851562 -0.834472656
vn -0.0026512146 0.501464844 -0.865234375
vn -0.0026512146 0.501464844 -0.865234375
vn -0.035736084 -0.472900391 -0.880371094
vn -0.000155687332 -0.455322266 -0.890136719
vn -0.000155687332 -0.455322266 -0.890136719
vn -0.0362854004 -0.473144531 -0.880371094
vn -0.171508789 -0.493164062 -0.853027344
vn -0.177856445 -0.493164062 -0.8515625
vn -0.321289062 -0.490478516 -0.810058594
vn -0.322753906 -0.490234375 -0.809570312
vn -0.455566406 -0.418457031 -0.785644531
vn -0.457763672 -0.416503906 -0.785644531
vn -0.5703125 -0.285888672 -0.770019531
vn -0.570800781 -0.284667969 -0.770019531
vn -0.571289062 -0.165527344 -0.803710938
vn -0.571289062 -0.165527344 -0.803710938
vn -0.541015625 -0.101318359 -0.834960938
vn -0.541015625 -0.101318359 -0.834960938
vn -1 0 0
vn -1 0 0
vn -1 0 0
vn -1 0 0
vn -1 0 0
vn -1 0 0
vn 0.0752563477 0.530273438 -0.844726562
vn 0.039642334 0.495849609 -0.867675781
vn 0.039642334 0.495849609 -0.867675781
vn 0.0729980469 0.528320312 -0.846191406
vn 0.201904297 0.525878906 -0.826171875
vn 0.19543457 0.528320312 -0.826171875
vn 0.354492188 0.431396484 -0.829589844
vn 0.351318359 0.434326172 -0.829589844
vn 0.465332031 0.293701172 -0.834960938
vn 0.464355469 0.295166016 -0.834960938
vn 0.523925781 0.142333984 -0.83984375
vn 0.523925781 0.142822266 -0.83984375
vn 0.53125 0.0981445312 -0.841308594
vn 0.53125 0.0981445312 -0.841308594
vn 0.520507812 0.152709961 -0.83984375
vn 0.520019531 0.155517578 -0.83984375
vn 0.458007812 0.26171875 -0.849609375
vn 0.447265625 0.275390625 -0.851074219
vn 0.345703125 0.37109375 -0.861816406
vn 0.337890625 0.375 -0.86328125
vn 0.240478516 0.412841797 -0.878417969
vn 0.229492188 0.416015625 -0.879882812
vn 0.135742188 0.432617188 -0.891113281
vn 0.131103516 0.432617188 -0.892089844
vn 0.0467529297 0.422119141 -0.905273438
vn 0.0456848145 0.421875 -0.905273438
vn -0.0018863678 0.410400391 -0.912109375
vn -0.0018863678 0.410400391 -0.912109375
vn -0.0456848145 0.421875 -0.905273438
vn -0.0467529297 0.422119141 -0.905273438
vn -0.131103516 0.432617188 -0.892089844
vn -0.135742188 0.432617188 -0.891113281
vn -0.229492188 0.416015625 -0.879882812
vn -0.240478516 0.412841797 -0.878417969
vn -0.337890625 0.375 -0.86328125
vn -0.345703125 0.37109375 -0.861816406
vn -0.447265625 0.275390625 -0.851074219
vn -0.458007812 0.26171875 -0.849609375
vn -0.520019531 0.155517578 -0.83984375
vn -0.520507812 0.152709961 -0.83984375
vn -0.53125 0.0981445312 -0.841308594
vn -0.53125 0.0981445312 -0.841308594
vn -0.523925781 0.142822266 -0.83984375
vn -0.523925781 0.142333984 -0.83984375
vn -0.464355469 0.295166016 -0.834960938
vn -0.465332031 0.293701172 -0.834960938
vn -0.351318359 0.434326172 -0.829589844
vn -0.354492188 0.431396484 -0.829589844
vn -0.19543457 0.528320312 -0.826171875
vn -0.201904297 0.525878906 -0.826171875
vn -0.0729980469 0.528320312 -0.846191406
vn -0.0752563477 0.530273438 -0.844726562
vn -0.039642334 0.495849609 -0.867675781
vn -0.039642334 0.495849609 -0.867675781
vn -0 1 0
vn 0.0654296875 0.998046875 0
vn -0 1 0
vn 0.0654296875 0.998046875 0
vn 0.258789062 0.965820312 0
vn 0.258789062 0.965820312 0
vn 0.5 0.866210938 0
vn 0.5 0.866210938 0
vn 0.70703125 0.70703125 0
vn 0.70703125 0.70703125 0
vn 0.866210938 0.5 0
vn 0.866210938 0.5 0
vn 0.965820312 0.258789062 0
vn 0.965820312 0.258789062 0
vn 0.991210938 0.130493164 0
vn 0.991210938 0.130493164 0
vn 0.998046875 0.0654296875 0
vn 0.998046875 0.0654296875 0
vn 1 0 0
vn 1 0 0
vn 0.998046875 -0.0654296875 0
vn 0.998046875 -0.0654296875 0
vn 0.963867188 -0.266357422 0
vn 0.963867188 -0.266357422 0
vn 0.861816406 -0.507324219 0
vn 0.861816406 -0.507324219 0
vn 0.707519531 -0.70703125 0
vn 0.707519531 -0.70703125 0
vn 0.526367188 -0.850097656 0
vn 0.526367188 -0.850097656 0
vn 0.322265625 -0.946777344 0
vn 0.322265625 -0.946777344 0
vn 0.101867676 -0.994628906 0
vn 0.101867676 -0.994628906 0
vn -0 -1 0
vn -0 -1 0
vn -0.119689941 -0.992675781 0
vn -0.119689941 -0.992675781 0
vn -0.345703125 -0.938476562 0
vn -0.345703125 -0.938476562 0
vn -0.53125 -0.847167969 0
vn -0.53125 -0.847167969 0
vn -0.724121094 -0.689453125 0
vn -0.724121094 -0.689453125 0
vn -0.8828125 -0.469482422 0.00212097168
vn -0.8828125 -0.469482422 0.00212097168
vn -0.96484375 -0.262939453 0.0115432739
vn -0.964355469 -0.264160156 0.0114517212
vn -0.988769531 -0.146728516 0.0240936279
vn -0.988769531 -0.146850586 0.0240325928
vn -0.9609375 -0.275634766 0.0306396484
vn -0.9609375 -0.275390625 0.0306396484
vn -0.787109375 -0.615722656 0.0300750732
vn -0.788085938 -0.615234375 0.030090332
vn -0.41015625 -0.911621094 0.0265655518
vn -0.402587891 -0.915039062 0.0265197754
vn -0.0880737305 -0.99609375 0.0162658691
vn -0.0843505859 -0.99609375 0.0158843994
vn -0.00237083435 -1 0.00395584106
vn -0.00237083435 -1 0.00395584106
vn -0 -1 0
vn -0 -1 0
vn -0 -1 0
vn -0 -1 0
vn -0 -1 0
vn -0 -1 0
vn 0.00237083435 -1 0.00395584106
vn 0.00237083435 -1 0.00395584106
vn 0.0843505859 -0.99609375 0.0158843994
vn 0.0880737305 -0.99609375 0.0162658691
vn 0.402587891 -0.915039062 0.0265197754
vn 0.41015625 -0.911621094 0.0265655518
vn 0.788085938 -0.615234375 0.030090332
vn 0.787109375 -0.615722656 0.0300750732
vn 0.9609375 -0.275390625 0.0306396484
vn 0.9609375 -0.275634766 0.0306396484
vn 0.988769531 -0.146850586 0.0240325928
vn 0.988769531 -0.146728516 0.0240936279
vn 0.964355469 -0.264160156 0.0114517212
vn 0.96484375 -0.262939453 0.0115432739
vn 0.8828125 -0.469482422 0.00212097168
vn 0.8828125 -0.469482422 0.00212097168
vn 0.724121094 -0.689453125 0
vn 0.724121094 -0.689453125 0
vn 0.53125 -0.847167969 0
vn 0.53125 -0.847167969 0
vn 0.345703125 -0.938476562 0
vn 0.345703125 -0.938476562 0
vn 0.119689941 -0.992675781 0
vn 0.119689941 -0.992675781 0
vn -0 -1 0
vn -0 -1 0
vn -0.101867676 -0.994628906 0
vn -0.101867676 -0.994628906 0
vn -0.322265625 -0.946777344 0
vn -0.322265625 -0.946777344 0
vn -0.526367188 -0.850097656 0
vn -0.526367188 -0.850097656 0
vn -0.707519531 -0.70703125 0
vn -0.707519531 -0.70703125 0
vn -0.861816406 -0.507324219 0
vn -0.861816406 -0.507324219 0
vn -0.963867188 -0.266357422 0
vn -0.963867188 -0.266357422 0
vn -0.998046875 -0.0654296875 0
vn -0.998046875 -0.0654296875 0
vn -1 0 0
vn -1 0 0
vn -0.998046875 0.0654296875 0
vn -0.998046875 0.0654296875 0
vn -0.991210938 0.130493164 0
vn -0.991210938 0.130493164 0
vn -0.965820312 0.258789062 0
vn -0.965820312 0.258789062 0
vn -0.866210938 0.5 0
vn -0.866210938 0.5 0
vn -0.70703125 0.70703125 0
vn -0.70703125 0.70703125 0
vn -0.5 0.866210938 0
vn -0.5 0.866210938 0
vn -0.258789062 0.965820312 0
vn -0.258789062 0.965820312 0
vn -0.0654296875 0.998046875 0
vn -0.0654296875 0.998046875 0
vn -0 1 0
vn -0 1 0
vn -0.00859832764 -0.000604152679 -1
vn -0.00900268555 -0.00105476379 -1
vn -0.00900268555 -0.00105476379 -1
vn -0.00859832764 -0.000604629517 -1
vn -0.00819396973 -0.000154018402 -1
vn -0.00819396973 -0.000154018402 -1
vn -0 7.15255737E-07 -1
vn -0 7.15255737E-07 -1
vn -0 7.15255737E-07 -1
vn -0 7.15255737E-07 -1
vn -0.0670166016 -0.958496094 -0.277832031
vn -0.0670166016 -0.958496094 -0.277832031
vn -0.0670166016 -0.958496094 -0.277832031
vn -0.0670166016 -0.958496094 -0.277832031
vn -0.91796875 0.0957641602 -0.385253906
vn -0.91796875 0.0957641602 -0.385253906
vn -0.91796875 0.0957641602 -0.385253906
vn -0.91796875 0.0957641602 -0.385253906
vn 0.919433594 0.0847167969 -0.383789062
vn 0.919433594 0.0847167969 -0.383789062
vn 0.919433594 0.0847167969 -0.383789062
vn 0.919433594 0.0847167969 -0.383789062
vn -0.162841797 0.951171875 -0.262207031
vn -0.162841797 0.951171875 -0.262207031
vn -0.162841797 0.951171875 -0.262207031
vn -0.162841797 0.951171875 -0.262207031
vn -1 -0.00677871704 0.0076751709
vn -1 -0.00677871704 0.0076751709
vn -0.999023438 0.0487670898 0.00688552856
vn -0.998535156 0.0499572754 0.00686645508
vn -0.994628906 0.10546875 0.00605010986
vn -0.994628906 0.10546875 0.00605010986
vn 0.000107884407 -1 0.0196990967
vn 0.000107884407 -1 0.0196990967
vn 0.000107884407 -1 0.0196990967
vn 0.000107884407 -1 0.0196990967
vn 1 0 0.00776672363
vn 0.999023438 -0.0476379395 0.00862121582
vn 1 0 0.00776672363
vn 0.998535156 -0.0487365723 0.008644104
vn 0.995117188 -0.0962524414 0.00947570801
vn 0.995117188 -0.0962524414 0.00947570801
vn -0 1 -4.76837158E-07
vn -0 1 -4.76837158E-07
vn -0 1 -4.76837158E-07
vn -0 1 -4.76837158E-07
vn 0.969238281 -0.175048828 -0.172485352
vn 0.969238281 -0.175048828 -0.172485352
vn 0.958984375 -0.258056641 -0.118835449
vn 0.9609375 -0.246704102 -0.126342773
vn 0.943359375 -0.323974609 -0.0741577148
vn 0.943359375 -0.323974609 -0.0741577148
vn 0.575195312 0.0958862305 -0.8125
vn 0.538085938 0.00284194946 -0.842773438
vn 0.538085938 0.00284194946 -0.842773438
vn 0.576660156 0.100280762 -0.811035156
vn 0.601074219 0.232788086 -0.764648438
vn 0.600585938 0.234985352 -0.764160156
vn 0.561035156 0.340087891 -0.754882812
vn 0.560546875 0.340576172 -0.754882812
vn 0.455078125 0.471191406 -0.755371094
vn 0.454833984 0.471435547 -0.755371094
vn 0.314697266 0.562011719 -0.764648438
vn 0.314697266 0.562011719 -0.764648438
vn 0.178833008 0.58984375 -0.787597656
vn 0.181030273 0.58984375 -0.787109375
vn 0.0567932129 0.546386719 -0.835449219
vn 0.0583496094 0.547851562 -0.834472656
vn 0.0026512146 0.501464844 -0.865234375
vn 0.0026512146 0.501464844 -0.865234375
vn 0.035736084 -0.472900391 -0.880371094
vn 0.000155687332 -0.455322266 -0.890136719
vn 0.000155687332 -0.455322266 -0.890136719
vn 0.0362854004 -0.473144531 -0.880371094
vn 0.171508789 -0.493164062 -0.853027344
vn 0.177856445 -0.493164062 -0.8515625
vn 0.321289062 -0.490478516 -0.810058594
vn 0.322753906 -0.490234375 -0.809570312
vn 0.455566406 -0.418457031 -0.785644531
vn 0.457763672 -0.416503906 -0.785644531
vn 0.5703125 -0.285888672 -0.770019531
vn 0.570800781 -0.284667969 -0.770019531
vn 0.571289062 -0.165527344 -0.803710938
vn 0.571289062 -0.165527344 -0.803710938
vn 0.541015625 -0.101318359 -0.834960938
vn 0.541015625 -0.101318359 -0.834960938
vn 0.00859832764 -0.000604152679 -1
vn 0.00900268555 -0.00105476379 -1
vn 0.00900268555 -0.00105476379 -1
vn 0.00859832764 -0.000604629517 -1
vn 0.00819396973 -0.000154018402 -1
vn 0.00819396973 -0.000154018402 -1
vn -0 7.15255737E-07 -1
vn -0 7.15255737E-07 -1
vn -0 7.15255737E-07 -1
vn -0 7.15255737E-07 -1
vn 0.0670166016 -0.958496094 -0.277832031
vn 0.0670166016 -0.958496094 -0.277832031
vn 0.0670166016 -0.958496094 -0.277832031
vn 0.0670166016 -0.958496094 -0.277832031
vn 0.91796875 0.0957641602 -0.385253906
vn 0.91796875 0.0957641602 -0.385253906
vn 0.91796875 0.0957641602 -0.385253906
vn 0.91796875 0.0957641602 -0.385253906
vn -0.919433594 0.0847167969 -0.383789062
vn -0.919433594 0.0847167969 -0.383789062
vn -0.919433594 0.0847167969 -0.383789062
vn -0.919433594 0.0847167969 -0.383789062
vn 0.162841797 0.951171875 -0.262207031
vn 0.162841797 0.951171875 -0.262207031
vn 0.162841797 0.951171875 -0.262207031
vn 0.162841797 0.951171875 -0.262207031
vn -2.38418579E-07 1 0
vn 0.195068359 0.980957031 0
vn -2.38418579E-07 1 0
vn 0.195068359 0.980957031 0
vn 0.382568359 0.923828125 0
vn 0.382568359 0.923828125 0
vn 0.555664062 0.831542969 0
vn 0.555664062 0.831542969 0
vn 0.70703125 0.70703125 0
vn 0.70703125 0.70703125 0
vn 0.772949219 0.634277344 0
vn 0.772949219 0.634277344 0
vn -0.382568359 0.923828125 0
vn -0.382568359 0.923828125 0
vn -0.382568359 0.923828125 0
vn -0.382568359 0.923828125 0
vn 0.995117188 0.0980224609 0
vn 1 0 0
vn 0.995117188 0.0980224609 0
vn 1 0 0
vn 0.980957031 -0.195068359 0
vn 0.973632812 -0.227172852 0
vn 0.923828125 -0.382568359 0
vn 0.923828125 -0.382568359 0
vn 0.95703125 -0.290283203 0
vn 0.831542969 -0.555664062 0
vn 0.923828125 -0.382568359 0
vn 0.973632812 -0.227172852 0
vn 0.831542969 -0.555664062 0
vn 0.70703125 -0.70703125 0
vn 0.70703125 -0.70703125 0
vn 0.555664062 -0.831542969 0
vn 0.831542969 -0.555664062 0
vn 0.923828125 -0.382568359 0
vn 0.555664062 -0.831542969 0
vn 0.382568359 -0.923828125 0
vn 0.923828125 -0.382568359 0
vn 0.980957031 -0.195068359 0
vn 0.831542969 -0.555664062 0
vn 0.831542969 -0.555664062 0
vn 0.70703125 -0.70703125 0
vn 0.70703125 -0.70703125 0
vn 0.70703125 -0.70703125 0
vn 0.555664062 -0.831542969 0
vn 0.382568359 -0.923828125 0
vn 0.195068359 -0.980957031 0
vn 0.555664062 -0.831542969 0
vn 0.555664062 -0.831542969 0
vn 0.382568359 -0.923828125 0
vn 0.227172852 -0.973632812 0
vn -2.38418579E-07 -1 0
vn 0.382568359 -0.923828125 0
vn -2.38418579E-07 -1 0
vn -0.0980224609 -0.995117188 0
vn -0.0980224609 -0.995117188 0
vn 0.290283203 -0.95703125 0
vn 0.382568359 -0.923828125 0
vn 0.195068359 -0.980957031 0
vn 0.227172852 -0.973632812 0
vn -0 0 1
vn -0 0 1
vn -0 0 1
vn -0 0 1
vn -0 0 1
vn -0 0 1
vn -0 0 1
vn -0 0 1
vn -0 0 1
vn -0 0 1
vn -0 0 1
vn -0 0 1
vn -0 0 1
vn -0 0 1
vn -0 0 1
vn -0 0 1
vn -0 0 1
vn -0 0 1
vn -0 0 1
vn -0 0 1
vn -0 0 1
vn -0 0 1
vn -0 0 1
vn -0 0 1
vn -0 0 1
vn -0 0 1
vn -0 0 1
vn -0 0 1
vn 0.0465087891 0.0695800781 -0.996582031
vn 2.38418579E-07 0 -1
vn -1.78813934E-07 0 -1
vn 0.0225219727 0.0543823242 -0.998046875
vn -5.96046448E-07 0 -1
vn 0.0163269043 0.0820922852 -0.996582031
vn 0.0479431152 0.115783691 -0.9921875
vn 0.0696411133 0.104187012 -0.9921875
vn 0.0244445801 0.12286377 -0.9921875
vn 0.0886230469 0.0886230469 -0.9921875
vn -0 0.125244141 -0.9921875
vn 0.0886230469 0.0886230469 -0.9921875
vn -0 0.125244141 -0.9921875
vn -0.012336731 0.125244141 -0.9921875
vn -0.012336731 0.125244141 -0.9921875
vn 0.104187012 0.0696411133 -0.9921875
vn 0.104187012 0.0696411133 -0.9921875
vn 0.115783691 0.0479431152 -0.9921875
vn 0.115783691 0.0479431152 -0.9921875
vn 0.12286377 0.0244445801 -0.9921875
vn 0.12286377 0.0244445801 -0.9921875
vn 0.125244141 0 -0.9921875
vn 0.125244141 0 -0.9921875
vn 0.12286377 -0.0244445801 -0.9921875
vn 0.12286377 -0.0244445801 -0.9921875
vn 0.120483398 -0.0365600586 -0.9921875
vn 0.120483398 -0.0365600586 -0.9921875
vn -0.634277344 -0.772949219 0
vn -0.70703125 -0.70703125 0
vn -0.634277344 -0.772949219 0
vn -0.70703125 -0.70703125 0
vn -0.831542969 -0.555664062 0
vn -0.831542969 -0.555664062 0
vn -0.923828125 -0.382568359 0
vn -0.923828125 -0.382568359 0
vn -0.980957031 -0.195068359 0
vn -0.980957031 -0.195068359 0
vn -1 0 0
vn -1 0 0
vn -0.980957031 0.195068359 0
vn -0.980957031 0.195068359 0
vn -0.95703125 0.290283203 0
vn -0.95703125 0.290283203 0
vn -0 0 -1
vn -0 0 -1
vn -0 0 -1
vn -0 0 -1
vn 2.38418579E-07 0 -1
vn 1.1920929E-07 0 -1
vn -1.1920929E-07 0 -1
vn -0 0 -1
vn 3.57627869E-07 0 -1
vn 1.78813934E-07 0 -1
vn 4.76837158E-07 0 -1
vn 4.76837158E-07 0 -1
vn 4.17232513E-07 0 -1
vn 4.17232513E-07 0 -1
vn 1.1920929E-07 0 -1
vn 2.38418579E-07 0 -1
vn -0 0 1
vn -0 0 1
vn -0 0 1
vn -0 0 1
vn -0 0 1
vn -0 0 1
vn -0 0 1
vn -0 0 1
vn -0 0 1
vn -0 0 1
vn -0 0 1
vn -0 0 1
vn -0 0 1
vn -0 0 1
vn -0 0 1
vn -0 0 1
vn -1.78813934E-07 0 1
vn -1.78813934E-07 0 1
vn -0.290283203 0.95703125 0
vn -0.195068359 0.980957031 0
vn -0.290283203 0.95703125 0
vn -0.195068359 0.980957031 0
vn -2.38418579E-07 1 0
vn -2.38418579E-07 1 0
vn 5.96046448E-07 0 -1
vn 1.37090683E-06 0 -1
vn 1.37090683E-06 0 -1
vn 7.74860382E-07 0 -1
vn -6.55651093E-07 0 -1
vn -6.55651093E-07 0 -1
vn -7.74860382E-07 0 -1
vn -5.96046448E-07 0 -1
vn -0 0 -1
vn -0 0 -1
vn 0.881835938 0.471435547 0
vn 0.923828125 0.382568359 0
vn 0.881835938 0.471435547 0
vn 0.923828125 0.382568359 0
vn 0.95703125 0.290283203 0
vn 0.95703125 0.290283203 0
vn -0.0820922852 -0.0163269043 -0.996582031
vn -0 0 -1
vn -0 0 -1
vn -0.0543823242 -0.0225219727 -0.998046875
vn -0 0 -1
vn -0.0695800781 -0.0465087891 -0.996582031
vn -0.115783691 -0.0479431152 -0.9921875
vn -0.12286377 -0.0244445801 -0.9921875
vn -0.125244141 -0.012336731 -0.9921875
vn -0.125244141 -0.012336731 -0.9921875
vn -0.104187012 -0.0696411133 -0.9921875
vn -0.0886230469 -0.0886230469 -0.9921875
vn -0.0886230469 -0.0886230469 -0.9921875
vn -0.0696411133 -0.104187012 -0.9921875
vn -0.0696411133 -0.104187012 -0.9921875
vn 0.382568359 -0.923828125 0
vn 0.382568359 -0.923828125 0
vn 0.382568359 -0.923828125 0
vn 0.382568359 -0.923828125 0
vn -0.290283203 -0.95703125 0
vn -0.382568359 -0.923828125 0
vn -0.290283203 -0.95703125 0
vn -0.382568359 -0.923828125 0
vn -0.471435547 -0.881835938 0
vn -0.471435547 -0.881835938 0
vn -0.923828125 0.382568359 0
vn -0.923828125 0.382568359 0
vn -0.923828125 0.382568359 0
vn -0.923828125 0.382568359 0
vn 0.923828125 -0.382568359 0
vn 0.923828125 -0.382568359 0
vn 0.923828125 -0.382568359 0
vn 0.923828125 -0.382568359 0
vn -0.70703125 -0.70703125 0
vn -0.70703125 -0.70703125 0
vn -0.70703125 -0.70703125 0
vn -0.70703125 -0.70703125 0
vn -0.869628906 0.493896484 0
vn -0.881835938 0.471435547 0
vn -0.881835938 0.471435547 0
vn -0.881835938 0.471435547 0
vn -0.861328125 0.5078125 0
vn 0.70703125 0.70703125 8.34465027E-07
vn 0.70703125 0.70703125 8.34465027E-07
vn 0.70703125 0.70703125 8.34465027E-07
vn 0.70703125 0.70703125 8.34465027E-07
vn 0.70703125 0.70703125 8.34465027E-07
vn 0.70703125 0.70703125 0
vn 0.70703125 0.70703125 0
vn -0.471435547 0.881835938 0
vn -0.471435547 0.881835938 0
vn -0.471435547 0.881835938 0
vn -0.471435547 0.881835938 0
vn -0 0 1
vn -0 0 1
vn -0 0 1
vn -0.772949219 0.634277344 0
vn -0.685546875 0.728027344 0
vn -0.772949219 0.634277344 0
vn -0.70703125 0.70703125 0
vn -0.634277344 0.772949219 0
vn -0.634277344 0.772949219 0
vn 0.70703125 0.70703125 0
vn 0.70703125 0.70703125 0
vn 0.70703125 0.70703125 0
vn 0.70703125 0.70703125 0
vn -0.828613281 0.559570312 0
vn -0.828613281 0.559570312 0
vn -0.869628906 0.493896484 0
vn -0.861328125 0.5078125 0
vn -0.476318359 -0.476318359 0.739257812
vn -0.476318359 -0.476318359 0.739257812
vn -0.476318359 -0.476318359 0.739257812
vn -0.476318359 -0.476318359 0.739257812
vn -0.980957031 0.195068359 0
vn -0.923828125 0.382568359 0
vn -0.910644531 0.412841797 0
vn -0.980957031 0.195068359 0
vn -1 0 0
vn -1 0 0
vn -0.980957031 -0.195068359 0
vn -0.980957031 -0.195068359 0
vn -0.923828125 -0.382568359 0
vn -0.923828125 -0.382568359 0
vn -0.831542969 -0.555664062 0
vn -0.831542969 -0.555664062 0
vn -0.70703125 -0.70703125 0
vn -0.70703125 -0.70703125 0
vn -0.555664062 -0.831542969 0
vn -0.555664062 -0.831542969 0
vn -0.382568359 -0.923828125 0
vn -0.382568359 -0.923828125 0
vn -0.195068359 -0.980957031 0
vn -0.195068359 -0.980957031 0
vn -4.76837158E-07 -1 0
vn -4.76837158E-07 -1 0
vn 0.227172852 -0.973632812 0
vn 0.195068359 -0.980957031 0
vn 0.923828125 0.382568359 0
vn 0.980957031 0.195068359 0
vn 0.980957031 0.195068359 0
vn 0.923828125 0.382568359 0
vn 0.831542969 0.555664062 0
vn 0.831542969 0.555664062 0
vn 0.70703125 0.70703125 0
vn 0.70703125 0.70703125 0
vn 0.555664062 0.831542969 0
vn 0.555664062 0.831542969 0
vn 0.382568359 0.923828125 0
vn 0.382568359 0.923828125 0
vn 0.195068359 0.980957031 0
vn 0.195068359 0.980957031 0
vn -4.76837158E-07 1 0
vn -4.76837158E-07 1 0
vn -0.910644531 0.412841797 0
vn -0.923828125 0.382568359 0
vn -0.831542969 0.555664062 0
vn -0.831542969 0.555664062 0
vn -0.70703125 0.70703125 0
vn -0.831542969 0.555664062 0
vn -0.881835938 0.471435547 0
vn -0.70703125 0.70703125 0
vn -0.70703125 0.70703125 0
vn -0.555664062 0.831542969 0
vn -0.555664062 0.831542969 0
vn -0.555664062 0.831542969 0
vn -0.471435547 0.881835938 0
vn -0.382568359 0.923828125 0
vn -0.412841797 0.910644531 0
vn -0.195068359 0.980957031 0
vn -0.195068359 0.980957031 0
vn -4.76837158E-07 1 0
vn -4.76837158E-07 1 0
vn -0.831542969 -0.555664062 0
vn -0.923828125 -0.382568359 -1.78813934E-07
vn -0.831542969 -0.555664062 0
vn -0.923828125 -0.382568359 0
vn -0.923828125 -0.382568359 0
vn -0.980957031 -0.195068359 0
vn -0.980957031 -0.195068359 0
vn -0.980957031 -0.195068359 0
vn -1 -3.57627869E-07 0
vn -1 -3.57627869E-07 0
vn -0.70703125 -0.70703125 0
vn -0.831542969 -0.555664062 0
vn -0.70703125 -0.70703125 -1.1920929E-07
vn -0.70703125 -0.70703125 0
vn -0.831542969 -0.555664062 0
vn -0.70703125 -0.70703125 0
vn -0.555664062 -0.831542969 0
vn -0.70703125 -0.70703125 0
vn -0.555664062 -0.831542969 0
vn -0.382568359 -0.923828125 0
vn -0.555664062 -0.831542969 -1.78813934E-07
vn -0.382568359 -0.923828125 0
vn -0.195068359 -0.980957031 0
vn -0.195068359 -0.980957031 0
vn -5.36441803E-07 -1 0
vn -6.55651093E-07 -1 0
vn -0.923828125 -0.382568359 0
vn -0.923828125 -0.382568359 0
vn -0.831542969 -0.555664062 0
vn -0.980957031 -0.195068359 -1.1920929E-07
vn -0.923828125 -0.382568359 -1.78813934E-07
vn -0.980957031 -0.195068359 0
vn -1 -3.57627869E-07 0
vn -0.980957031 -0.195068359 -1.1920929E-07
vn -1 -3.57627869E-07 0
vn -0.980957031 0.195068359 -1.1920929E-07
vn -0.980957031 0.195068359 0
vn -0.95703125 0.290283203 -2.38418579E-07
vn -0.980957031 0.195068359 0
vn -0.95703125 0.290283203 -1.1920929E-07
vn -0.95703125 0.290283203 0
vn 0.0980224609 -0.995117188 0
vn -5.36441803E-07 -1 0
vn -6.55651093E-07 -1 0
vn 0.0980224609 -0.995117188 0
vn 0.0980224609 -0.995117188 0
vn -5.36441803E-07 -1 0
vn -3.57627869E-07 -1 0
vn -5.36441803E-07 1 0
vn 0.195068359 0.980957031 0
vn -6.55651093E-07 1 0
vn 0.195068359 0.980957031 0
vn 0.382568359 0.923828125 0
vn 0.195068359 0.980957031 0
vn 0.382568359 0.923828125 0
vn 0.195068359 0.980957031 0
vn 0.382568359 0.923828125 0
vn 0.382568359 0.923828125 0
vn 0.555664062 0.831542969 0
vn 0.555664062 0.831542969 0
vn -3.57627869E-07 1 0
vn 0.195068359 0.980957031 0
vn -5.36441803E-07 1 0
vn 0.382568359 0.923828125 0
vn 0.555664062 0.831542969 0
vn 0.555664062 0.831542969 0
vn 0.555664062 0.831542969 0
vn 0.70703125 0.70703125 1.1920929E-07
vn 0.70703125 0.70703125 4.17232513E-07
vn 0.70703125 0.70703125 6.55651093E-07
vn 0.555664062 0.831542969 0
vn 0.831542969 0.555664062 1.1920929E-07
vn 0.831542969 0.555664062 8.34465027E-07
vn 0.70703125 0.70703125 6.55651093E-07
vn 0.923828125 0.382568359 0
vn 0.831542969 0.555664062 1.60932541E-06
vn 0.923828125 0.382568359 4.76837158E-07
vn 0.980957031 0.195068359 1.1920929E-07
vn 0.980957031 0.195068359 0
vn 0.923828125 0.382568359 9.53674316E-07
vn 0.980957031 0.195068359 0
vn 0.995117188 0.0980224609 1.1920929E-07
vn 0.995117188 0.0980224609 0
vn 0.980957031 0.195068359 0
vn 0.980957031 0.195068359 0
vn 0.923828125 0.382568359 4.76837158E-07
vn 0.995117188 0.0980224609 1.1920929E-07
vn 0.995117188 0.0980224609 2.38418579E-07
vn 0.980957031 0.195068359 1.1920929E-07
vn -0.290283203 0.95703125 0
vn -0.195068359 0.980957031 0
vn -0.290283203 0.95703125 0
vn -0.195068359 0.980957031 0
vn -6.55651093E-07 1 0
vn -5.36441803E-07 1 0
vn -0.195068359 0.980957031 0
vn -5.36441803E-07 1 0
vn -3.57627869E-07 1 0
vn -0.555664062 -0.831542969 0
vn -0.70703125 -0.70703125 0
vn -0.70703125 -0.70703125 -1.1920929E-07
vn -0.555664062 -0.831542969 -1.78813934E-07
vn -0.382568359 -0.923828125 0
vn -0.555664062 -0.831542969 0
vn -0.382568359 -0.923828125 0
vn -0.195068359 -0.980957031 0
vn -0.195068359 -0.980957031 0
vn -3.57627869E-07 -1 0
vn -5.36441803E-07 -1 0
vn -0.980957031 -0.195068359 0
vn -0.980957031 -0.195068359 0
vn -0.980957031 -0.195068359 0
vn -0.980957031 -0.195068359 0
vn -0.980957031 -0.195068359 0
vn -0.980957031 -0.195068359 0
vn -0.382568359 -0.923828125 0
vn -0.382568359 -0.923828125 0
vn -0.382568359 -0.923828125 0
vn -0.499267578 -0.866210938 0
vn -0.382568359 -0.923828125 0
vn -0.549316406 -0.835449219 0
vn 0.980957031 0.195068359 0
vn 0.980957031 0.195068359 0
vn 1 0 0
vn 1 0 0
vn 0.980957031 -0.195068359 0
vn 0.973632812 -0.227172852 0
vn 6.55651093E-07 0 1
vn 3.57627869E-07 0 1
vn 6.55651093E-07 0 1
vn 3.57627869E-07 0 1
vn 6.55651093E-07 0 1
vn 6.55651093E-07 0 1
vn 1.01327896E-06 0 1
vn 1.01327896E-06 0 1
vn 3.57627869E-07 0 1
vn 3.57627869E-07 0 1
vn -6.55651093E-07 0 1
vn -6.55651093E-07 0 1
vn -6.55651093E-07 0 1
vn -6.55651093E-07 0 1
vn -0 0 1
vn -0 0 1
vn -0 0 1
vn -0 0 1
vn -0 0 1
vn -0 0 1
vn -0 0 1
vn -0 0 1
vn -0 0 1
vn -0 0 1
vn -0 0 1
vn 0.995117188 -0.0980224609 0
vn 0.995117188 -0.0980224609 0
vn 0.995117188 -0.0980224609 0
vn 0.995117188 -0.0980224609 0
vn 0.995117188 -0.0980224609 0
vn 0.995117188 -0.0980224609 0
vn 0.995117188 -0.0980224609 0
vn -0 0 1
vn -0 0 1
vn -0 0 1
vn -0 0 1
vn -0 0 1
vn -0 0 1
vn -0 0 1
vn -0 0 1
vn -0 0 1
vn 1.31130219E-06 0 1
vn 1.31130219E-06 0 1
vn 1.31130219E-06 0 1
vn 1.31130219E-06 0 1
vn -0 0 1
vn -0 0 1
vn -1.31130219E-06 0 1
vn -1.31130219E-06 0 1
vn -1.31130219E-06 0 1
vn -1.31130219E-06 0 1
vn -3.57627869E-07 0 1
vn -3.57627869E-07 0 1
vn -0 0 1
vn -3.57627869E-07 0 1
vn -3.57627869E-07 0 1
vn -0 0 1
vn -3.57627869E-07 0 1
vn -3.57627869E-07 0 1
vn -0 0 1
vn -0 0 1
vn 0.923828125 0.382568359 0
vn 0.923828125 0.382568359 0
vn 0.923828125 0.382568359 0
vn 0.923828125 0.382568359 0
vn 0.923828125 0.382568359 1.78813934E-07
vn 0.923828125 0.382568359 0
vn 0.923828125 0.382568359 1.78813934E-07
vn 0.195068359 0.980957031 0
vn 0.195068359 0.980957031 0
vn 0.195068359 0.980957031 0
vn 0.195068359 0.980957031 0
vn 0.195068359 0.980957031 0
vn 0.195068359 0.980957031 0
vn 0.195068359 0.980957031 0
vn -0.125244141 0.0123443604 -0.9921875
vn -0.125244141 0.0123443604 -0.9921875
vn -0.125244141 0.0123443604 -0.9921875
vn -0.125244141 0.0123443604 -0.9921875
vn -0.0696411133 -0.104187012 -0.9921875
vn -0.0479431152 -0.115783691 -0.9921875
vn -0.0696411133 -0.104187012 -0.9921875
vn -0.0479431152 -0.115783691 -0.9921875
vn -0.0244445801 -0.12286377 -0.9921875
vn -0.0244445801 -0.12286377 -0.9921875
vn -0 -0.125244141 -0.9921875
vn -0 -0.125244141 -0.9921875
vn 0.0244445801 -0.12286377 -0.9921875
vn 0.0244445801 -0.12286377 -0.9921875
vn 0.0365600586 -0.120483398 -0.9921875
vn 0.0365600586 -0.120483398 -0.9921875
vn -0 0 -1
vn -0 0 -1
vn 1.1920929E-07 0 -1
vn 1.1920929E-07 0 -1
vn -1.78813934E-07 0 -1
vn -1.78813934E-07 0 -1
vn -0 0 -1
vn -0 0 -1
vn -0.469726562 0.87890625 -0.0831298828
vn -0.552734375 0.829101562 -0.0852050781
vn -0.469726562 0.87890625 -0.0831298828
vn -0.554199219 0.827636719 -0.0852050781
vn -0.704589844 0.704589844 -0.0868530273
vn -0.704589844 0.704589844 -0.0868530273
vn -0.829101562 0.552734375 -0.0852050781
vn -0.827636719 0.554199219 -0.0852050781
vn -0.87890625 0.469726562 -0.0831298828
vn -0.87890625 0.469726562 -0.0831298828
vn 1.1920929E-07 0 -1
vn 1.1920929E-07 0 -1
vn -0 0 -1
vn -2.38418579E-07 0 -1
vn -5.96046448E-07 0 -1
vn -5.96046448E-07 0 -1
vn -0.70703125 -0.70703125 1.31130219E-06
vn -0.70703125 -0.70703125 1.31130219E-06
vn -0.70703125 -0.70703125 1.31130219E-06
vn -0.70703125 -0.70703125 1.31130219E-06
vn -0.549316406 -0.835449219 0
vn -0.70703125 -0.70703125 1.1920929E-07
vn -0.499267578 -0.866210938 0
vn -0.290283203 0.95703125 0
vn -0.195068359 0.980957031 0
vn -0.195068359 0.980957031 0
vn -0.290283203 0.95703125 0
vn 2.38418579E-07 1 0
vn 2.38418579E-07 1 0
vn -0.195068359 0.980957031 0
vn -0.195068359 0.980957031 0
vn -0.382568359 0.923828125 0
vn -0.382568359 0.923828125 0
vn -0.555664062 0.831542969 0
vn -0.555664062 0.831542969 0
vn -0.70703125 0.70703125 0
vn -0.70703125 0.70703125 0
vn -0.772949219 0.634277344 0
vn -0.772949219 0.634277344 0
vn 0.382568359 0.923828125 0
vn 0.382568359 0.923828125 0
vn 0.382568359 0.923828125 0
vn 0.382568359 0.923828125 0
vn -0.995117188 0.0980224609 0
vn -0.995117188 0.0980224609 0
vn -1 0 0
vn -1 0 0
vn -0.980957031 -0.195068359 0
vn -0.973632812 -0.227172852 0
vn -0.923828125 -0.382568359 0
vn -0.923828125 -0.382568359 0
vn -0.95703125 -0.290283203 0
vn -0.831542969 -0.555664062 0
vn -0.923828125 -0.382568359 0
vn -0.973632812 -0.227172852 0
vn -0.831542969 -0.555664062 0
vn -0.70703125 -0.70703125 0
vn -0.70703125 -0.70703125 0
vn -0.555664062 -0.831542969 0
vn -0.831542969 -0.555664062 0
vn -0.923828125 -0.382568359 0
vn -0.555664062 -0.831542969 0
vn -0.382568359 -0.923828125 0
vn -0.923828125 -0.382568359 0
vn -0.980957031 -0.195068359 0
vn -0.831542969 -0.555664062 0
vn -0.831542969 -0.555664062 0
vn -0.70703125 -0.70703125 0
vn -0.70703125 -0.70703125 0
vn -0.70703125 -0.70703125 0
vn -0.555664062 -0.831542969 0
vn -0.382568359 -0.923828125 0
vn -0.195068359 -0.980957031 0
vn -0.555664062 -0.831542969 0
vn -0.555664062 -0.831542969 0
vn -0.382568359 -0.923828125 0
vn -0.227172852 -0.973632812 0
vn 2.38418579E-07 -1 0
vn -0.382568359 -0.923828125 0
vn 2.38418579E-07 -1 0
vn 0.0980224609 -0.995117188 0
vn 0.0980224609 -0.995117188 0
vn -0.290283203 -0.95703125 0
vn -0.382568359 -0.923828125 0
vn -0.195068359 -0.980957031 0
vn -0.227172852 -0.973632812 0
vn -0 0 1
vn -0 0 1
vn -0 0 1
vn -0 0 1
vn -0 0 1
vn -0 0 1
vn -0 0 1
vn -0 0 1
vn -0 0 1
vn -0 0 1
vn -0 0 1
vn -0 0 1
vn -0 0 1
vn -0 0 1
vn -0 0 1
vn -0 0 1
vn -0 0 1
vn -0 0 1
vn -0 0 1
vn -0 0 1
vn -0 0 1
vn -0 0 1
vn -0 0 1
vn -0 0 1
vn -0 0 1
vn -0 0 1
vn -0 0 1
vn 2.38418579E-07 0 1
vn 2.38418579E-07 0 1
vn -0 0 1
vn -0 0 1
vn -0 0 1
vn -0 0 1
vn -0 0 1
vn -0 0 1
vn -0 0 1
vn -0 0 1
vn -0 0 1
vn -0 0 1
vn -0 0 1
vn -0 0 1
vn -0.0465087891 0.0695800781 -0.996582031
vn 2.38418579E-07 0 -1
vn -0 0 -1
vn -0.0225219727 0.0543823242 -0.998046875
vn 4.76837158E-07 0 -1
vn -0.0163269043 0.0820922852 -0.996582031
vn -0.0479431152 0.115783691 -0.9921875
vn -0.0696411133 0.104187012 -0.9921875
vn -0.0244445801 0.12286377 -0.9921875
vn -0.0886230469 0.0886230469 -0.9921875
vn -0 0.125244141 -0.9921875
vn -0.0886230469 0.0886230469 -0.9921875
vn -0 0.125244141 -0.9921875
vn 0.012336731 0.125244141 -0.9921875
vn 0.012336731 0.125244141 -0.9921875
vn -0.104187012 0.0696411133 -0.9921875
vn -0.104187012 0.0696411133 -0.9921875
vn -0.115783691 0.0479431152 -0.9921875
vn -0.115783691 0.0479431152 -0.9921875
vn -0.12286377 0.0244445801 -0.9921875
vn -0.12286377 0.0244445801 -0.9921875
vn -0.125244141 0 -0.9921875
vn -0.125244141 0 -0.9921875
vn -0.12286377 -0.0244445801 -0.9921875
vn -0.12286377 -0.0244445801 -0.9921875
vn -0.120483398 -0.0365600586 -0.9921875
vn -0.120483398 -0.0365600586 -0.9921875
vn 0.634277344 -0.772949219 0
vn 0.634277344 -0.772949219 0
vn 0.70703125 -0.70703125 0
vn 0.70703125 -0.70703125 0
vn 0.831542969 -0.555664062 0
vn 0.831542969 -0.555664062 0
vn 0.923828125 -0.382568359 0
vn 0.923828125 -0.382568359 0
vn 0.980957031 -0.195068359 0
vn 0.980957031 -0.195068359 0
vn 1 0 0
vn 1 0 0
vn 0.980957031 0.195068359 0
vn 0.980957031 0.195068359 0
vn 0.95703125 0.290283203 0
vn 0.95703125 0.290283203 0
vn -0 0 -1
vn -0 0 -1
vn -0 0 -1
vn -0 0 -1
vn -2.38418579E-07 0 -1
vn -1.1920929E-07 0 -1
vn -0 0 -1
vn -0 0 -1
vn -2.98023224E-07 0 -1
vn -0 0 -1
vn -4.76837158E-07 0 -1
vn -4.17232513E-07 0 -1
vn -4.76837158E-07 0 -1
vn -4.17232513E-07 0 -1
vn -1.1920929E-07 0 -1
vn -2.38418579E-07 0 -1
vn -0 0 1
vn -0 0 1
vn -0 0 1
vn -0 0 1
vn -0 0 1
vn -0 0 1
vn -0 0 1
vn -0 0 1
vn 0.290283203 0.95703125 0
vn 0.290283203 0.95703125 0
vn 0.195068359 0.980957031 0
vn 0.195068359 0.980957031 0
vn 2.38418579E-07 1 0
vn 2.38418579E-07 1 0
vn -5.96046448E-07 0 -1
vn -1.37090683E-06 0 -1
vn -1.37090683E-06 0 -1
vn -7.74860382E-07 0 -1
vn 6.55651093E-07 0 -1
vn 6.55651093E-07 0 -1
vn 7.74860382E-07 0 -1
vn 5.96046448E-07 0 -1
vn -0 0 -1
vn -0 0 -1
vn -0.881835938 0.471435547 0
vn -0.881835938 0.471435547 0
vn -0.923828125 0.382568359 0
vn -0.923828125 0.382568359 0
vn -0.95703125 0.290283203 0
vn -0.95703125 0.290283203 0
vn 0.0820922852 -0.0163269043 -0.996582031
vn -0 0 -1
vn -0 0 -1
vn 0.0543823242 -0.0225219727 -0.998046875
vn -0 0 -1
vn 0.0695800781 -0.0465087891 -0.996582031
vn 0.115783691 -0.0479431152 -0.9921875
vn 0.12286377 -0.0244445801 -0.9921875
vn 0.125244141 -0.012336731 -0.9921875
vn 0.125244141 -0.012336731 -0.9921875
vn 0.104187012 -0.0696411133 -0.9921875
vn 0.0886230469 -0.0886230469 -0.9921875
vn 0.0886230469 -0.0886230469 -0.9921875
vn 0.0696411133 -0.104187012 -0.9921875
vn 0.0696411133 -0.104187012 -0.9921875
vn -0.382568359 -0.923828125 0
vn -0.382568359 -0.923828125 0
vn -0.382568359 -0.923828125 0
vn -0.382568359 -0.923828125 0
vn 0.290283203 -0.95703125 0
vn 0.290283203 -0.95703125 0
vn 0.382568359 -0.923828125 0
vn 0.382568359 -0.923828125 0
vn 0.471435547 -0.881835938 0
vn 0.471435547 -0.881835938 0
vn 0.923828125 0.382568359 0
vn 0.923828125 0.382568359 0
vn 0.923828125 0.382568359 0
vn 0.923828125 0.382568359 0
vn -0.923828125 -0.382568359 0
vn -0.923828125 -0.382568359 0
vn -0.923828125 -0.382568359 0
vn -0.923828125 -0.382568359 0
vn 0.70703125 -0.70703125 0
vn 0.70703125 -0.70703125 0
vn 0.70703125 -0.70703125 0
vn 0.70703125 -0.70703125 0
vn 0.881835938 0.471435547 1.78813934E-07
vn 0.881835938 0.471435547 1.78813934E-07
vn 0.881835938 0.471435547 1.78813934E-07
vn 0.869628906 0.493896484 1.78813934E-07
vn 0.861328125 0.5078125 1.1920929E-07
vn -0.70703125 0.70703125 8.34465027E-07
vn -0.70703125 0.70703125 8.34465027E-07
vn -0.70703125 0.70703125 8.34465027E-07
vn -0.70703125 0.70703125 8.34465027E-07
vn -0.70703125 0.70703125 8.34465027E-07
vn -0.70703125 0.70703125 -1.1920929E-07
vn -0.70703125 0.70703125 -1.1920929E-07
vn 0.471435547 0.881835938 0
vn 0.471435547 0.881835938 0
vn 0.471435547 0.881835938 0
vn 0.471435547 0.881835938 0
vn 0.772949219 0.634277344 0
vn 0.772949219 0.634277344 0
vn 0.685546875 0.728027344 0
vn 0.70703125 0.70703125 0
vn 0.634277344 0.772949219 0
vn 0.634277344 0.772949219 0
vn -0.70703125 0.70703125 0
vn -0.70703125 0.70703125 0
vn -0.70703125 0.70703125 0
vn -0.70703125 0.70703125 0
vn 0.828613281 0.559570312 0
vn 0.861328125 0.5078125 1.1920929E-07
vn 0.869628906 0.493896484 1.78813934E-07
vn 0.828613281 0.559570312 0
vn 0.476318359 -0.476318359 0.739257812
vn 0.476318359 -0.476318359 0.739257812
vn 0.476318359 -0.476318359 0.739257812
vn 0.476318359 -0.476318359 0.739257812
vn 0.980957031 0.195068359 0
vn 0.910644531 0.412841797 0
vn 0.923828125 0.382568359 0
vn 0.980957031 0.195068359 0
vn 1 0 0
vn 1 0 0
vn 0.980957031 -0.195068359 0
vn 0.980957031 -0.195068359 0
vn 0.923828125 -0.382568359 0
vn 0.923828125 -0.382568359 0
vn 0.831542969 -0.555664062 0
vn 0.831542969 -0.555664062 0
vn 0.70703125 -0.70703125 0
vn 0.70703125 -0.70703125 0
vn 0.555664062 -0.831542969 0
vn 0.555664062 -0.831542969 0
vn 0.382568359 -0.923828125 0
vn 0.382568359 -0.923828125 0
vn 0.195068359 -0.980957031 0
vn 0.195068359 -0.980957031 0
vn 4.76837158E-07 -1 0
vn 4.76837158E-07 -1 0
vn -0.227172852 -0.973632812 0
vn -0.195068359 -0.980957031 0
vn -0.923828125 0.382568359 0
vn -0.980957031 0.195068359 0
vn -0.980957031 0.195068359 0
vn -0.923828125 0.382568359 0
vn -0.831542969 0.555664062 0
vn -0.831542969 0.555664062 0
vn -0.70703125 0.70703125 0
vn -0.70703125 0.70703125 0
vn -0.555664062 0.831542969 0
vn -0.555664062 0.831542969 0
vn -0.382568359 0.923828125 0
vn -0.382568359 0.923828125 0
vn -0.195068359 0.980957031 0
vn -0.195068359 0.980957031 0
vn 4.76837158E-07 1 0
vn 4.76837158E-07 1 0
vn 0.910644531 0.412841797 0
vn 0.831542969 0.555664062 0
vn 0.923828125 0.382568359 0
vn 0.831542969 0.555664062 0
vn 0.70703125 0.70703125 0
vn 0.831542969 0.555664062 0
vn 0.881835938 0.471435547 0
vn 0.70703125 0.70703125 0
vn 0.70703125 0.70703125 0
vn 0.555664062 0.831542969 0
vn 0.555664062 0.831542969 0
vn 0.555664062 0.831542969 0
vn 0.471435547 0.881835938 0
vn 0.382568359 0.923828125 0
vn 0.412841797 0.910644531 0
vn 0.195068359 0.980957031 0
vn 0.195068359 0.980957031 0
vn 4.76837158E-07 1 0
vn 4.76837158E-07 1 0
vn 0.831542969 -0.555664062 0
vn 0.831542969 -0.555664062 0
vn 0.923828125 -0.382568359 -1.1920929E-07
vn 0.923828125 -0.382568359 0
vn 0.923828125 -0.382568359 0
vn 0.980957031 -0.195068359 0
vn 0.980957031 -0.195068359 0
vn 0.980957031 -0.195068359 0
vn 1 -3.57627869E-07 0
vn 1 -3.57627869E-07 0
vn 0.70703125 -0.70703125 0
vn 0.831542969 -0.555664062 0
vn 0.70703125 -0.70703125 -1.1920929E-07
vn 0.70703125 -0.70703125 0
vn 0.70703125 -0.70703125 0
vn 0.831542969 -0.555664062 0
vn 0.555664062 -0.831542969 0
vn 0.70703125 -0.70703125 0
vn 0.555664062 -0.831542969 0
vn 0.382568359 -0.923828125 0
vn 0.555664062 -0.831542969 -1.1920929E-07
vn 0.382568359 -0.923828125 0
vn 0.195068359 -0.980957031 0
vn 0.195068359 -0.980957031 0
vn 5.36441803E-07 -1 0
vn 6.55651093E-07 -1 0
vn 0.831542969 -0.555664062 0
vn 0.923828125 -0.382568359 0
vn 0.923828125 -0.382568359 0
vn 0.923828125 -0.382568359 -1.1920929E-07
vn 0.980957031 -0.195068359 -1.1920929E-07
vn 0.980957031 -0.195068359 0
vn 0.980957031 -0.195068359 -1.1920929E-07
vn 1 -3.57627869E-07 0
vn 1 -3.57627869E-07 0
vn 0.980957031 0.195068359 -1.1920929E-07
vn 0.980957031 0.195068359 0
vn 0.95703125 0.290283203 -2.38418579E-07
vn 0.980957031 0.195068359 0
vn 0.95703125 0.290283203 -1.1920929E-07
vn 0.95703125 0.290283203 0
vn -0.0980224609 -0.995117188 0
vn -0.0980224609 -0.995117188 0
vn 6.55651093E-07 -1 0
vn 5.36441803E-07 -1 0
vn -0.0980224609 -0.995117188 0
vn 5.36441803E-07 -1 0
vn 3.57627869E-07 -1 0
vn 5.36441803E-07 1 0
vn 6.55651093E-07 1 0
vn -0.195068359 0.980957031 0
vn -0.195068359 0.980957031 0
vn -0.195068359 0.980957031 0
vn -0.382568359 0.923828125 0
vn -0.382568359 0.923828125 0
vn -0.195068359 0.980957031 0
vn -0.382568359 0.923828125 0
vn -0.382568359 0.923828125 0
vn -0.555664062 0.831542969 0
vn -0.555664062 0.831542969 0
vn 3.57627869E-07 1 0
vn -0.195068359 0.980957031 0
vn 5.36441803E-07 1 0
vn -0.382568359 0.923828125 0
vn -0.555664062 0.831542969 0
vn -0.555664062 0.831542969 0
vn -0.555664062 0.831542969 0
vn -0.70703125 0.70703125 1.1920929E-07
vn -0.70703125 0.70703125 5.36441803E-07
vn -0.555664062 0.831542969 0
vn -0.70703125 0.70703125 9.53674316E-07
vn -0.831542969 0.555664062 1.1920929E-07
vn -0.831542969 0.555664062 1.01327896E-06
vn -0.70703125 0.70703125 9.53674316E-07
vn -0.923828125 0.382568359 0
vn -0.831542969 0.555664062 1.90734863E-06
vn -0.923828125 0.382568359 4.76837158E-07
vn -0.980957031 0.195068359 1.1920929E-07
vn -0.980957031 0.195068359 0
vn -0.923828125 0.382568359 9.53674316E-07
vn -0.980957031 0.195068359 0
vn -0.995117188 0.0980224609 1.1920929E-07
vn -0.995117188 0.0980224609 0
vn -0.923828125 0.382568359 4.76837158E-07
vn -0.980957031 0.195068359 0
vn -0.980957031 0.195068359 0
vn -0.980957031 0.195068359 1.1920929E-07
vn -0.995117188 0.0980224609 2.38418579E-07
vn -0.995117188 0.0980224609 1.1920929E-07
vn 0.290283203 0.95703125 0
vn 0.290283203 0.95703125 0
vn 0.195068359 0.980957031 0
vn 0.195068359 0.980957031 0
vn 6.55651093E-07 1 0
vn 5.36441803E-07 1 0
vn 0.195068359 0.980957031 0
vn 5.36441803E-07 1 0
vn 3.57627869E-07 1 0
vn 0.555664062 -0.831542969 0
vn 0.555664062 -0.831542969 -1.1920929E-07
vn 0.70703125 -0.70703125 -1.1920929E-07
vn 0.70703125 -0.70703125 0
vn 0.382568359 -0.923828125 0
vn 0.555664062 -0.831542969 0
vn 0.382568359 -0.923828125 0
vn 0.195068359 -0.980957031 0
vn 0.195068359 -0.980957031 0
vn 3.57627869E-07 -1 0
vn 5.36441803E-07 -1 0
vn 0.980957031 -0.195068359 0
vn 0.980957031 -0.195068359 0
vn 0.980957031 -0.195068359 0
vn 0.980957031 -0.195068359 0
vn 0.980957031 -0.195068359 0
vn 0.980957031 -0.195068359 0
vn 0.382568359 -0.923828125 0
vn 0.382568359 -0.923828125 0
vn 0.382568359 -0.923828125 0
vn 0.499267578 -0.866210938 0
vn 0.382568359 -0.923828125 0
vn 0.549316406 -0.835449219 0
vn -0.980957031 0.195068359 0
vn -1 0 0
vn -0.980957031 0.195068359 0
vn -1 0 0
vn -0.980957031 -0.195068359 0
vn -0.973632812 -0.227172852 0
vn -0 0 1
vn -0 0 1
vn -0 0 1
vn -0 0 1
vn -1.31130219E-06 0 1
vn -1.31130219E-06 0 1
vn -1.31130219E-06 0 1
vn -1.31130219E-06 0 1
vn -0 0 1
vn -0 0 1
vn 6.55651093E-07 0 1
vn 6.55651093E-07 0 1
vn 6.55651093E-07 0 1
vn 6.55651093E-07 0 1
vn -6.55651093E-07 0 1
vn -6.55651093E-07 0 1
vn -0 0 1
vn -0 0 1
vn 4.76837158E-07 0 1
vn 4.76837158E-07 0 1
vn -0 0 1
vn -0 0 1
vn -0 0 1
vn 3.57627869E-07 0 1
vn 3.57627869E-07 0 1
vn -0.995117188 -0.0980224609 0
vn -0.995117188 -0.0980224609 0
vn -0.995117188 -0.0980224609 0
vn -0.995117188 -0.0980224609 0
vn -0.995117188 -0.0980224609 0
vn -0.995117188 -0.0980224609 0
vn -0.995117188 -0.0980224609 0
vn 3.57627869E-07 0 1
vn -0 0 1
vn -0 0 1
vn 3.57627869E-07 0 1
vn 6.55651093E-07 0 1
vn 6.55651093E-07 0 1
vn 6.55651093E-07 0 1
vn 3.57627869E-07 0 1
vn 3.57627869E-07 0 1
vn -1.01327896E-06 0 1
vn -1.01327896E-06 0 1
vn -1.01327896E-06 0 1
vn -1.01327896E-06 0 1
vn -0 0 1
vn -0 0 1
vn 1.31130219E-06 0 1
vn 1.31130219E-06 0 1
vn 1.31130219E-06 0 1
vn 1.31130219E-06 0 1
vn -0 0 1
vn -0 0 1
vn -0 0 1
vn -0 0 1
vn -0 0 1
vn -0 0 1
vn 6.55651093E-07 0 1
vn 6.55651093E-07 0 1
vn -0 0 1
vn -0 0 1
vn -0.923828125 0.382568359 0
vn -0.923828125 0.382568359 0
vn -0.923828125 0.382568359 0
vn -0.923828125 0.382568359 0
vn -0.923828125 0.382568359 1.78813934E-07
vn -0.923828125 0.382568359 0
vn -0.923828125 0.382568359 1.78813934E-07
vn -0.195068359 0.980957031 0
vn -0.195068359 0.980957031 0
vn -0.195068359 0.980957031 0
vn -0.195068359 0.980957031 0
vn -0.195068359 0.980957031 0
vn -0.195068359 0.980957031 0
vn -0.195068359 0.980957031 0
vn 0.125244141 0.012336731 -0.9921875
vn 0.125244141 0.012336731 -0.9921875
vn 0.125244141 0.012336731 -0.9921875
vn 0.125244141 0.012336731 -0.9921875
vn 0.0696411133 -0.104187012 -0.9921875
vn 0.0696411133 -0.104187012 -0.9921875
vn 0.0479431152 -0.115783691 -0.9921875
vn 0.0479431152 -0.115783691 -0.9921875
vn 0.0244445801 -0.12286377 -0.9921875
vn 0.0244445801 -0.12286377 -0.9921875
vn -0 -0.125244141 -0.9921875
vn -0 -0.125244141 -0.9921875
vn -0.0244445801 -0.12286377 -0.9921875
vn -0.0244445801 -0.12286377 -0.9921875
vn -0.0365600586 -0.120483398 -0.9921875
vn -0.0365600586 -0.120483398 -0.9921875
vn -0 0 -1
vn -0 0 -1
vn -0 0 -1
vn -0 0 -1
vn -0 0 -1
vn -0 0 -1
vn -0 0 -1
vn -0 0 -1
vn 0.469726562 0.87890625 -0.0831298828
vn 0.469726562 0.87890625 -0.0831298828
vn 0.552734375 0.829101562 -0.0852050781
vn 0.554199219 0.827636719 -0.0852050781
vn 0.704589844 0.704589844 -0.0868530273
vn 0.704589844 0.704589844 -0.0868530273
vn 0.829101562 0.552734375 -0.0852050781
vn 0.827636719 0.554199219 -0.0852050781
vn 0.87890625 0.469726562 -0.0831298828
vn 0.87890625 0.469726562 -0.0831298828
vn -0 0 -1
vn 2.38418579E-07 0 -1
vn -0 0 -1
vn 3.57627869E-07 0 -1
vn 5.96046448E-07 0 -1
vn 5.96046448E-07 0 -1
vn 0.70703125 -0.70703125 8.34465027E-07
vn 0.70703125 -0.70703125 8.34465027E-07
vn 0.70703125 -0.70703125 8.34465027E-07
vn 0.70703125 -0.70703125 8.34465027E-07
vn 0.549316406 -0.835449219 0
vn 0.70703125 -0.70703125 0
vn 0.499267578 -0.866210938 0
vn 0.290283203 0.95703125 0
vn 0.290283203 0.95703125 0
vn 0.195068359 0.980957031 0
vn 0.195068359 0.980957031 0
vn -2.38418579E-07 -1 0
vn -2.38418579E-07 -1 0
vn 0.195068359 -0.980957031 0
vn 0.195068359 -0.980957031 0
vn 0.382568359 -0.923828125 0
vn 0.382568359 -0.923828125 0
vn 0.555664062 -0.831542969 0
vn 0.555664062 -0.831542969 0
vn 0.70703125 -0.70703125 0
vn 0.70703125 -0.70703125 0
vn 0.772949219 -0.634277344 0
vn 0.772949219 -0.634277344 0
vn -0.382568359 -0.923828125 0
vn -0.382568359 -0.923828125 0
vn -0.382568359 -0.923828125 0
vn -0.382568359 -0.923828125 0
vn 0.995117188 -0.0980224609 0
vn 0.995117188 -0.0980224609 0
vn 1 0 0
vn 1 0 0
vn 0.980957031 0.195068359 0
vn 0.973632812 0.227172852 0
vn 0.923828125 0.382568359 0
vn 0.923828125 0.382568359 0
vn 0.95703125 0.290283203 0
vn 0.831542969 0.555664062 0
vn 0.923828125 0.382568359 0
vn 0.973632812 0.227172852 0
vn 0.831542969 0.555664062 0
vn 0.70703125 0.70703125 0
vn 0.70703125 0.70703125 0
vn 0.555664062 0.831542969 0
vn 0.831542969 0.555664062 0
vn 0.923828125 0.382568359 0
vn 0.555664062 0.831542969 0
vn 0.382568359 0.923828125 0
vn 0.923828125 0.382568359 0
vn 0.980957031 0.195068359 0
vn 0.831542969 0.555664062 0
vn 0.831542969 0.555664062 0
vn 0.70703125 0.70703125 0
vn 0.70703125 0.70703125 0
vn 0.70703125 0.70703125 0
vn 0.555664062 0.831542969 0
vn 0.382568359 0.923828125 0
vn 0.195068359 0.980957031 0
vn 0.555664062 0.831542969 0
vn 0.555664062 0.831542969 0
vn 0.382568359 0.923828125 0
vn 0.227172852 0.973632812 0
vn -2.38418579E-07 1 0
vn 0.382568359 0.923828125 0
vn -2.38418579E-07 1 0
vn -0.0980224609 0.995117188 0
vn -0.0980224609 0.995117188 0
vn 0.290283203 0.95703125 0
vn 0.382568359 0.923828125 0
vn 0.195068359 0.980957031 0
vn 0.227172852 0.973632812 0
vn -0 0 1
vn -0 0 1
vn -0 0 1
vn -0 0 1
vn -0 0 1
vn -0 0 1
vn -0 0 1
vn -0 0 1
vn -0 0 1
vn -0 0 1
vn -0 0 1
vn -0 0 1
vn -0 0 1
vn -0 0 1
vn -0 0 1
vn -0 0 1
vn -0 0 1
vn -0 0 1
vn -0 0 1
vn -0 0 1
vn -0 0 1
vn -0 0 1
vn -0 0 1
vn -0 0 1
vn -0 0 1
vn -0 0 1
vn -0 0 1
vn -2.38418579E-07 0 1
vn -2.38418579E-07 0 1
vn -0 0 1
vn -0 0 1
vn -0 0 1
vn -0 0 1
vn -0 0 1
vn -0 0 1
vn -0 0 1
vn -0 0 1
vn -0 0 1
vn -0 0 1
vn -0 0 1
vn -0 0 1
vn 0.0465087891 -0.0695800781 -0.996582031
vn -2.38418579E-07 0 -1
vn -0 0 -1
vn 0.0225219727 -0.0543823242 -0.998046875
vn -4.76837158E-07 0 -1
vn 0.0163269043 -0.0820922852 -0.996582031
vn 0.0479431152 -0.115783691 -0.9921875
vn 0.0696411133 -0.104187012 -0.9921875
vn 0.0244445801 -0.12286377 -0.9921875
vn 0.0886230469 -0.0886230469 -0.9921875
vn -0 -0.125244141 -0.9921875
vn 0.0886230469 -0.0886230469 -0.9921875
vn -0 -0.125244141 -0.9921875
vn -0.012336731 -0.125244141 -0.9921875
vn -0.012336731 -0.125244141 -0.9921875
vn 0.104187012 -0.0696411133 -0.9921875
vn 0.104187012 -0.0696411133 -0.9921875
vn 0.115783691 -0.0479431152 -0.9921875
vn 0.115783691 -0.0479431152 -0.9921875
vn 0.12286377 -0.0244445801 -0.9921875
vn 0.12286377 -0.0244445801 -0.9921875
vn 0.125244141 0 -0.9921875
vn 0.125244141 0 -0.9921875
vn 0.12286377 0.0244445801 -0.9921875
vn 0.12286377 0.0244445801 -0.9921875
vn 0.120483398 0.0365600586 -0.9921875
vn 0.120483398 0.0365600586 -0.9921875
vn -0.634277344 0.772949219 0
vn -0.634277344 0.772949219 0
vn -0.70703125 0.70703125 0
vn -0.70703125 0.70703125 0
vn -0.831542969 0.555664062 0
vn -0.831542969 0.555664062 0
vn -0.923828125 0.382568359 0
vn -0.923828125 0.382568359 0
vn -0.980957031 0.195068359 0
vn -0.980957031 0.195068359 0
vn -1 0 0
vn -1 0 0
vn -0.980957031 -0.195068359 0
vn -0.980957031 -0.195068359 0
vn -0.95703125 -0.290283203 0
vn -0.95703125 -0.290283203 0
vn -0 0 -1
vn -0 0 -1
vn -0 0 -1
vn -0 0 -1
vn 2.38418579E-07 0 -1
vn 1.1920929E-07 0 -1
vn -0 0 -1
vn -0 0 -1
vn 2.98023224E-07 0 -1
vn -0 0 -1
vn 4.76837158E-07 0 -1
vn 4.17232513E-07 0 -1
vn 4.76837158E-07 0 -1
vn 4.17232513E-07 0 -1
vn 1.1920929E-07 0 -1
vn 2.38418579E-07 0 -1
vn -0 0 1
vn -0 0 1
vn -0 0 1
vn -0 0 1
vn -0 0 1
vn -0 0 1
vn -0 0 1
vn -0 0 1
vn -0.290283203 -0.95703125 0
vn -0.290283203 -0.95703125 0
vn -0.195068359 -0.980957031 0
vn -0.195068359 -0.980957031 0
vn -2.38418579E-07 -1 0
vn -2.38418579E-07 -1 0
vn 5.96046448E-07 0 -1
vn 1.37090683E-06 0 -1
vn 1.37090683E-06 0 -1
vn 7.74860382E-07 0 -1
vn -6.55651093E-07 0 -1
vn -6.55651093E-07 0 -1
vn -7.74860382E-07 0 -1
vn -5.96046448E-07 0 -1
vn -0 0 -1
vn -0 0 -1
vn 0.881835938 -0.471435547 0
vn 0.881835938 -0.471435547 0
vn 0.923828125 -0.382568359 0
vn 0.923828125 -0.382568359 0
vn 0.95703125 -0.290283203 0
vn 0.95703125 -0.290283203 0
vn -0.0820922852 0.0163269043 -0.996582031
vn -0 0 -1
vn -0 0 -1
vn -0.0543823242 0.0225219727 -0.998046875
vn -0 0 -1
vn -0.0695800781 0.0465087891 -0.996582031
vn -0.115783691 0.0479431152 -0.9921875
vn -0.12286377 0.0244445801 -0.9921875
vn -0.125244141 0.012336731 -0.9921875
vn -0.125244141 0.012336731 -0.9921875
vn -0.104187012 0.0696411133 -0.9921875
vn -0.0886230469 0.0886230469 -0.9921875
vn -0.0886230469 0.0886230469 -0.9921875
vn -0.0696411133 0.104187012 -0.9921875
vn -0.0696411133 0.104187012 -0.9921875
vn 0.382568359 0.923828125 0
vn 0.382568359 0.923828125 0
vn 0.382568359 0.923828125 0
vn 0.382568359 0.923828125 0
vn -0.290283203 0.95703125 0
vn -0.290283203 0.95703125 0
vn -0.382568359 0.923828125 0
vn -0.382568359 0.923828125 0
vn -0.471435547 0.881835938 0
vn -0.471435547 0.881835938 0
vn -0.923828125 -0.382568359 0
vn -0.923828125 -0.382568359 0
vn -0.923828125 -0.382568359 0
vn -0.923828125 -0.382568359 0
vn 0.923828125 0.382568359 0
vn 0.923828125 0.382568359 0
vn 0.923828125 0.382568359 0
vn 0.923828125 0.382568359 0
vn -0.70703125 0.70703125 0
vn -0.70703125 0.70703125 0
vn -0.70703125 0.70703125 0
vn -0.70703125 0.70703125 0
vn -0.869628906 -0.493896484 1.78813934E-07
vn -0.861328125 -0.5078125 1.1920929E-07
vn -0.881835938 -0.471435547 1.78813934E-07
vn -0.881835938 -0.471435547 1.78813934E-07
vn -0.881835938 -0.471435547 1.78813934E-07
vn 0.70703125 -0.70703125 8.34465027E-07
vn 0.70703125 -0.70703125 8.34465027E-07
vn 0.70703125 -0.70703125 8.34465027E-07
vn 0.70703125 -0.70703125 8.34465027E-07
vn 0.70703125 -0.70703125 8.34465027E-07
vn 0.70703125 -0.70703125 -1.1920929E-07
vn 0.70703125 -0.70703125 -1.1920929E-07
vn -0.471435547 -0.881835938 0
vn -0.471435547 -0.881835938 0
vn -0.471435547 -0.881835938 0
vn -0.471435547 -0.881835938 0
vn -0.772949219 -0.634277344 0
vn -0.772949219 -0.634277344 0
vn -0.685546875 -0.728027344 0
vn -0.70703125 -0.70703125 0
vn -0.634277344 -0.772949219 0
vn -0.634277344 -0.772949219 0
vn 0.70703125 -0.70703125 0
vn 0.70703125 -0.70703125 0
vn 0.70703125 -0.70703125 0
vn 0.70703125 -0.70703125 0
vn -0.828613281 -0.559570312 0
vn -0.861328125 -0.5078125 1.1920929E-07
vn -0.869628906 -0.493896484 1.78813934E-07
vn -0.828613281 -0.559570312 0
vn -0.476318359 0.476318359 0.739257812
vn -0.476318359 0.476318359 0.739257812
vn -0.476318359 0.476318359 0.739257812
vn -0.476318359 0.476318359 0.739257812
vn -0.980957031 -0.195068359 0
vn -0.910644531 -0.412841797 0
vn -0.923828125 -0.382568359 0
vn -0.980957031 -0.195068359 0
vn -1 0 0
vn -1 0 0
vn -0.980957031 0.195068359 0
vn -0.980957031 0.195068359 0
vn -0.923828125 0.382568359 0
vn -0.923828125 0.382568359 0
vn -0.831542969 0.555664062 0
vn -0.831542969 0.555664062 0
vn -0.70703125 0.70703125 0
vn -0.70703125 0.70703125 0
vn -0.555664062 0.831542969 0
vn -0.555664062 0.831542969 0
vn -0.382568359 0.923828125 0
vn -0.382568359 0.923828125 0
vn -0.195068359 0.980957031 0
vn -0.195068359 0.980957031 0
vn -4.76837158E-07 1 0
vn -4.76837158E-07 1 0
vn 0.227172852 0.973632812 0
vn 0.195068359 0.980957031 0
vn 0.923828125 -0.382568359 0
vn 0.980957031 -0.195068359 0
vn 0.980957031 -0.195068359 0
vn 0.923828125 -0.382568359 0
vn 0.831542969 -0.555664062 0
vn 0.831542969 -0.555664062 0
vn 0.70703125 -0.70703125 0
vn 0.70703125 -0.70703125 0
vn 0.555664062 -0.831542969 0
vn 0.555664062 -0.831542969 0
vn 0.382568359 -0.923828125 0
vn 0.382568359 -0.923828125 0
vn 0.195068359 -0.980957031 0
vn 0.195068359 -0.980957031 0
vn -4.76837158E-07 -1 0
vn -4.76837158E-07 -1 0
vn -0.910644531 -0.412841797 0
vn -0.831542969 -0.555664062 0
vn -0.923828125 -0.382568359 0
vn -0.831542969 -0.555664062 0
vn -0.70703125 -0.70703125 0
vn -0.831542969 -0.555664062 0
vn -0.881835938 -0.471435547 0
vn -0.70703125 -0.70703125 0
vn -0.70703125 -0.70703125 0
vn -0.555664062 -0.831542969 0
vn -0.555664062 -0.831542969 0
vn -0.555664062 -0.831542969 0
vn -0.471435547 -0.881835938 0
vn -0.382568359 -0.923828125 0
vn -0.412841797 -0.910644531 0
vn -0.195068359 -0.980957031 0
vn -0.195068359 -0.980957031 0
vn -4.76837158E-07 -1 0
vn -4.76837158E-07 -1 0
vn -0.831542969 0.555664062 0
vn -0.831542969 0.555664062 0
vn -0.923828125 0.382568359 -1.1920929E-07
vn -0.923828125 0.382568359 0
vn -0.923828125 0.382568359 0
vn -0.980957031 0.195068359 0
vn -0.980957031 0.195068359 0
vn -0.980957031 0.195068359 0
vn -1 3.57627869E-07 0
vn -1 3.57627869E-07 0
vn -0.70703125 0.70703125 0
vn -0.831542969 0.555664062 0
vn -0.70703125 0.70703125 -1.1920929E-07
vn -0.70703125 0.70703125 0
vn -0.70703125 0.70703125 0
vn -0.831542969 0.555664062 0
vn -0.555664062 0.831542969 0
vn -0.70703125 0.70703125 0
vn -0.555664062 0.831542969 0
vn -0.382568359 0.923828125 0
vn -0.555664062 0.831542969 -1.1920929E-07
vn -0.382568359 0.923828125 0
vn -0.195068359 0.980957031 0
vn -0.195068359 0.980957031 0
vn -5.36441803E-07 1 0
vn -6.55651093E-07 1 0
vn -0.831542969 0.555664062 0
vn -0.923828125 0.382568359 0
vn -0.923828125 0.382568359 0
vn -0.923828125 0.382568359 -1.1920929E-07
vn -0.980957031 0.195068359 -1.1920929E-07
vn -0.980957031 0.195068359 0
vn -0.980957031 0.195068359 -1.1920929E-07
vn -1 3.57627869E-07 0
vn -1 3.57627869E-07 0
vn -0.980957031 -0.195068359 -1.1920929E-07
vn -0.980957031 -0.195068359 0
vn -0.95703125 -0.290283203 -2.38418579E-07
vn -0.980957031 -0.195068359 0
vn -0.95703125 -0.290283203 -1.1920929E-07
vn -0.95703125 -0.290283203 0
vn 0.0980224609 0.995117188 0
vn 0.0980224609 0.995117188 0
vn -6.55651093E-07 1 0
vn -5.36441803E-07 1 0
vn 0.0980224609 0.995117188 0
vn -5.36441803E-07 1 0
vn -3.57627869E-07 1 0
vn -5.36441803E-07 -1 0
vn -6.55651093E-07 -1 0
vn 0.195068359 -0.980957031 0
vn 0.195068359 -0.980957031 0
vn 0.195068359 -0.980957031 0
vn 0.382568359 -0.923828125 0
vn 0.382568359 -0.923828125 0
vn 0.195068359 -0.980957031 0
vn 0.382568359 -0.923828125 0
vn 0.382568359 -0.923828125 0
vn 0.555664062 -0.831542969 0
vn 0.555664062 -0.831542969 0
vn -3.57627869E-07 -1 0
vn 0.195068359 -0.980957031 0
vn -5.36441803E-07 -1 0
vn 0.382568359 -0.923828125 0
vn 0.555664062 -0.831542969 0
vn 0.555664062 -0.831542969 0
vn 0.555664062 -0.831542969 0
vn 0.70703125 -0.70703125 1.1920929E-07
vn 0.70703125 -0.70703125 5.36441803E-07
vn 0.555664062 -0.831542969 0
vn 0.70703125 -0.70703125 9.53674316E-07
vn 0.831542969 -0.555664062 1.1920929E-07
vn 0.831542969 -0.555664062 1.01327896E-06
vn 0.70703125 -0.70703125 9.53674316E-07
vn 0.923828125 -0.382568359 0
vn 0.831542969 -0.555664062 1.90734863E-06
vn 0.923828125 -0.382568359 4.76837158E-07
vn 0.980957031 -0.195068359 1.1920929E-07
vn 0.980957031 -0.195068359 0
vn 0.923828125 -0.382568359 9.53674316E-07
vn 0.980957031 -0.195068359 0
vn 0.995117188 -0.0980224609 1.1920929E-07
vn 0.995117188 -0.0980224609 0
vn 0.923828125 -0.382568359 4.76837158E-07
vn 0.980957031 -0.195068359 0
vn 0.980957031 -0.195068359 0
vn 0.980957031 -0.195068359 1.1920929E-07
vn 0.995117188 -0.0980224609 2.38418579E-07
vn 0.995117188 -0.0980224609 1.1920929E-07
vn -0.290283203 -0.95703125 0
vn -0.290283203 -0.95703125 0
vn -0.195068359 -0.980957031 0
vn -0.195068359 -0.980957031 0
vn -6.55651093E-07 -1 0
vn -5.36441803E-07 -1 0
vn -0.195068359 -0.980957031 0
vn -5.36441803E-07 -1 0
vn -3.57627869E-07 -1 0
vn -0.555664062 0.831542969 0
vn -0.555664062 0.831542969 -1.1920929E-07
vn -0.70703125 0.70703125 -1.1920929E-07
vn -0.70703125 0.70703125 0
vn -0.382568359 0.923828125 0
vn -0.555664062 0.831542969 0
vn -0.382568359 0.923828125 0
vn -0.195068359 0.980957031 0
vn -0.195068359 0.980957031 0
vn -3.57627869E-07 1 0
vn -5.36441803E-07 1 0
vn -0.980957031 0.195068359 0
vn -0.980957031 0.195068359 0
vn -0.980957031 0.195068359 0
vn -0.980957031 0.195068359 0
vn -0.980957031 0.195068359 0
vn -0.980957031 0.195068359 0
vn -0.382568359 0.923828125 0
vn -0.382568359 0.923828125 0
vn -0.382568359 0.923828125 0
vn -0.499267578 0.866210938 0
vn -0.382568359 0.923828125 0
vn -0.549316406 0.835449219 0
vn 0.980957031 -0.195068359 0
vn 1 0 0
vn 0.980957031 -0.195068359 0
vn 1 0 0
vn 0.980957031 0.195068359 0
vn 0.973632812 0.227172852 0
vn -0 0 1
vn -0 0 1
vn -0 0 1
vn -0 0 1
vn 1.31130219E-06 0 1
vn 1.31130219E-06 0 1
vn 1.31130219E-06 0 1
vn 1.31130219E-06 0 1
vn -0 0 1
vn -0 0 1
vn -6.55651093E-07 0 1
vn -6.55651093E-07 0 1
vn -6.55651093E-07 0 1
vn -6.55651093E-07 0 1
vn 6.55651093E-07 0 1
vn 6.55651093E-07 0 1
vn -0 0 1
vn -0 0 1
vn -4.76837158E-07 0 1
vn -4.76837158E-07 0 1
vn -0 0 1
vn -0 0 1
vn -0 0 1
vn -3.57627869E-07 0 1
vn -3.57627869E-07 0 1
vn 0.995117188 0.0980224609 0
vn 0.995117188 0.0980224609 0
vn 0.995117188 0.0980224609 0
vn 0.995117188 0.0980224609 0
vn 0.995117188 0.0980224609 0
vn 0.995117188 0.0980224609 0
vn 0.995117188 0.0980224609 0
vn -3.57627869E-07 0 1
vn -0 0 1
vn -0 0 1
vn -3.57627869E-07 0 1
vn -6.55651093E-07 0 1
vn -6.55651093E-07 0 1
vn -6.55651093E-07 0 1
vn -3.57627869E-07 0 1
vn -3.57627869E-07 0 1
vn 1.01327896E-06 0 1
vn 1.01327896E-06 0 1
vn 1.01327896E-06 0 1
vn 1.01327896E-06 0 1
vn -0 0 1
vn -0 0 1
vn -1.31130219E-06 0 1
vn -1.31130219E-06 0 1
vn -1.31130219E-06 0 1
vn -1.31130219E-06 0 1
vn -0 0 1
vn -0 0 1
vn -0 0 1
vn -0 0 1
vn -0 0 1
vn -0 0 1
vn -6.55651093E-07 0 1
vn -6.55651093E-07 0 1
vn -0 0 1
vn -0 0 1
vn 0.923828125 -0.382568359 0
vn 0.923828125 -0.382568359 0
vn 0.923828125 -0.382568359 0
vn 0.923828125 -0.382568359 0
vn 0.923828125 -0.382568359 1.78813934E-07
vn 0.923828125 -0.382568359 0
vn 0.923828125 -0.382568359 1.78813934E-07
vn 0.195068359 -0.980957031 0
vn 0.195068359 -0.980957031 0
vn 0.195068359 -0.980957031 0
vn 0.195068359 -0.980957031 0
vn 0.195068359 -0.980957031 0
vn 0.195068359 -0.980957031 0
vn 0.195068359 -0.980957031 0
vn -0.125244141 -0.012336731 -0.9921875
vn -0.125244141 -0.012336731 -0.9921875
vn -0.125244141 -0.012336731 -0.9921875
vn -0.125244141 -0.012336731 -0.9921875
vn -0.0696411133 0.104187012 -0.9921875
vn -0.0696411133 0.104187012 -0.9921875
vn -0.0479431152 0.115783691 -0.9921875
vn -0.0479431152 0.115783691 -0.9921875
vn -0.0244445801 0.12286377 -0.9921875
vn -0.0244445801 0.12286377 -0.9921875
vn -0 0.125244141 -0.9921875
vn -0 0.125244141 -0.9921875
vn 0.0244445801 0.12286377 -0.9921875
vn 0.0244445801 0.12286377 -0.9921875
vn 0.0365600586 0.120483398 -0.9921875
vn 0.0365600586 0.120483398 -0.9921875
vn -0 0 -1
vn -0 0 -1
vn -0 0 -1
vn -0 0 -1
vn -0 0 -1
vn -0 0 -1
vn -0 0 -1
vn -0 0 -1
vn -0.469726562 -0.87890625 -0.0831298828
vn -0.469726562 -0.87890625 -0.0831298828
vn -0.552734375 -0.829101562 -0.0852050781
vn -0.554199219 -0.827636719 -0.0852050781
vn -0.704589844 -0.704589844 -0.0868530273
vn -0.704589844 -0.704589844 -0.0868530273
vn -0.829101562 -0.552734375 -0.0852050781
vn -0.827636719 -0.554199219 -0.0852050781
vn -0.87890625 -0.469726562 -0.0831298828
vn -0.87890625 -0.469726562 -0.0831298828
vn -0 0 -1
vn -2.38418579E-07 0 -1
vn -0 0 -1
vn -3.57627869E-07 0 -1
vn -5.96046448E-07 0 -1
vn -5.96046448E-07 0 -1
vn -0.70703125 0.70703125 8.34465027E-07
vn -0.70703125 0.70703125 8.34465027E-07
vn -0.70703125 0.70703125 8.34465027E-07
vn -0.70703125 0.70703125 8.34465027E-07
vn -0.290283203 -0.95703125 0
vn -0.290283203 -0.95703125 0
vn -0.195068359 -0.980957031 0
vn -0.195068359 -0.980957031 0
vn 2.38418579E-07 -1 0
vn -0.195068359 -0.980957031 0
vn 2.38418579E-07 -1 0
vn -0.195068359 -0.980957031 0
vn -0.382568359 -0.923828125 0
vn -0.382568359 -0.923828125 0
vn -0.555664062 -0.831542969 0
vn -0.555664062 -0.831542969 0
vn -0.70703125 -0.70703125 0
vn -0.70703125 -0.70703125 0
vn -0.772949219 -0.634277344 0
vn -0.772949219 -0.634277344 0
vn 0.382568359 -0.923828125 0
vn 0.382568359 -0.923828125 0
vn 0.382568359 -0.923828125 0
vn 0.382568359 -0.923828125 0
vn -0.995117188 -0.0980224609 0
vn -1 0 0
vn -0.995117188 -0.0980224609 0
vn -1 0 0
vn -0.980957031 0.195068359 0
vn -0.973632812 0.227172852 0
vn -0.923828125 0.382568359 0
vn -0.923828125 0.382568359 0
vn -0.95703125 0.290283203 0
vn -0.831542969 0.555664062 0
vn -0.923828125 0.382568359 0
vn -0.973632812 0.227172852 0
vn -0.831542969 0.555664062 0
vn -0.70703125 0.70703125 0
vn -0.70703125 0.70703125 0
vn -0.555664062 0.831542969 0
vn -0.831542969 0.555664062 0
vn -0.923828125 0.382568359 0
vn -0.555664062 0.831542969 0
vn -0.382568359 0.923828125 0
vn -0.923828125 0.382568359 0
vn -0.980957031 0.195068359 0
vn -0.831542969 0.555664062 0
vn -0.831542969 0.555664062 0
vn -0.70703125 0.70703125 0
vn -0.70703125 0.70703125 0
vn -0.70703125 0.70703125 0
vn -0.555664062 0.831542969 0
vn -0.382568359 0.923828125 0
vn -0.195068359 0.980957031 0
vn -0.555664062 0.831542969 0
vn -0.555664062 0.831542969 0
vn -0.382568359 0.923828125 0
vn -0.227172852 0.973632812 0
vn 2.38418579E-07 1 0
vn -0.382568359 0.923828125 0
vn 2.38418579E-07 1 0
vn 0.0980224609 0.995117188 0
vn 0.0980224609 0.995117188 0
vn -0.290283203 0.95703125 0
vn -0.382568359 0.923828125 0
vn -0.195068359 0.980957031 0
vn -0.227172852 0.973632812 0
vn -0 0 1
vn -0 0 1
vn -0 0 1
vn -0 0 1
vn -0 0 1
vn -0 0 1
vn -0 0 1
vn -0 0 1
vn -0 0 1
vn -0 0 1
vn -0 0 1
vn -0 0 1
vn -0 0 1
vn -0 0 1
vn -0 0 1
vn -0 0 1
vn -0 0 1
vn -0 0 1
vn -0 0 1
vn -0 0 1
vn -0 0 1
vn -0 0 1
vn -0 0 1
vn -0 0 1
vn -0 0 1
vn -0 0 1
vn -0 0 1
vn -0 0 1
vn -0.0465087891 -0.0695800781 -0.996582031
vn -2.38418579E-07 0 -1
vn 1.78813934E-07 0 -1
vn -0.0225219727 -0.0543823242 -0.998046875
vn 5.96046448E-07 0 -1
vn -0.0163269043 -0.0820922852 -0.996582031
vn -0.0479431152 -0.115783691 -0.9921875
vn -0.0696411133 -0.104187012 -0.9921875
vn -0.0244445801 -0.12286377 -0.9921875
vn -0.0886230469 -0.0886230469 -0.9921875
vn -0 -0.125244141 -0.9921875
vn -0.0886230469 -0.0886230469 -0.9921875
vn -0 -0.125244141 -0.9921875
vn 0.012336731 -0.125244141 -0.9921875
vn 0.012336731 -0.125244141 -0.9921875
vn -0.104187012 -0.0696411133 -0.9921875
vn -0.104187012 -0.0696411133 -0.9921875
vn -0.115783691 -0.0479431152 -0.9921875
vn -0.115783691 -0.0479431152 -0.9921875
vn -0.12286377 -0.0244445801 -0.9921875
vn -0.12286377 -0.0244445801 -0.9921875
vn -0.125244141 0 -0.9921875
vn -0.125244141 0 -0.9921875
vn -0.12286377 0.0244445801 -0.9921875
vn -0.12286377 0.0244445801 -0.9921875
vn -0.120483398 0.0365600586 -0.9921875
vn -0.120483398 0.0365600586 -0.9921875
vn 0.634277344 0.772949219 0
vn 0.70703125 0.70703125 0
vn 0.634277344 0.772949219 0
vn 0.70703125 0.70703125 0
vn 0.831542969 0.555664062 0
vn 0.831542969 0.555664062 0
vn 0.923828125 0.382568359 0
vn 0.923828125 0.382568359 0
vn 0.980957031 0.195068359 0
vn 0.980957031 0.195068359 0
vn 1 0 0
vn 1 0 0
vn 0.980957031 -0.195068359 0
vn 0.980957031 -0.195068359 0
vn 0.95703125 -0.290283203 0
vn 0.95703125 -0.290283203 0
vn -0 0 -1
vn -0 0 -1
vn -0 0 -1
vn -0 0 -1
vn -2.38418579E-07 0 -1
vn -1.1920929E-07 0 -1
vn 1.1920929E-07 0 -1
vn -0 0 -1
vn -3.57627869E-07 0 -1
vn -1.78813934E-07 0 -1
vn -4.76837158E-07 0 -1
vn -4.76837158E-07 0 -1
vn -4.17232513E-07 0 -1
vn -4.17232513E-07 0 -1
vn -1.1920929E-07 0 -1
vn -2.38418579E-07 0 -1
vn -0 0 1
vn -0 0 1
vn -0 0 1
vn -0 0 1
vn -0 0 1
vn -0 0 1
vn -0 0 1
vn -0 0 1
vn -0 0 1
vn -0 0 1
vn -0 0 1
vn -0 0 1
vn -0 0 1
vn -0 0 1
vn -0 0 1
vn -0 0 1
vn 1.78813934E-07 0 1
vn 1.78813934E-07 0 1
vn 0.290283203 -0.95703125 0
vn 0.195068359 -0.980957031 0
vn 0.290283203 -0.95703125 0
vn 0.195068359 -0.980957031 0
vn 2.38418579E-07 -1 0
vn 2.38418579E-07 -1 0
vn -5.96046448E-07 0 -1
vn -1.37090683E-06 0 -1
vn -1.37090683E-06 0 -1
vn -7.74860382E-07 0 -1
vn 6.55651093E-07 0 -1
vn 6.55651093E-07 0 -1
vn 7.74860382E-07 0 -1
vn 5.96046448E-07 0 -1
vn -0 0 -1
vn -0 0 -1
vn -0.881835938 -0.471435547 0
vn -0.923828125 -0.382568359 0
vn -0.881835938 -0.471435547 0
vn -0.923828125 -0.382568359 0
vn -0.95703125 -0.290283203 0
vn -0.95703125 -0.290283203 0
vn 0.0820922852 0.0163269043 -0.996582031
vn -0 0 -1
vn -0 0 -1
vn 0.0543823242 0.0225219727 -0.998046875
vn -0 0 -1
vn 0.0695800781 0.0465087891 -0.996582031
vn 0.115783691 0.0479431152 -0.9921875
vn 0.12286377 0.0244445801 -0.9921875
vn 0.125244141 0.012336731 -0.9921875
vn 0.125244141 0.012336731 -0.9921875
vn 0.104187012 0.0696411133 -0.9921875
vn 0.0886230469 0.0886230469 -0.9921875
vn 0.0886230469 0.0886230469 -0.9921875
vn 0.0696411133 0.104187012 -0.9921875
vn 0.0696411133 0.104187012 -0.9921875
vn -0.382568359 0.923828125 0
vn -0.382568359 0.923828125 0
vn -0.382568359 0.923828125 0
vn -0.382568359 0.923828125 0
vn 0.290283203 0.95703125 0
vn 0.382568359 0.923828125 0
vn 0.290283203 0.95703125 0
vn 0.382568359 0.923828125 0
vn 0.471435547 0.881835938 0
vn 0.471435547 0.881835938 0
vn 0.923828125 -0.382568359 0
vn 0.923828125 -0.382568359 0
vn 0.923828125 -0.382568359 0
vn 0.923828125 -0.382568359 0
vn -0.923828125 0.382568359 0
vn -0.923828125 0.382568359 0
vn -0.923828125 0.382568359 0
vn -0.923828125 0.382568359 0
vn 0.70703125 0.70703125 0
vn 0.70703125 0.70703125 0
vn 0.70703125 0.70703125 0
vn 0.70703125 0.70703125 0
vn 0.881835938 -0.471435547 0
vn 0.881835938 -0.471435547 0
vn 0.861328125 -0.5078125 0
vn 0.869628906 -0.493896484 0
vn 0.881835938 -0.471435547 0
vn -0.70703125 -0.70703125 8.34465027E-07
vn -0.70703125 -0.70703125 8.34465027E-07
vn -0.70703125 -0.70703125 8.34465027E-07
vn -0.70703125 -0.70703125 8.34465027E-07
vn -0.70703125 -0.70703125 8.34465027E-07
vn -0.70703125 -0.70703125 0
vn -0.70703125 -0.70703125 0
vn 0.471435547 -0.881835938 0
vn 0.471435547 -0.881835938 0
vn 0.471435547 -0.881835938 0
vn 0.471435547 -0.881835938 0
vn -0 0 1
vn -0 0 1
vn -0 0 1
vn 0.772949219 -0.634277344 0
vn 0.685546875 -0.728027344 0
vn 0.772949219 -0.634277344 0
vn 0.70703125 -0.70703125 0
vn 0.634277344 -0.772949219 0
vn 0.634277344 -0.772949219 0
vn -0.70703125 -0.70703125 0
vn -0.70703125 -0.70703125 0
vn -0.70703125 -0.70703125 0
vn -0.70703125 -0.70703125 0
vn 0.828613281 -0.559570312 0
vn 0.828613281 -0.559570312 0
vn 0.869628906 -0.493896484 0
vn 0.861328125 -0.5078125 0
vn 0.476318359 0.476318359 0.739257812
vn 0.476318359 0.476318359 0.739257812
vn 0.476318359 0.476318359 0.739257812
vn 0.476318359 0.476318359 0.739257812
vn -0.995117188 0.0980224609 0
vn -1 4.17232513E-07 0
vn -0.995117188 0.0980224609 0
vn -1 4.17232513E-07 0
vn -0.980957031 -0.195068359 0
vn -0.980957031 -0.195068359 0
vn -0.923828125 -0.382568359 0
vn -0.923828125 -0.382568359 0
vn -0.881835938 -0.471435547 0
vn -0.881835938 -0.471435547 0
vn -0.980957031 -0.195068359 0
vn -0.980957031 -0.195068359 0
vn -0.923828125 -0.382568359 4.76837158E-07
vn -0.995117188 -0.0980224609 1.1920929E-07
vn -0.995117188 -0.0980224609 2.38418579E-07
vn -0.980957031 -0.195068359 1.1920929E-07
vn -0.831542969 -0.555664062 1.60932541E-06
vn -0.923828125 -0.382568359 4.76837158E-07
vn -0.831542969 -0.555664062 8.34465027E-07
vn -0.70703125 -0.70703125 6.55651093E-07
vn -0.70703125 -0.70703125 4.17232513E-07
vn -0.923828125 -0.382568359 0
vn -0.980957031 -0.195068359 1.1920929E-07
vn -0.980957031 -0.195068359 0
vn -0.831542969 -0.555664062 1.1920929E-07
vn -0.70703125 -0.70703125 1.1920929E-07
vn -0.555664062 -0.831542969 0
vn -0.555664062 -0.831542969 0
vn -0.980957031 -0.195068359 0
vn -0.995117188 -0.0980224609 1.1920929E-07
vn -0.995117188 -0.0980224609 0
vn -0.382568359 -0.923828125 0
vn -0.555664062 -0.831542969 0
vn -0.382568359 -0.923828125 0
vn -0.555664062 -0.831542969 0
vn -0.70703125 -0.70703125 6.55651093E-07
vn -0.555664062 -0.831542969 0
vn -0.382568359 -0.923828125 0
vn -0.555664062 -0.831542969 0
vn -0.382568359 -0.923828125 0
vn -0.195068359 -0.980957031 0
vn -0.195068359 -0.980957031 0
vn -0.195068359 -0.980957031 0
vn -0.382568359 -0.923828125 0
vn 3.57627869E-07 -1 0
vn -0.195068359 -0.980957031 0
vn 5.36441803E-07 -1 0
vn 5.36441803E-07 -1 0
vn -0.195068359 -0.980957031 0
vn 6.55651093E-07 -1 0
vn 0.980957031 -0.195068359 0
vn 0.923828125 -0.382568359 0
vn 0.910644531 -0.412841797 0
vn 0.980957031 -0.195068359 0
vn 1 0 0
vn 1 0 0
vn 0.980957031 0.195068359 0
vn 0.980957031 0.195068359 0
vn 0.923828125 0.382568359 0
vn 0.923828125 0.382568359 0
vn 0.831542969 0.555664062 0
vn 0.831542969 0.555664062 0
vn 0.70703125 0.70703125 0
vn 0.70703125 0.70703125 0
vn 0.555664062 0.831542969 0
vn 0.555664062 0.831542969 0
vn 0.382568359 0.923828125 0
vn 0.382568359 0.923828125 0
vn 0.195068359 0.980957031 0
vn 0.195068359 0.980957031 0
vn 4.76837158E-07 1 0
vn 4.76837158E-07 1 0
vn -0.227172852 0.973632812 0
vn -0.195068359 0.980957031 0
vn -0.923828125 -0.382568359 0
vn -0.980957031 -0.195068359 0
vn -0.980957031 -0.195068359 0
vn -0.923828125 -0.382568359 0
vn -0.831542969 -0.555664062 0
vn -0.831542969 -0.555664062 0
vn -0.70703125 -0.70703125 0
vn -0.70703125 -0.70703125 0
vn -0.555664062 -0.831542969 0
vn -0.555664062 -0.831542969 0
vn -0.382568359 -0.923828125 0
vn -0.382568359 -0.923828125 0
vn -0.195068359 -0.980957031 0
vn -0.195068359 -0.980957031 0
vn 4.76837158E-07 -1 0
vn 4.76837158E-07 -1 0
vn 0.910644531 -0.412841797 0
vn 0.923828125 -0.382568359 0
vn 0.831542969 -0.555664062 0
vn 0.831542969 -0.555664062 0
vn 0.70703125 -0.70703125 0
vn 0.831542969 -0.555664062 0
vn 0.881835938 -0.471435547 0
vn 0.70703125 -0.70703125 0
vn 0.70703125 -0.70703125 0
vn 0.555664062 -0.831542969 0
vn 0.555664062 -0.831542969 0
vn 0.555664062 -0.831542969 0
vn 0.471435547 -0.881835938 0
vn 0.382568359 -0.923828125 0
vn 0.412841797 -0.910644531 0
vn 0.195068359 -0.980957031 0
vn 0.195068359 -0.980957031 0
vn 4.76837158E-07 -1 0
vn 4.76837158E-07 -1 0
vn 0.831542969 0.555664062 0
vn 0.923828125 0.382568359 -1.78813934E-07
vn 0.831542969 0.555664062 0
vn 0.923828125 0.382568359 0
vn 0.923828125 0.382568359 0
vn 0.980957031 0.195068359 0
vn 0.980957031 0.195068359 0
vn 0.980957031 0.195068359 0
vn 1 3.57627869E-07 0
vn 1 3.57627869E-07 0
vn 0.70703125 0.70703125 0
vn 0.831542969 0.555664062 0
vn 0.70703125 0.70703125 -1.1920929E-07
vn 0.70703125 0.70703125 0
vn 0.831542969 0.555664062 0
vn 0.70703125 0.70703125 0
vn 0.555664062 0.831542969 0
vn 0.70703125 0.70703125 0
vn 0.555664062 0.831542969 0
vn 0.382568359 0.923828125 0
vn 0.555664062 0.831542969 -1.78813934E-07
vn 0.382568359 0.923828125 0
vn 0.195068359 0.980957031 0
vn 0.195068359 0.980957031 0
vn 5.36441803E-07 1 0
vn 6.55651093E-07 1 0
vn 0.923828125 0.382568359 0
vn 0.923828125 0.382568359 0
vn 0.831542969 0.555664062 0
vn 0.980957031 0.195068359 -1.1920929E-07
vn 0.923828125 0.382568359 -1.78813934E-07
vn 0.980957031 0.195068359 0
vn 1 3.57627869E-07 0
vn 0.980957031 0.195068359 -1.1920929E-07
vn 1 3.57627869E-07 0
vn 0.980957031 -0.195068359 -1.1920929E-07
vn 0.980957031 -0.195068359 0
vn 0.95703125 -0.290283203 -2.38418579E-07
vn 0.980957031 -0.195068359 0
vn 0.95703125 -0.290283203 -1.1920929E-07
vn 0.95703125 -0.290283203 0
vn -0.0980224609 0.995117188 0
vn 5.36441803E-07 1 0
vn 6.55651093E-07 1 0
vn -0.0980224609 0.995117188 0
vn -0.0980224609 0.995117188 0
vn 5.36441803E-07 1 0
vn 3.57627869E-07 1 0
vn 0.290283203 -0.95703125 0
vn 0.195068359 -0.980957031 0
vn 0.290283203 -0.95703125 0
vn 0.195068359 -0.980957031 0
vn 6.55651093E-07 -1 0
vn 5.36441803E-07 -1 0
vn 0.195068359 -0.980957031 0
vn 5.36441803E-07 -1 0
vn 3.57627869E-07 -1 0
vn 0.555664062 0.831542969 0
vn 0.70703125 0.70703125 0
vn 0.70703125 0.70703125 -1.1920929E-07
vn 0.555664062 0.831542969 -1.78813934E-07
vn 0.382568359 0.923828125 0
vn 0.555664062 0.831542969 0
vn 0.382568359 0.923828125 0
vn 0.195068359 0.980957031 0
vn 0.195068359 0.980957031 0
vn 3.57627869E-07 1 0
vn 5.36441803E-07 1 0
vn 0.980957031 0.195068359 0
vn 0.980957031 0.195068359 0
vn 0.980957031 0.195068359 0
vn 0.980957031 0.195068359 0
vn 0.980957031 0.195068359 0
vn 0.980957031 0.195068359 0
vn 0.382568359 0.923828125 0
vn 0.382568359 0.923828125 0
vn 0.382568359 0.923828125 0
vn 0.499267578 0.866210938 0
vn 0.382568359 0.923828125 0
vn 0.549316406 0.835449219 0
vn 0.772949219 0.634277344 0
vn 0.772949219 0.634277344 0
vn 0.70703125 0.70703125 0
vn 0.70703125 0.70703125 0
vn 0.555664062 0.831542969 0
vn 0.555664062 0.831542969 0
vn 0.382568359 0.923828125 0
vn 0.382568359 0.923828125 0
vn 0.195068359 0.980957031 0
vn 0.195068359 0.980957031 0
vn -5.36441803E-07 1 0
vn -5.36441803E-07 1 0
vn -0.195068359 0.980957031 0
vn -0.195068359 0.980957031 0
vn -0.382568359 0.923828125 0
vn -0.382568359 0.923828125 0
vn -0.555664062 0.831542969 0
vn -0.555664062 0.831542969 0
vn -0.70703125 0.70703125 0
vn -0.70703125 0.70703125 0
vn -0.831542969 0.555664062 0
vn -0.831542969 0.555664062 0
vn -0.923828125 0.382568359 0
vn -0.923828125 0.382568359 0
vn -0.980957031 0.195068359 0
vn -0.980957031 0.195068359 0
vn -1 -4.17232513E-07 0
vn -1 -4.17232513E-07 0
vn -0.980957031 -0.195068359 0
vn -0.980957031 -0.195068359 0
vn -0.923828125 -0.382568359 0
vn -0.923828125 -0.382568359 0
vn -0.831542969 -0.555664062 0
vn -0.831542969 -0.555664062 0
vn -0.70703125 -0.70703125 0
vn -0.70703125 -0.70703125 0
vn -0.555664062 -0.831542969 0
vn -0.555664062 -0.831542969 0
vn -0.382568359 -0.923828125 0
vn -0.382568359 -0.923828125 0
vn -0.195068359 -0.980957031 0
vn -0.195068359 -0.980957031 0
vn -5.36441803E-07 -1 0
vn -5.36441803E-07 -1 0
vn 0.195068359 -0.980957031 0
vn 0.195068359 -0.980957031 0
vn 0.382568359 -0.923828125 0
vn 0.382568359 -0.923828125 0
vn 0.555664062 -0.831542969 0
vn 0.555664062 -0.831542969 0
vn 0.70703125 -0.70703125 0
vn 0.70703125 -0.70703125 0
vn 0.831542969 -0.555664062 0
vn 0.831542969 -0.555664062 0
vn 0.923828125 -0.382568359 0
vn 0.923828125 -0.382568359 0
vn 0.95703125 -0.290283203 0
vn 0.95703125 -0.290283203 0
vn -0.980957031 -0.195068359 0
vn -0.980957031 -0.195068359 0
vn -1 0 0
vn -1 0 0
vn -0.980957031 0.195068359 0
vn -0.973632812 0.227172852 0
vn -6.55651093E-07 0 1
vn -3.57627869E-07 0 1
vn -6.55651093E-07 0 1
vn -3.57627869E-07 0 1
vn -6.55651093E-07 0 1
vn -6.55651093E-07 0 1
vn -1.01327896E-06 0 1
vn -1.01327896E-06 0 1
vn -3.57627869E-07 0 1
vn -3.57627869E-07 0 1
vn 6.55651093E-07 0 1
vn 6.55651093E-07 0 1
vn 6.55651093E-07 0 1
vn 6.55651093E-07 0 1
vn -0 0 1
vn -0 0 1
vn -0 0 1
vn -0 0 1
vn -0 0 1
vn -0 0 1
vn -0 0 1
vn -0 0 1
vn -0 0 1
vn -0 0 1
vn -0 0 1
vn -0.995117188 0.0980224609 0
vn -0.995117188 0.0980224609 0
vn -0.995117188 0.0980224609 0
vn -0.995117188 0.0980224609 0
vn -0.995117188 0.0980224609 0
vn -0.995117188 0.0980224609 0
vn -0.995117188 0.0980224609 0
vn -0 0 1
vn -0 0 1
vn -0 0 1
vn -0 0 1
vn -0 0 1
vn -0 0 1
vn -0 0 1
vn -0 0 1
vn -0 0 1
vn -1.31130219E-06 0 1
vn -1.31130219E-06 0 1
vn -1.31130219E-06 0 1
vn -1.31130219E-06 0 1
vn -0 0 1
vn -0 0 1
vn 1.31130219E-06 0 1
vn 1.31130219E-06 0 1
vn 1.31130219E-06 0 1
vn 1.31130219E-06 0 1
vn 3.57627869E-07 0 1
vn 3.57627869E-07 0 1
vn -0 0 1
vn 3.57627869E-07 0 1
vn 3.57627869E-07 0 1
vn -0 0 1
vn 3.57627869E-07 0 1
vn 3.57627869E-07 0 1
vn -0 0 1
vn -0 0 1
vn -0.923828125 -0.382568359 0
vn -0.923828125 -0.382568359 0
vn -0.923828125 -0.382568359 0
vn -0.923828125 -0.382568359 0
vn -0.923828125 -0.382568359 1.78813934E-07
vn -0.923828125 -0.382568359 0
vn -0.923828125 -0.382568359 1.78813934E-07
vn -0.195068359 -0.980957031 0
vn -0.195068359 -0.980957031 0
vn -0.195068359 -0.980957031 0
vn -0.195068359 -0.980957031 0
vn -0.195068359 -0.980957031 0
vn -0.195068359 -0.980957031 0
vn -0.195068359 -0.980957031 0
vn 0.125244141 -0.0123443604 -0.9921875
vn 0.125244141 -0.0123443604 -0.9921875
vn 0.125244141 -0.0123443604 -0.9921875
vn 0.125244141 -0.0123443604 -0.9921875
vn 0.0696411133 0.104187012 -0.9921875
vn 0.0479431152 0.115783691 -0.9921875
vn 0.0696411133 0.104187012 -0.9921875
vn 0.0479431152 0.115783691 -0.9921875
vn 0.0244445801 0.12286377 -0.9921875
vn 0.0244445801 0.12286377 -0.9921875
vn -0 0.125244141 -0.9921875
vn -0 0.125244141 -0.9921875
vn -0.0244445801 0.12286377 -0.9921875
vn -0.0244445801 0.12286377 -0.9921875
vn -0.0365600586 0.120483398 -0.9921875
vn -0.0365600586 0.120483398 -0.9921875
vn -0 0 -1
vn -0 0 -1
vn -1.1920929E-07 0 -1
vn -1.1920929E-07 0 -1
vn 1.78813934E-07 0 -1
vn 1.78813934E-07 0 -1
vn -0 0 -1
vn -0 0 -1
vn 0.469726562 -0.87890625 -0.0831298828
vn 0.552734375 -0.829101562 -0.0852050781
vn 0.469726562 -0.87890625 -0.0831298828
vn 0.554199219 -0.827636719 -0.0852050781
vn 0.704589844 -0.704589844 -0.0868530273
vn 0.704589844 -0.704589844 -0.0868530273
vn 0.829101562 -0.552734375 -0.0852050781
vn 0.827636719 -0.554199219 -0.0852050781
vn 0.87890625 -0.469726562 -0.0831298828
vn 0.87890625 -0.469726562 -0.0831298828
vn -1.1920929E-07 0 -1
vn -1.1920929E-07 0 -1
vn -0 0 -1
vn 2.38418579E-07 0 -1
vn 5.96046448E-07 0 -1
vn 5.96046448E-07 0 -1
vn 0.70703125 0.70703125 1.31130219E-06
vn 0.70703125 0.70703125 1.31130219E-06
vn 0.70703125 0.70703125 1.31130219E-06
vn 0.70703125 0.70703125 1.31130219E-06
vn 0.290283203 -0.95703125 0
vn 0.195068359 -0.980957031 0
vn 0.195068359 -0.980957031 0
vn 0.290283203 -0.95703125 0
vn 0.111572266 0.988769531 -0.0986938477
vn 0.112121582 0.993652344 0
vn 0.153198242 0.98828125 0
vn 0.15246582 0.983398438 -0.0983276367
vn 0.233642578 0.972167969 0
vn 0.141479492 0.912109375 -0.384765625
vn 0.103393555 0.916015625 -0.387451172
vn 0.232543945 0.967773438 -0.0983276367
vn 0.309570312 0.950683594 0
vn 0.215698242 0.897460938 -0.384765625
vn 0.107910156 0.695800781 -0.709960938
vn 0.0784912109 0.695800781 -0.713867188
vn 0.308105469 0.946289062 -0.0983276367
vn 0.378417969 0.92578125 0
vn 0.285644531 0.877929688 -0.384521484
vn 0.164550781 0.684570312 -0.709960938
vn 0.0579223633 0.373535156 -0.92578125
vn 0.0415649414 0.368408203 -0.928710938
vn 0.376464844 0.921386719 -0.0982666016
vn 0.437988281 0.898925781 0
vn 0.349365234 0.854492188 -0.384521484
vn 0.218017578 0.669921875 -0.709960938
vn 0.0883789062 0.367675781 -0.92578125
vn 0.015007019 0.0968017578 -0.995117188
vn 0.0102157593 0.0905151367 -0.995605469
vn 0.436035156 0.89453125 -0.0982666016
vn 0.487792969 0.873046875 0
vn 0.0228881836 0.0952758789 -0.995117188
vn -0.0654296875 0 -0.998046875
vn -0 0 -1
vn 0.117126465 0.359863281 -0.92578125
vn 0.0303192139 0.0931396484 -0.995117188
vn 0.015007019 -0.0968017578 -0.995117188
vn 0.0102157593 -0.0905151367 -0.995605469
vn 0.0415649414 -0.368408203 -0.928710938
vn 0.0370788574 0.0906982422 -0.995117188
vn 0.0228881836 -0.0952758789 -0.995117188
vn 0.0429382324 0.0880737305 -0.995117188
vn 0.0579223633 -0.373535156 -0.92578125
vn 0.0784912109 -0.695800781 -0.713867188
vn 0.143310547 0.350585938 -0.925292969
vn 0.107910156 -0.695800781 -0.709960938
vn 0.103393555 -0.916015625 -0.387451172
vn 0.0883789062 -0.367675781 -0.92578125
vn 0.266601562 0.65234375 -0.709472656
vn 0.166137695 0.341064453 -0.925292969
vn 0.141479492 -0.912109375 -0.384765625
vn 0.111572266 -0.988769531 -0.0986938477
vn 0.308837891 0.633789062 -0.708984375
vn 0.0478210449 0.0855712891 -0.995117188
vn 0.185302734 0.331542969 -0.924804688
vn 0.404541016 0.830078125 -0.384277344
vn 0.343994141 0.615722656 -0.708984375
vn 0.0516662598 0.0833129883 -0.995117188
vn 0.450439453 0.806152344 -0.383789062
vn 0.200561523 0.323242188 -0.924804688
vn 0.0545043945 0.0814819336 -0.995117188
vn 0.372070312 0.599609375 -0.708496094
vn 0.485351562 0.868652344 -0.0982055664
vn 0.526855469 0.849609375 0
vn 0.211914062 0.316894531 -0.924316406
vn 0.486816406 0.784667969 -0.383544922
vn 0.524414062 0.845703125 -0.0981445312
vn 0.556152344 0.831054688 0
vn 0.392578125 0.586914062 -0.708007812
vn 0.0563354492 0.0802001953 -0.995117188
vn 0.553222656 0.827148438 -0.0980834961
vn 0.567871094 0.823242188 0
vn 0.513671875 0.767578125 -0.383300781
vn 0.219360352 0.3125 -0.924316406
vn 0.057220459 0.0795898438 -0.995117188
vn 0.406005859 0.578125 -0.707519531
vn 0.530761719 0.755859375 -0.383056641
vn 0.571777344 0.814453125 -0.0980834961
vn 0.572753906 0.815429688 0.0829467773
vn 0.567871094 0.823242188 0
vn 0.556152344 0.831054688 0
vn 0.0888061523 0.0713500977 -0.993652344
vn 0.0938110352 0.0386352539 -0.994628906
vn -0 0 -1
vn -0 0 -1
vn -0 0 -1
vn -0 0 -1
vn -0 0 -1
vn -0 0 -1
vn 0.223266602 0.310546875 -0.923828125
vn 0.319824219 0.264160156 -0.909667969
vn 0.403808594 0.210571289 -0.890136719
vn 0.412597656 0.57421875 -0.70703125
vn 0.539550781 0.540039062 -0.645996094
vn 0.647460938 0.483886719 -0.588867188
vn 0.5390625 0.75 -0.3828125
vn 0.598632812 0.732910156 -0.322998047
vn 0.470214844 0.869140625 -0.152832031
vn 0.581054688 0.808105469 -0.0980224609
vn 0.590332031 0.803222656 -0.0792236328
vn 0.581542969 0.809082031 0.083190918
vn 0.424072266 0.905273438 -0.0328063965
vn 0.198730469 0.977050781 0.0752563477
vn 0.21887207 0.975585938 0
vn 0.21887207 0.975585938 0
vn 0.196533203 0.98046875 0
vn 0.159057617 0.987304688 0
vn 0.581054688 0.809570312 0.083190918
vn 0.158691406 0.984375 0.0748901367
vn 0.117675781 0.993164062 0
vn 0.408691406 0.909179688 0.0801391602
vn 0.117431641 0.990234375 0.0746459961
vn 0.0744018555 0.997070312 0
vn 0.07421875 0.994628906 0.0744628906
vn 0.0286254883 0.999511719 0
vn 0.0285644531 0.996582031 0.0743408203
vn -0.0200653076 1 0
vn -0.0200195312 0.997070312 0.0743408203
vn -0.0721435547 0.997558594 0
vn -0.0719604492 0.994628906 0.0744018555
vn -0.127929688 0.991699219 0
vn -0.127685547 0.988769531 0.0747070312
vn -0.187866211 0.982421875 0
vn -0.1875 0.979492188 0.0751342773
vn -0.251953125 0.967773438 0
vn -0.251464844 0.96484375 0.0758056641
vn -0.315917969 0.948730469 0
vn -0.319580078 0.944335938 0.0767822266
vn -0.354980469 0.935058594 0
vn -0.354980469 0.935058594 0
vn -0.354980469 0.935058594 0
vn -0.354980469 0.935058594 0
vn -0.354003906 0.932128906 0.0745849609
vn -0.308105469 0.9140625 0.264404297
vn -0.342773438 0.902832031 0.259277344
vn -0.242431641 0.93359375 0.264404297
vn -0.180786133 0.947265625 0.264404297
vn -0.123168945 0.956542969 0.264404297
vn -0.285888672 0.842773438 0.456054688
vn -0.560058594 0.683105469 0.468505859
vn -0.224975586 0.861328125 0.455810547
vn -0.167724609 0.874511719 0.455566406
vn -0.0694580078 0.961914062 0.264648438
vn -0.114196777 0.8828125 0.455322266
vn -0.019317627 0.964355469 0.264648438
vn -0.0643920898 0.888183594 0.455322266
vn 0.027557373 0.963867188 0.264648438
vn -0.0178985596 0.890136719 0.455078125
vn 0.0716552734 0.961914062 0.264648438
vn 0.0255432129 0.890136719 0.455322266
vn 0.113342285 0.957519531 0.264648438
vn 0.0663452148 0.887695312 0.455322266
vn 0.153198242 0.952148438 0.264648438
vn 0.104980469 0.884277344 0.455322266
vn 0.191772461 0.9453125 0.264648438
vn 0.141845703 0.87890625 0.455566406
vn 0.388671875 0.882324219 0.266113281
vn 0.177612305 0.872070312 0.455566406
vn 0.5625 0.783203125 0.264648438
vn 0.367675781 0.808105469 0.459960938
vn 0.562988281 0.783203125 0.264648438
vn 0.518066406 0.721679688 0.459472656
vn 0.5546875 0.7890625 0.264648438
vn 0.518554688 0.721191406 0.459472656
vn 0.510253906 0.727050781 0.459472656
vn 0.141357422 0.697265625 0.702636719
vn 0.285644531 0.655273438 0.69921875
vn 0.412353516 0.574707031 0.70703125
vn 0.412597656 0.573730469 0.707519531
vn 0.406494141 0.578125 0.707519531
vn 0.112976074 0.702636719 0.702636719
vn 0.0835571289 0.70703125 0.702636719
vn 0.0528259277 0.709960938 0.702148438
vn 0.020324707 0.711914062 0.702148438
vn -0.0142440796 0.711914062 0.702148438
vn -0.0512084961 0.710449219 0.702148438
vn -0.0908203125 0.706542969 0.702148438
vn -0.133300781 0.699707031 0.702148438
vn -0.178710938 0.688964844 0.702148438
vn -0.226928711 0.674804688 0.702636719
vn 0.0354919434 0.474853516 0.879394531
vn 0.0136642456 0.476074219 0.879394531
vn -0.00958251953 0.476074219 0.879394531
vn -0.0344543457 0.475097656 0.879394531
vn -0.0611572266 0.472412109 0.879394531
vn -0.08984375 0.468017578 0.87890625
vn -0.120544434 0.461181641 0.87890625
vn 0.0561828613 0.472900391 0.879394531
vn 0.0759277344 0.470214844 0.879394531
vn 0.0950317383 0.466796875 0.879394531
vn 0.198486328 0.433837891 0.87890625
vn 0.278320312 0.387939453 0.87890625
vn 0.278564453 0.387451172 0.87890625
vn 0.274169922 0.390136719 0.87890625
vn 0.0325622559 0.275390625 0.9609375
vn 0.0439758301 0.2734375 0.9609375
vn 0.0549926758 0.271240234 0.9609375
vn 0.11340332 0.260498047 0.958984375
vn 0.158325195 0.220458984 0.962402344
vn 0.158081055 0.219970703 0.962402344
vn 0.155395508 0.221313477 0.962890625
vn 0.0205841064 0.276611328 0.9609375
vn 0.00792694092 0.27734375 0.9609375
vn -0.00555419922 0.277587891 0.960449219
vn -0.0199737549 0.277099609 0.960449219
vn -0.0354309082 0.275634766 0.960449219
vn -0.0520019531 0.272705078 0.960449219
vn 0.00812530518 0.0684204102 0.997558594
vn 0.00513458252 0.0687255859 0.997558594
vn 0.00197792053 0.0689086914 0.997558594
vn -0.00138759613 0.0689697266 0.997558594
vn -0.00499725342 0.0689086914 0.997558594
vn 0.0109863281 0.0680541992 0.997558594
vn -0.00888824463 0.0686645508 0.997558594
vn -0 0 1
vn 0.0137634277 0.0676269531 0.997558594
vn -0 0 1
vn -0 0 1
vn -0 0 1
vn -0 0 1
vn -0 0 1
vn -0 0 1
vn -0 0 1
vn 0.0316467285 0.0692749023 0.997070312
vn -0.0130844116 0.0681762695 0.997558594
vn -0 0 1
vn 0.0407714844 0.0567626953 0.997558594
vn -0 0 1
vn 0.0407104492 0.056640625 0.997558594
vn -0 0 1
vn -0 0 1
vn 0.0400085449 0.0570373535 0.997558594
vn -0 0 1
vn 0.0386352539 0.0578308105 0.997558594
vn -0 0 1
vn 0.150390625 0.224487305 0.962890625
vn 0.0364990234 0.0589904785 0.997558594
vn -0 0 1
vn -0 0 1
vn 0.264648438 0.396240234 0.879394531
vn 0.0336608887 0.0603942871 0.997558594
vn -0 0 1
vn -0 0 1
vn 0.142700195 0.229492188 0.962890625
vn 0.393310547 0.586914062 0.707519531
vn 0.0301055908 0.0619506836 0.997558594
vn -0 0 1
vn -0 0 1
vn 0.0258789062 0.0635375977 0.997558594
vn -0 0 1
vn -0 0 1
vn -0 0 1
vn -0 0 1
vn -0 0 1
vn 0.132202148 0.235839844 0.962890625
vn 0.493164062 0.738769531 0.459472656
vn 0.0211029053 0.0650634766 0.997558594
vn -0 0 1
vn -0 0 1
vn -0 0 1
vn -0 0 1
vn -0 0 1
vn -0 0 1
vn -0 0 1
vn 0.536621094 0.801269531 0.264892578
vn 0.0158691406 0.0662841797 0.997558594
vn -0 0 1
vn 0.553710938 0.828613281 0.0823364258
vn 0.524902344 0.847167969 0.0815429688
vn 0.526855469 0.849609375 0
vn 0.508789062 0.818847656 0.265136719
vn 0.467529297 0.755371094 0.459472656
vn 0.485839844 0.870117188 0.0804443359
vn 0.487792969 0.873046875 0
vn 0.470947266 0.841308594 0.265136719
vn 0.436279297 0.896484375 0.079284668
vn 0.437988281 0.898925781 0
vn 0.373046875 0.599609375 0.708007812
vn 0.432617188 0.775878906 0.458984375
vn 0.423095703 0.866210938 0.265380859
vn 0.376708984 0.922851562 0.0780639648
vn 0.378417969 0.92578125 0
vn 0.250488281 0.404785156 0.879394531
vn 0.345458984 0.616210938 0.708007812
vn 0.231323242 0.415283203 0.879882812
vn 0.118835449 0.243041992 0.962890625
vn 0.207397461 0.427246094 0.879882812
vn 0.102783203 0.250488281 0.962890625
vn 0.310302734 0.634277344 0.708007812
vn 0.0842285156 0.257568359 0.962402344
vn 0.178833008 0.439453125 0.880371094
vn 0.388427734 0.799316406 0.458740234
vn 0.268310547 0.653808594 0.707519531
vn 0.146240234 0.450927734 0.880371094
vn 0.063659668 0.263671875 0.962402344
vn 0.335205078 0.823242188 0.458251953
vn 0.219604492 0.671875 0.707519531
vn 0.365478516 0.892089844 0.265625
vn 0.274414062 0.845703125 0.457763672
vn 0.110229492 0.4609375 0.880371094
vn 0.010383606 0.067199707 0.997558594
vn -0 0 1
vn 0.299072266 0.916503906 0.265869141
vn 0.165893555 0.687011719 0.707519531
vn 0.041809082 0.268310547 0.962402344
vn 0.308349609 0.948242188 0.0769042969
vn 0.309570312 0.950683594 0
vn 0.20703125 0.864746094 0.457519531
vn 0.072265625 0.468261719 0.880859375
vn 0.232666016 0.969726562 0.0759277344
vn 0.233642578 0.972167969 0
vn 0.225830078 0.937011719 0.265869141
vn 0.108825684 0.698730469 0.70703125
vn 0.152587891 0.985351562 0.0751342773
vn 0.153198242 0.98828125 0
vn 0.135742188 0.87890625 0.45703125
vn 0.148071289 0.952636719 0.265869141
vn 0.111816406 0.990722656 0.0750732422
vn 0.112121582 0.993652344 0
vn 0.108032227 0.957519531 0.267089844
vn 0.0996704102 0.883300781 0.458251953
vn 0.0787963867 0.698242188 0.711425781
vn 0.0528564453 0.468505859 0.881835938
vn 0.0298461914 0.264404297 0.963867188
vn 0.00708389282 0.0627441406 0.998046875
vn -0 0 1
vn 0.00708389282 -0.0627441406 0.998046875
vn 0.010383606 -0.067199707 0.997558594
vn 0.041809082 -0.268310547 0.962402344
vn 0.0298461914 -0.264404297 0.963867188
vn 0.0158691406 -0.0662841797 0.997558594
vn 1.1920929E-07 0 1
vn 0.0211029053 -0.0650634766 0.997558594
vn 1.1920929E-07 0 1
vn 1.1920929E-07 0 1
vn 1.1920929E-07 0 1
vn 1.1920929E-07 0 1
vn 0.0258789062 -0.0635375977 0.997558594
vn 1.1920929E-07 0 1
vn 1.1920929E-07 0 1
vn 1.1920929E-07 0 1
vn 0.063659668 -0.263671875 0.962402344
vn 0.072265625 -0.468261719 0.880859375
vn 0.0528564453 -0.468505859 0.881835938
vn 0.0842285156 -0.257568359 0.962402344
vn 0.110229492 -0.4609375 0.880371094
vn 0.108825684 -0.698730469 0.70703125
vn 0.0787963867 -0.698242188 0.711425781
vn 0.0301055908 -0.0619506836 0.997558594
vn 1.1920929E-07 0 1
vn 0.102783203 -0.250488281 0.962890625
vn 0.146240234 -0.450927734 0.880371094
vn 0.165893555 -0.687011719 0.707519531
vn 0.135742188 -0.87890625 0.45703125
vn 0.0996704102 -0.883300781 0.458251953
vn 0.0336608887 -0.0603942871 0.997558594
vn 1.1920929E-07 0 1
vn 1.1920929E-07 0 1
vn 0.178833008 -0.439453125 0.880371094
vn 0.219604492 -0.671875 0.707519531
vn 0.20703125 -0.864746094 0.457519531
vn 0.148071289 -0.952636719 0.265869141
vn 0.108032227 -0.957519531 0.267089844
vn 0.0364990234 -0.0589904785 0.997558594
vn 1.1920929E-07 0 1
vn 1.1920929E-07 0 1
vn 0.268310547 -0.653808594 0.707519531
vn 0.274414062 -0.845703125 0.457763672
vn 0.225830078 -0.937011719 0.265869141
vn 0.152587891 -0.985351562 0.0751342773
vn 0.111816406 -0.990722656 0.0750732422
vn 0.112121582 -0.993652344 0
vn 0.153198242 -0.98828125 0
vn 0.232666016 -0.969726562 0.0759277344
vn 0.233642578 -0.972167969 0
vn 0.308349609 -0.948242188 0.0769042969
vn 0.309570312 -0.950683594 0
vn 0.299072266 -0.916503906 0.265869141
vn 0.376708984 -0.922851562 0.0780639648
vn 0.378417969 -0.92578125 0
vn 0.365478516 -0.892089844 0.265625
vn 0.436279297 -0.896484375 0.079284668
vn 0.437988281 -0.898925781 0
vn 0.335205078 -0.823242188 0.458251953
vn 0.485839844 -0.870117188 0.0804443359
vn 0.487792969 -0.873046875 0
vn 0.423095703 -0.866210938 0.265380859
vn 0.388427734 -0.799316406 0.458740234
vn 0.524902344 -0.847167969 0.0815429688
vn 0.526855469 -0.849609375 0
vn 0.470947266 -0.841308594 0.265136719
vn 0.310302734 -0.634277344 0.708007812
vn 0.553710938 -0.828613281 0.0823364258
vn 0.556152344 -0.831054688 0
vn 0.567871094 -0.823242188 0
vn 0.432617188 -0.775878906 0.458984375
vn 0.508789062 -0.818847656 0.265136719
vn 0.207397461 -0.427246094 0.879882812
vn 0.345458984 -0.616210938 0.708007812
vn 0.467529297 -0.755371094 0.459472656
vn 0.536621094 -0.801269531 0.264892578
vn 0.572753906 -0.815429688 0.0829467773
vn 0.118835449 -0.243041992 0.962890625
vn 0.231323242 -0.415283203 0.879882812
vn 0.132202148 -0.235839844 0.962890625
vn 0.373046875 -0.599609375 0.708007812
vn 0.493164062 -0.738769531 0.459472656
vn 0.142700195 -0.229492188 0.962890625
vn 0.250488281 -0.404785156 0.879394531
vn 0.393310547 -0.586914062 0.707519531
vn 0.5546875 -0.7890625 0.264648438
vn 0.264648438 -0.396240234 0.879394531
vn 0.150390625 -0.224487305 0.962890625
vn 0.510253906 -0.727050781 0.459472656
vn 0.406494141 -0.578125 0.707519531
vn 0.0386352539 -0.0578308105 0.997558594
vn 1.1920929E-07 0 1
vn 1.1920929E-07 0 1
vn 0.274169922 -0.390136719 0.87890625
vn 0.0400085449 -0.0570373535 0.997558594
vn 1.1920929E-07 0 1
vn 1.1920929E-07 0 1
vn 0.155395508 -0.221313477 0.962890625
vn 0.0407104492 -0.056640625 0.997558594
vn 1.1920929E-07 0 1
vn 0.158081055 -0.219970703 0.962402344
vn 0.278564453 -0.387451172 0.87890625
vn 0.412597656 -0.573730469 0.707519531
vn 0.0407714844 -0.0567626953 0.997558594
vn 1.1920929E-07 0 1
vn 0.158325195 -0.220458984 0.962402344
vn 0.278320312 -0.387939453 0.87890625
vn 0.0316467285 -0.0692749023 0.997070312
vn 1.1920929E-07 0 1
vn 0.11340332 -0.260498047 0.958984375
vn 0.0137634277 -0.0676269531 0.997558594
vn 1.1920929E-07 0 1
vn 0.518554688 -0.721191406 0.459472656
vn 0.412353516 -0.574707031 0.70703125
vn 0.198486328 -0.433837891 0.87890625
vn 0.0549926758 -0.271240234 0.9609375
vn 0.562988281 -0.783203125 0.264648438
vn 0.518066406 -0.721679688 0.459472656
vn 0.285644531 -0.655273438 0.69921875
vn 0.0950317383 -0.466796875 0.879394531
vn 0.5625 -0.783203125 0.264648438
vn 0.581542969 -0.809082031 0.083190918
vn 0.367675781 -0.808105469 0.459960938
vn 0.141357422 -0.697265625 0.702636719
vn 0.388671875 -0.882324219 0.266113281
vn 0.581054688 -0.809570312 0.083190918
vn 0.177612305 -0.872070312 0.455566406
vn 0.191772461 -0.9453125 0.264648438
vn 0.408691406 -0.909179688 0.0801391602
vn 0.198730469 -0.977050781 0.0752563477
vn 0.407714844 -0.913085938 0
vn 0.19909668 -0.979980469 0
vn 0.424072266 -0.905273438 -0.0328063965
vn 0.583007812 -0.8125 0
vn 0.583496094 -0.812011719 0
vn 0.590332031 -0.803222656 -0.0792236328
vn 0.574707031 -0.818359375 0
vn 0.567871094 -0.823242188 0
vn 0.567871094 -0.823242188 0
vn 0.581054688 -0.808105469 -0.0980224609
vn 0.571777344 -0.814453125 -0.0980834961
vn 0.556152344 -0.831054688 0
vn 0.470214844 -0.869140625 -0.152832031
vn 0.598632812 -0.732910156 -0.322998047
vn 0.21887207 -0.975585938 0
vn 0.21887207 -0.975585938 0
vn 0.196533203 -0.98046875 0
vn 0.159057617 -0.987304688 0
vn 0.647460938 -0.483886719 -0.588867188
vn 0.159057617 -0.987304688 0
vn 0.117675781 -0.993164062 0
vn 0.5390625 -0.75 -0.3828125
vn 0.539550781 -0.540039062 -0.645996094
vn 0.403808594 -0.210571289 -0.890136719
vn 0.117675781 -0.993164062 0
vn 0.0744018555 -0.997070312 0
vn 0.158691406 -0.984375 0.0748901367
vn 0.319824219 -0.264160156 -0.909667969
vn 0.0938110352 -0.0386352539 -0.994628906
vn 0.412597656 -0.57421875 -0.70703125
vn 0.530761719 -0.755859375 -0.383056641
vn 0.0744018555 -0.997070312 0
vn 0.0286254883 -0.999511719 0
vn 0.117431641 -0.990234375 0.0746459961
vn 0.153198242 -0.952148438 0.264648438
vn 0.0286254883 -0.999511719 0
vn -0.0200653076 -1 0
vn 0.07421875 -0.994628906 0.0744628906
vn 0.141845703 -0.87890625 0.455566406
vn 0.113342285 -0.957519531 0.264648438
vn -0.0200653076 -1 0
vn -0.0721435547 -0.997558594 0
vn 0.112976074 -0.702636719 0.702636719
vn 0.0285644531 -0.996582031 0.0743408203
vn 0.104980469 -0.884277344 0.455322266
vn 0.0716552734 -0.961914062 0.264648438
vn -0.0721435547 -0.997558594 0
vn -0.127929688 -0.991699219 0
vn 0.0759277344 -0.470214844 0.879394531
vn -0.0200195312 -0.997070312 0.0743408203
vn 0.027557373 -0.963867188 0.264648438
vn 0.0663452148 -0.887695312 0.455322266
vn 0.0835571289 -0.70703125 0.702636719
vn -0.127929688 -0.991699219 0
vn -0.187866211 -0.982421875 0
vn 0.0439758301 -0.2734375 0.9609375
vn -0.0719604492 -0.994628906 0.0744018555
vn -0.019317627 -0.964355469 0.264648438
vn 0.0255432129 -0.890136719 0.455322266
vn 0.0561828613 -0.472900391 0.879394531
vn 0.0528259277 -0.709960938 0.702148438
vn 0.0109863281 -0.0680541992 0.997558594
vn 0.0325622559 -0.275390625 0.9609375
vn 0.00812530518 -0.0684204102 0.997558594
vn 1.1920929E-07 0 1
vn 1.1920929E-07 0 1
vn 0.0354919434 -0.474853516 0.879394531
vn 0.020324707 -0.711914062 0.702148438
vn 0.0205841064 -0.276611328 0.9609375
vn 0.00513458252 -0.0687255859 0.997558594
vn 0.0136642456 -0.476074219 0.879394531
vn -0.0178985596 -0.890136719 0.455078125
vn 0.00197792053 -0.0689086914 0.997558594
vn 1.1920929E-07 0 1
vn 0.00792694092 -0.27734375 0.9609375
vn -0.0142440796 -0.711914062 0.702148438
vn -0.0694580078 -0.961914062 0.264648438
vn -0.00138759613 -0.0689697266 0.997558594
vn 1.1920929E-07 0 1
vn -0.00555419922 -0.277587891 0.960449219
vn -0.00958251953 -0.476074219 0.879394531
vn -0.0643920898 -0.888183594 0.455322266
vn -0.127685547 -0.988769531 0.0747070312
vn -0.00499725342 -0.0689086914 0.997558594
vn 1.1920929E-07 0 1
vn -0.0512084961 -0.710449219 0.702148438
vn -0.0199737549 -0.277099609 0.960449219
vn -0.0344543457 -0.475097656 0.879394531
vn -0.123168945 -0.956542969 0.264404297
vn -0.187866211 -0.982421875 0
vn -0.251953125 -0.967773438 0
vn -0.114196777 -0.8828125 0.455322266
vn -0.0908203125 -0.706542969 0.702148438
vn -0.0611572266 -0.472412109 0.879394531
vn -0.1875 -0.979492188 0.0751342773
vn -0.251953125 -0.967773438 0
vn -0.315917969 -0.948730469 0
vn -0.320068359 -0.947265625 0
vn -0.354980469 -0.935058594 -1.1920929E-07
vn -0.354980469 -0.935058594 -1.1920929E-07
vn -0.354980469 -0.935058594 -1.1920929E-07
vn -0.354980469 -0.935058594 -1.1920929E-07
vn -0.354980469 -0.935058594 0
vn -0.354003906 -0.932128906 0.0745849609
vn -0.180786133 -0.947265625 0.264404297
vn -0.251464844 -0.96484375 0.0758056641
vn -0.319580078 -0.944335938 0.0767822266
vn -0.167724609 -0.874511719 0.455566406
vn -0.242431641 -0.93359375 0.264404297
vn -0.308105469 -0.9140625 0.264404297
vn -0.342773438 -0.902832031 0.259277344
vn -0.133300781 -0.699707031 0.702148438
vn -0.224975586 -0.861328125 0.455810547
vn -0.285888672 -0.842773438 0.456054688
vn -0.560058594 -0.683105469 0.468505859
vn -0.178710938 -0.688964844 0.702148438
vn -0.08984375 -0.468017578 0.87890625
vn -0.226928711 -0.674804688 0.702636719
vn -0.0354309082 -0.275634766 0.960449219
vn -0.120544434 -0.461181641 0.87890625
vn -0.00888824463 -0.0686645508 0.997558594
vn -0.0520019531 -0.272705078 0.960449219
vn -0.0130844116 -0.0681762695 0.997558594
vn 1.1920929E-07 0 1
vn -0.0697021484 -0.268554688 0.9609375
vn -0.153320312 -0.451660156 0.87890625
vn -0.0176086426 -0.0674438477 0.997558594
vn -0.0224914551 -0.0662841797 0.997558594
vn 1.1920929E-07 0 1
vn 1.1920929E-07 0 1
vn -0.0884399414 -0.262695312 0.9609375
vn -0.428466797 -0.564941406 0.705078125
vn -0.302978516 -0.364990234 0.880371094
vn -0.169799805 -0.224487305 0.959472656
vn -0.0513916016 -0.0617980957 0.996582031
vn -0.712402344 -0.525390625 0.465332031
vn -0.563476562 -0.416992188 0.712890625
vn -0.383056641 -0.283203125 0.879394531
vn -0.21105957 -0.156005859 0.96484375
vn -0.0578613281 -0.042755127 0.997558594
vn -0.775878906 -0.572753906 0.264648438
vn -0.802246094 -0.538085938 0.259521484
vn -0.801757812 -0.590332031 0.0927734375
vn -0.827636719 -0.553222656 0.0931396484
vn -0.805664062 -0.592285156 0
vn -0.832519531 -0.554199219 0
vn -0.811523438 -0.578613281 -0.0828857422
vn -0.846191406 -0.527832031 -0.0689086914
vn -0.798828125 -0.497802734 -0.338378906
vn -0.865722656 -0.401855469 -0.297851562
vn -0.670898438 -0.322021484 -0.66796875
vn -0.768554688 -0.192871094 -0.609863281
vn -0.366943359 -0.138427734 -0.919921875
vn -0.454589844 -0.0442504883 -0.889648438
vn -0.101623535 -0.0393981934 -0.994140625
vn -0.116882324 -0.00139141083 -0.993164062
vn -0 0 -1
vn -0 0 -1
vn -0 0 -1
vn -0.0736694336 -0.0645751953 -0.995117188
vn -0.284423828 -0.249267578 -0.92578125
vn -0.0687866211 -0.0698242188 -0.995117188
vn -0 0 -1
vn -0.529785156 -0.464111328 -0.709960938
vn -0.265869141 -0.269775391 -0.925292969
vn -0.0640869141 -0.0740966797 -0.995117188
vn -0 0 -1
vn -0 0 -1
vn -0 0 -1
vn -0 0 -1
vn -0 0 -1
vn -0.694335938 -0.608398438 -0.384765625
vn -0.494628906 -0.501953125 -0.709472656
vn -0.248046875 -0.286865234 -0.925292969
vn 0.0888061523 -0.0713500977 -0.993652344
vn -0.0596008301 -0.0778198242 -0.995117188
vn 0.057220459 -0.0795898438 -0.995117188
vn -0.0551147461 -0.0810546875 -0.995117188
vn 0.223266602 -0.310546875 -0.923828125
vn -0.230834961 -0.301269531 -0.925292969
vn -0.461181641 -0.533203125 -0.708984375
vn 0.406005859 -0.578125 -0.707519531
vn 0.219360352 -0.3125 -0.924316406
vn 0.0563354492 -0.0802001953 -0.995117188
vn -0.647949219 -0.657714844 -0.384277344
vn -0.748535156 -0.655761719 -0.0983276367
vn -0.751953125 -0.659179688 0
vn -0.698242188 -0.708984375 -0.0982666016
vn -0.604003906 -0.698242188 -0.384277344
vn -0.748535156 -0.656738281 0.0905761719
vn -0.701660156 -0.712402344 0
vn -0.726074219 -0.634765625 0.263671875
vn -0.428710938 -0.560058594 -0.708984375
vn -0.650878906 -0.752929688 -0.0982666016
vn -0.698730469 -0.709960938 0.0880737305
vn -0.667480469 -0.582519531 0.463623047
vn -0.213500977 -0.313964844 -0.925292969
vn -0.561523438 -0.732910156 -0.384033203
vn -0.654296875 -0.756347656 0
vn -0.678222656 -0.686035156 0.262939453
vn -0.528808594 -0.462158203 0.711914062
vn -0.0505065918 -0.083984375 -0.995117188
vn -0.604980469 -0.790039062 -0.0982055664
vn -0.651367188 -0.75390625 0.0859985352
vn -0.623535156 -0.630371094 0.462402344
vn -0.360351562 -0.312988281 0.87890625
vn -0.607910156 -0.793945312 0
vn -0.631835938 -0.729003906 0.262939453
vn -0.495117188 -0.499511719 0.7109375
vn -0.198242188 -0.173828125 0.96484375
vn -0.60546875 -0.791503906 0.0841674805
vn -0.583007812 -0.668945312 0.461425781
vn -0.336914062 -0.337890625 0.87890625
vn -0.0534973145 -0.0472106934 0.997558594
vn -0.186157227 -0.188110352 0.964355469
vn -0.0494995117 -0.0504760742 0.997558594
vn 1.1920929E-07 0 1
vn -0.461425781 -0.531738281 0.710449219
vn -0.587402344 -0.765625 0.262695312
vn -0.313476562 -0.359130859 0.87890625
vn -0.174438477 -0.201049805 0.963867188
vn -0.0458679199 -0.0532226562 0.997558594
vn -0.54296875 -0.702148438 0.460449219
vn -0.429199219 -0.558105469 0.709960938
vn -0.0424194336 -0.0555419922 0.997558594
vn 1.1920929E-07 0 1
vn -0.162841797 -0.212036133 0.963378906
vn -0.291503906 -0.376708984 0.879394531
vn -0.0390625 -0.0575866699 0.997558594
vn 1.1920929E-07 0 1
vn -0.151000977 -0.221557617 0.963378906
vn -0.26953125 -0.392333984 0.879394531
vn -0.397705078 -0.58203125 0.708984375
vn -0.501464844 -0.732910156 0.459960938
vn -0.0356445312 -0.0594177246 0.997558594
vn 1.1920929E-07 0 1
vn -0.138793945 -0.230224609 0.963378906
vn -0.246826172 -0.40625 0.879882812
vn -0.366455078 -0.603515625 0.708007812
vn -0.543457031 -0.796875 0.263183594
vn -0.458496094 -0.761230469 0.458740234
vn -0.498046875 -0.826171875 0.264160156
vn -0.560058594 -0.82421875 0.0826416016
vn -0.513183594 -0.854492188 0.081237793
vn -0.5625 -0.826660156 0
vn -0.515625 -0.856933594 0
vn -0.559570312 -0.822753906 -0.0982055664
vn -0.512695312 -0.853027344 -0.0982055664
vn -0.519042969 -0.763671875 -0.384033203
vn -0.475830078 -0.791015625 -0.384033203
vn -0.396728516 -0.583007812 -0.708984375
vn -0.363525391 -0.604492188 -0.708984375
vn -0.195678711 -0.325195312 -0.925292969
vn -0.0455627441 -0.086730957 -0.995117188
vn -0.176391602 -0.3359375 -0.925292969
vn -0.327880859 -0.624023438 -0.708984375
vn -0.429443359 -0.817382812 -0.384033203
vn -0.0400085449 -0.0894165039 -0.995117188
vn -0.154785156 -0.345947266 -0.925292969
vn -0.0334472656 -0.0921020508 -0.995117188
vn -0.287841797 -0.643554688 -0.709472656
vn -0.462890625 -0.880859375 -0.0982666016
vn -0.0252227783 -0.0946044922 -0.995117188
vn -0.0109024048 -0.0969848633 -0.995117188
vn -0.000138044357 -0.0980224609 -0.995117188
vn -0.129150391 -0.35546875 -0.92578125
vn -0.377197266 -0.842773438 -0.384277344
vn -0.465087891 -0.885253906 0
vn -0.0971069336 -0.364501953 -0.926269531
vn -0.240478516 -0.662109375 -0.709960938
vn -0.406494141 -0.908203125 -0.0982666016
vn -0.463134766 -0.8828125 0.0798950195
vn -0.0413818359 -0.368164062 -0.928710938
vn -0.181152344 -0.6796875 -0.710449219
vn -0.315185547 -0.867675781 -0.384521484
vn -0.408447266 -0.912597656 0
vn -0.448486328 -0.854003906 0.262939453
vn -0.33984375 -0.935546875 -0.0983276367
vn -0.237670898 -0.891601562 -0.385253906
vn -0.078125 -0.694824219 -0.71484375
vn -0.406738281 -0.91015625 0.0786743164
vn -0.412109375 -0.787597656 0.458496094
vn -0.341552734 -0.939941406 0
vn -0.256347656 -0.961425781 -0.098449707
vn -0.395019531 -0.880859375 0.261474609
vn -0.327880859 -0.624023438 0.709472656
vn -0.340087891 -0.937011719 0.0773925781
vn -0.363525391 -0.809082031 0.461669922
vn -0.223266602 -0.419189453 0.879882812
vn -0.102905273 -0.915527344 -0.388671875
vn -0.257568359 -0.966308594 0
vn -0.331054688 -0.90625 0.262939453
vn -0.288330078 -0.641113281 0.7109375
vn -0.125488281 -0.23828125 0.962890625
vn -0.11114502 -0.988769531 -0.0991210938
vn -0.256347656 -0.963378906 0.0762329102
vn -0.30859375 -0.833496094 0.458251953
vn -0.1953125 -0.432617188 0.879882812
vn -0.0320129395 -0.061126709 0.997558594
vn -0.110595703 -0.24609375 0.962890625
vn -0.0279998779 -0.0628051758 0.997558594
vn 1.1920929E-07 0 1
vn 1.1920929E-07 0 1
vn -0.243041992 -0.661132812 0.709960938
vn -0.249267578 -0.931640625 0.264404297
vn -0.163452148 -0.4453125 0.880371094
vn -0.0233001709 -0.0643920898 0.997558594
vn 1.1920929E-07 0 1
vn 1.1920929E-07 0 1
vn -0.0174865723 -0.0659179688 0.997558594
vn 1.1920929E-07 0 1
vn 1.1920929E-07 0 1
vn 1.1920929E-07 0 1
vn -0.00750732422 -0.0673217773 0.997558594
vn 1.1920929E-07 0 1
vn 1.1920929E-07 0 1
vn -0.0924682617 -0.253662109 0.962890625
vn -0.0695800781 -0.260253906 0.962890625
vn -0.123718262 -0.456787109 0.880859375
vn -0.0301971436 -0.263671875 0.964355469
vn -0 0 1
vn -0 0 1
vn -0.00750732422 0.0673217773 0.997558594
vn -0 0 1
vn -0 0 1
vn -0.0174865723 0.0659179688 0.997558594
vn -0 0 1
vn -0 0 1
vn -0 0 1
vn -0.0233001709 0.0643920898 0.997558594
vn -0 0 1
vn -0 0 1
vn -0 0 1
vn 1.1920929E-07 0 1
vn -0 0 1
vn -9.983778E-05 -0.0679321289 0.997558594
vn 1.1920929E-07 0 1
vn 1.1920929E-07 0 1
vn -0.0969848633 -0.0671386719 0.993164062
vn 1.1920929E-07 0 1
vn 1.1920929E-07 0 1
vn -0.000399827957 -0.274658203 0.961425781
vn -0.0279998779 0.0628051758 0.997558594
vn -0 0 1
vn -9.98973846E-05 0.0679321289 0.997558594
vn -0 0 1
vn -0 0 1
vn -0.0969848633 0.0671386719 0.993164062
vn -0 0 1
vn -0 0 1
vn -0 0 1
vn -0.0320129395 0.061126709 0.997558594
vn -0 0 1
vn -0.0980224609 0 0.995117188
vn -0 0 1
vn -0 0 1
vn -0 0 1
vn -0 0 1
vn -0 0 1
vn 1.1920929E-07 0 1
vn 1.1920929E-07 0 1
vn 1.1920929E-07 0 1
vn 1.1920929E-07 0 1
vn 1.1920929E-07 0 1
vn -0.382568359 0 0.923828125
vn -0.379150391 0.0591430664 0.923339844
vn -0.0960693359 0.275390625 0.956542969
vn -0.000399827957 0.274658203 0.961425781
vn -0.0301971436 0.263671875 0.964355469
vn -0.0695800781 0.260253906 0.962890625
vn -0.0924682617 0.253662109 0.962890625
vn -0.110595703 0.24609375 0.962890625
vn -0.379150391 -0.0591430664 0.923339844
vn -0.70703125 0 0.70703125
vn -0.0960693359 -0.275390625 0.956542969
vn -0.0529174805 0.466552734 0.8828125
vn -0.123718262 0.456787109 0.880859375
vn -0.163452148 0.4453125 0.880371094
vn -0.00066947937 0.475097656 0.879882812
vn -0.0942993164 0.472900391 0.875976562
vn -0.379150391 0.258544922 0.888671875
vn -0.702636719 0.037902832 0.710449219
vn -0.081237793 0.696777344 0.712890625
vn -0.0010099411 0.709960938 0.704589844
vn -0.0930175781 0.707519531 0.700683594
vn -0.379394531 0.436523438 0.815917969
vn -0.701660156 0.203857422 0.683105469
vn -0.185424805 0.681152344 0.708007812
vn -0.923828125 0 0.382568359
vn -0.921875 0.0124206543 0.387451172
vn -0.702636719 -0.037902832 0.710449219
vn -0.379150391 -0.258544922 0.888671875
vn -0.0942993164 -0.472900391 0.875976562
vn -0.00066947937 -0.475097656 0.879882812
vn -0.0529174805 -0.466552734 0.8828125
vn -0.921875 -0.0124206543 0.387451172
vn -0.701660156 -0.203857422 0.683105469
vn -0.379394531 -0.436523438 0.815917969
vn -0.0930175781 -0.707519531 0.700683594
vn -0.0010099411 -0.709960938 0.704589844
vn -0.081237793 -0.696777344 0.712890625
vn -0.995117188 0 0.0980224609
vn -0.185424805 -0.681152344 0.708007812
vn -0.232177734 -0.858398438 0.45703125
vn -0.100280762 -0.8828125 0.459228516
vn -0.00124359131 -0.890136719 0.455810547
vn -0.109130859 -0.957519531 0.267089844
vn -0.0903320312 -0.88671875 0.452880859
vn -0.00135803223 -0.964355469 0.265136719
vn -0.111022949 -0.990722656 0.0756225586
vn -0.0895385742 -0.960449219 0.264404297
vn -0.377197266 -0.658691406 0.650878906
vn -0.00139522552 -0.997070312 0.0744018555
vn -0.111694336 -0.993652344 0
vn -0.00140666962 -1 0
vn -0.00139904022 -0.995117188 -0.0980834961
vn -0.0922851562 -0.995605469 -0.00667190552
vn -0.0883789062 -0.993164062 0.0736083984
vn -0.705566406 -0.326171875 0.62890625
vn -0.00129795074 -0.923828125 -0.383300781
vn -0.915527344 -0.122436523 0.3828125
vn -0.000992774963 -0.706542969 -0.708007812
vn -0.995117188 -0.00044298172 0.0990600586
vn -0.998046875 0 -0.0654296875
vn -0.995117188 0.000442743301 0.0990600586
vn -0.9921875 -0.045715332 0.116516113
vn -0.927246094 -0.15637207 0.340576172
vn -0.000536441803 -0.381591797 -0.924316406
vn -0.0641479492 -0.0978393555 -0.993164062
vn -0.0569152832 -0.380615234 -0.922851562
vn -0.993164062 0.0980224609 -0.0651245117
vn -0.9921875 0.045715332 0.116516113
vn -0.965820312 0 -0.258789062
vn -0.994628906 -0.0451049805 0.0914306641
vn -0.994628906 -0.0936279297 0.0397338867
vn -0.256835938 -0.0980834961 -0.961425781
vn -0.0398254395 -0.704101562 -0.708984375
vn -0.915527344 0.122436523 0.3828125
vn -0.705566406 0.326171875 0.62890625
vn -0.927246094 0.15637207 0.340576172
vn -0.377197266 0.658691406 0.650878906
vn -0.236206055 -0.380126953 -0.89453125
vn -0.0166931152 -0.921386719 -0.388183594
vn -0.994628906 0.0451049805 0.0914306641
vn -0.699707031 0.510253906 0.500488281
vn -0.0903320312 0.88671875 0.452880859
vn -0.178100586 -0.702636719 -0.688964844
vn 0.00284576416 -0.994628906 -0.101623535
vn -0.0933227539 -0.919921875 -0.380615234
vn -0.909667969 0.301269531 0.286132812
vn -0.375732422 0.828125 0.416259766
vn -0.0177459717 -0.994628906 -0.10168457
vn -0.702636719 0.642578125 0.305175781
vn -0.350341797 -0.703613281 -0.618164062
vn -0.188598633 -0.920898438 -0.341552734
vn -0.0431518555 -0.995117188 -0.0911865234
vn -0.459716797 -0.380371094 -0.802246094
vn -0.496826172 -0.0981445312 -0.862304688
vn -0.258789062 0 -0.965820312
vn -0.270507812 -0.921386719 -0.279052734
vn -0.498779297 -0.704101562 -0.505371094
vn -0.65234375 -0.380859375 -0.655761719
vn -0.703125 -0.0982055664 -0.704101562
vn -0.0650024414 -0.995117188 -0.0744628906
vn -0.5 0 -0.866210938
vn -0.612792969 -0.704589844 -0.357421875
vn -0.799804688 -0.381103516 -0.463867188
vn -0.333496094 -0.921875 -0.197509766
vn -0.0817260742 -0.995117188 -0.0526733398
vn -0.861816406 -0.0982666016 -0.498046875
vn -0.0922851562 -0.995117188 -0.0272674561
vn -0.373046875 -0.922363281 -0.102294922
vn -0.684570312 -0.705078125 -0.185180664
vn -0.892578125 -0.381103516 -0.240112305
vn -0.380859375 -0.924316406 -0.0255432129
vn -0.705566406 -0.70703125 -0.0466918945
vn -0.372558594 -0.92578125 0.0653076172
vn -0.961425781 -0.0982666016 -0.2578125
vn -0.922363281 -0.382080078 -0.0606689453
vn -0.699707031 -0.713378906 0.0427856445
vn -0.374267578 -0.893554688 0.247314453
vn -0.993164062 -0.0980224609 -0.0651245117
vn -0.920898438 -0.389160156 0.0148391724
vn -0.699707031 -0.687988281 0.191772461
vn -0.375732422 -0.828125 0.416259766
vn -0.702636719 -0.642578125 0.305175781
vn -0.699707031 -0.510253906 0.500488281
vn -0.909667969 -0.301269531 0.286132812
vn -0.916503906 -0.384521484 0.109191895
vn -0.924804688 -0.356445312 0.133422852
vn -0.986816406 -0.125732422 0.101501465
vn -0.992675781 -0.114257812 0.0342102051
vn -0.995117188 -0.0991821289 0.000844955444
vn -0.866210938 0 -0.5
vn -0.961425781 0.0982666016 -0.2578125
vn -0.70703125 0 -0.70703125
vn -0.861816406 0.0982666016 -0.498046875
vn -0.703125 0.0982055664 -0.704101562
vn -0.496826172 0.0981445312 -0.862304688
vn -0.256835938 0.0980834961 -0.961425781
vn -0.799804688 0.381103516 -0.463867188
vn -0.65234375 0.380859375 -0.655761719
vn -0.459716797 0.380371094 -0.802246094
vn -0.892578125 0.381103516 -0.240112305
vn -0.236206055 0.380126953 -0.89453125
vn -0.0641479492 0.0978393555 -0.993164062
vn -0.0569152832 0.380615234 -0.922851562
vn -0.000138044357 0.0980224609 -0.995117188
vn -0.0109024048 0.0969848633 -0.995117188
vn -0.0252227783 0.0946044922 -0.995117188
vn -0.00053691864 0.381591797 -0.924316406
vn -0.0413818359 0.368164062 -0.928710938
vn -0.0971069336 0.364501953 -0.926269531
vn -0.178100586 0.702636719 -0.688964844
vn -0.0398254395 0.704101562 -0.708984375
vn -0.000992774963 0.706542969 -0.708007812
vn -0.078125 0.694824219 -0.71484375
vn -0.181152344 0.6796875 -0.710449219
vn -0.350341797 0.703613281 -0.618164062
vn -0.498779297 0.704101562 -0.505371094
vn -0.612792969 0.704589844 -0.357421875
vn -0.0166931152 0.921386719 -0.388183594
vn -0.00129795074 0.923828125 -0.383300781
vn -0.102905273 0.915527344 -0.388671875
vn -0.0933227539 0.919921875 -0.380615234
vn -0.188598633 0.920898438 -0.341552734
vn -0.270507812 0.921386719 -0.279052734
vn -0.237670898 0.891601562 -0.385253906
vn -0.11114502 0.988769531 -0.0991210938
vn -0.00139904022 0.995117188 -0.0980834961
vn 0.00284576416 0.994628906 -0.101623535
vn -0.0177459717 0.994628906 -0.10168457
vn -0.0431518555 0.995117188 -0.0911865234
vn -0.00139522552 0.997070312 0.0744018555
vn -0.111022949 0.990722656 0.0756225586
vn -0.0650024414 0.995117188 -0.0744628906
vn -0.256347656 0.961425781 -0.098449707
vn -0.333496094 0.921875 -0.197509766
vn -0.256347656 0.963378906 0.0762329102
vn -0.0817260742 0.995117188 -0.0526733398
vn -0.684570312 0.705078125 -0.185180664
vn -0.373046875 0.922363281 -0.102294922
vn -0.922363281 0.382080078 -0.0606689453
vn -0.0922851562 0.995117188 -0.0272674561
vn -0.705566406 0.70703125 -0.0466918945
vn -0.380859375 0.924316406 -0.0255432129
vn -0.0922851562 0.995605469 -0.00667190552
vn -0.995117188 0.0991821289 0.000844955444
vn -0.920898438 0.389160156 0.0148391724
vn -0.699707031 0.713378906 0.0427856445
vn -0.372558594 0.92578125 0.0653076172
vn -0.994628906 0.0936279297 0.0397338867
vn -0.992675781 0.114257812 0.0342102051
vn -0.916503906 0.384521484 0.109191895
vn -0.986816406 0.125732422 0.101501465
vn -0.924804688 0.356445312 0.133422852
vn -0.699707031 0.687988281 0.191772461
vn -0.374267578 0.893554688 0.247314453
vn -0.0883789062 0.993164062 0.0736083984
vn -0.0895385742 0.960449219 0.264404297
vn -0.00135803223 0.964355469 0.265136719
vn -0.00124359131 0.890136719 0.455810547
vn -0.100280762 0.8828125 0.459228516
vn -0.109130859 0.957519531 0.267089844
vn -0.232177734 0.858398438 0.45703125
vn -0.249267578 0.931640625 0.264404297
vn -0.243041992 0.661132812 0.709960938
vn -0.30859375 0.833496094 0.458251953
vn -0.331054688 0.90625 0.262939453
vn -0.1953125 0.432617188 0.879882812
vn -0.288330078 0.641113281 0.7109375
vn -0.125488281 0.23828125 0.962890625
vn -0.340087891 0.937011719 0.0773925781
vn -0.363525391 0.809082031 0.461669922
vn -0.223266602 0.419189453 0.879882812
vn -0.0356445312 0.0594177246 0.997558594
vn -0.138793945 0.230224609 0.963378906
vn -0.0390625 0.0575866699 0.997558594
vn -0 0 1
vn -0.327880859 0.624023438 0.709472656
vn -0.395019531 0.880859375 0.261474609
vn -0.246826172 0.40625 0.879882812
vn -0.0424194336 0.0555419922 0.997558594
vn -0 0 1
vn -0.151000977 0.221557617 0.963378906
vn -0.412109375 0.787597656 0.458496094
vn -0.366455078 0.603515625 0.708007812
vn -0.26953125 0.392333984 0.879394531
vn -0.162841797 0.212036133 0.963378906
vn -0.0458679199 0.0532226562 0.997558594
vn -0.0494995117 0.0504760742 0.997558594
vn -0 0 1
vn -0.174438477 0.201049805 0.963867188
vn -0.291503906 0.376708984 0.879394531
vn -0.397705078 0.58203125 0.708984375
vn -0.458496094 0.761230469 0.458740234
vn -0.0534973145 0.0472106934 0.997558594
vn -0 0 1
vn -0.186157227 0.188110352 0.964355469
vn -0.313476562 0.359130859 0.87890625
vn -0.429199219 0.558105469 0.709960938
vn -0.448486328 0.854003906 0.262939453
vn -0.501464844 0.732910156 0.459960938
vn -0.406738281 0.91015625 0.0786743164
vn -0.498046875 0.826171875 0.264160156
vn -0.33984375 0.935546875 -0.0983276367
vn -0.463134766 0.8828125 0.0798950195
vn -0.315185547 0.867675781 -0.384521484
vn -0.406494141 0.908203125 -0.0982666016
vn -0.240478516 0.662109375 -0.709960938
vn -0.377197266 0.842773438 -0.384277344
vn -0.462890625 0.880859375 -0.0982666016
vn -0.513183594 0.854492188 0.081237793
vn -0.129150391 0.35546875 -0.92578125
vn -0.287841797 0.643554688 -0.709472656
vn -0.429443359 0.817382812 -0.384033203
vn -0.0334472656 0.0921020508 -0.995117188
vn -0.154785156 0.345947266 -0.925292969
vn -0.543457031 0.796875 0.263183594
vn -0.512695312 0.853027344 -0.0982055664
vn -0.327880859 0.624023438 -0.708984375
vn -0.0400085449 0.0894165039 -0.995117188
vn -0.176391602 0.3359375 -0.925292969
vn -0.475830078 0.791015625 -0.384033203
vn -0.560058594 0.82421875 0.0826416016
vn -0.54296875 0.702148438 0.460449219
vn -0.0455627441 0.086730957 -0.995117188
vn -0.363525391 0.604492188 -0.708984375
vn -0.559570312 0.822753906 -0.0982055664
vn -0.587402344 0.765625 0.262695312
vn -0.461425781 0.531738281 0.710449219
vn -0.195678711 0.325195312 -0.925292969
vn -0.519042969 0.763671875 -0.384033203
vn -0.60546875 0.791503906 0.0841674805
vn -0.583007812 0.668945312 0.461425781
vn -0.336914062 0.337890625 0.87890625
vn -0.0505065918 0.083984375 -0.995117188
vn -0.604980469 0.790039062 -0.0982055664
vn -0.631835938 0.729003906 0.262939453
vn -0.495117188 0.499511719 0.7109375
vn -0.198242188 0.173828125 0.96484375
vn -0.651367188 0.75390625 0.0859985352
vn -0.623535156 0.630371094 0.462402344
vn -0.360351562 0.312988281 0.87890625
vn -0.0578613281 0.042755127 0.997558594
vn -0.21105957 0.156005859 0.96484375
vn -0.528808594 0.462158203 0.711914062
vn -0.678222656 0.686035156 0.262939453
vn -0.0513916016 0.0617980957 0.996582031
vn -0.383056641 0.283203125 0.879394531
vn -0.667480469 0.582519531 0.463623047
vn -0.0224914551 0.0662841797 0.997558594
vn -0.169799805 0.224487305 0.959472656
vn -0.563476562 0.416992188 0.712890625
vn -0.0176086426 0.0674438477 0.997558594
vn -0.0884399414 0.262695312 0.9609375
vn -0.302978516 0.364990234 0.880371094
vn -0.0697021484 0.268554688 0.9609375
vn -0.153320312 0.451660156 0.87890625
vn -0.428466797 0.564941406 0.705078125
vn -0.712402344 0.525390625 0.465332031
vn -0.775878906 0.572753906 0.264648438
vn -0.802246094 0.538085938 0.259521484
vn -0.726074219 0.634765625 0.263671875
vn -0.801757812 0.590332031 0.0927734375
vn -0.827636719 0.553222656 0.0931396484
vn -0.698730469 0.709960938 0.0880737305
vn -0.748535156 0.656738281 0.0905761719
vn -0.811523438 0.578613281 -0.0828857422
vn -0.846191406 0.527832031 -0.0689086914
vn -0.650878906 0.752929688 -0.0982666016
vn -0.698242188 0.708984375 -0.0982666016
vn -0.748535156 0.655761719 -0.0983276367
vn -0.798828125 0.497802734 -0.338378906
vn -0.865722656 0.401855469 -0.297851562
vn -0.561523438 0.732910156 -0.384033203
vn -0.604003906 0.698242188 -0.384277344
vn -0.647949219 0.657714844 -0.384277344
vn -0.694335938 0.608398438 -0.384765625
vn -0.670898438 0.322021484 -0.66796875
vn -0.768554688 0.192871094 -0.609863281
vn -0.396728516 0.583007812 -0.708984375
vn -0.428710938 0.560058594 -0.708984375
vn -0.213500977 0.313964844 -0.925292969
vn -0.461181641 0.533203125 -0.708984375
vn -0.0551147461 0.0810546875 -0.995117188
vn -0.230834961 0.301269531 -0.925292969
vn -0.0596008301 0.0778198242 -0.995117188
vn -0.0640869141 0.0740966797 -0.995117188
vn -0.248046875 0.286865234 -0.925292969
vn -0.494628906 0.501953125 -0.709472656
vn -0.0687866211 0.0698242188 -0.995117188
vn -0 0 -1
vn -0.265869141 0.269775391 -0.925292969
vn -0.529785156 0.464111328 -0.709960938
vn -0.284423828 0.249267578 -0.92578125
vn -0.0736694336 0.0645751953 -0.995117188
vn -0.366943359 0.138427734 -0.919921875
vn -0.454589844 0.0442504883 -0.889648438
vn -0.101623535 0.0393981934 -0.994140625
vn -0 0 -1
vn -0.116882324 0.00139141083 -0.993164062
vn -0 0 -1
vn 1 0 0
vn 1 0 0
vn 1 0 0
vn 1 0 0
vn 1 0 0
vn 1 0 0
vn 1 0 0
vn 1 0 0
vn 1 0 0
vn 1 0 0
vn 1 0 0
vn 1 0 0
vn 1 0 0
vn 1 0 0
vn 1 0 0
vn 1 0 0
vn 1 0 0
vn 1 0 0
vn 1 0 0
vn 1 0 0
vn 1 0 0
vn 1 0 0
vn 1 0 0
vn 1 0 0
vn 1 0 0
vn 1 0 0
vn 1 0 0
vn 1 0 0
vn 1 0 0
vn 1 0 0
vn 1 0 0
vn 1 0 0
vn 0.153198242 -0.98828125 0
vn 0.112121582 -0.993652344 0
vn 0.15246582 -0.983398438 -0.0983276367
vn 0.233642578 -0.972167969 0
vn 0.232543945 -0.967773438 -0.0983276367
vn 0.309570312 -0.950683594 0
vn 0.215698242 -0.897460938 -0.384765625
vn 0.308105469 -0.946289062 -0.0983276367
vn 0.378417969 -0.92578125 0
vn 0.164550781 -0.684570312 -0.709960938
vn 0.285644531 -0.877929688 -0.384521484
vn 0.376464844 -0.921386719 -0.0982666016
vn 0.437988281 -0.898925781 0
vn 0.218017578 -0.669921875 -0.709960938
vn 0.117126465 -0.359863281 -0.92578125
vn 0.349365234 -0.854492188 -0.384521484
vn 0.436035156 -0.89453125 -0.0982666016
vn 0.487792969 -0.873046875 0
vn 0.266601562 -0.65234375 -0.709472656
vn 0.404541016 -0.830078125 -0.384277344
vn 0.485351562 -0.868652344 -0.0982055664
vn 0.526855469 -0.849609375 0
vn 0.0303192139 -0.0931396484 -0.995117188
vn 0.143310547 -0.350585938 -0.925292969
vn 0.0370788574 -0.0906982422 -0.995117188
vn 0.308837891 -0.633789062 -0.708984375
vn 0.450439453 -0.806152344 -0.383789062
vn 0.0429382324 -0.0880737305 -0.995117188
vn 0.166137695 -0.341064453 -0.925292969
vn 0.343994141 -0.615722656 -0.708984375
vn 0.0478210449 -0.0855712891 -0.995117188
vn 0.185302734 -0.331542969 -0.924804688
vn 0.0516662598 -0.0833129883 -0.995117188
vn 0.200561523 -0.323242188 -0.924804688
vn 0.0545043945 -0.0814819336 -0.995117188
vn 0.211914062 -0.316894531 -0.924316406
vn 0.372070312 -0.599609375 -0.708496094
vn 0.392578125 -0.586914062 -0.708007812
vn 0.486816406 -0.784667969 -0.383544922
vn 0.513671875 -0.767578125 -0.383300781
vn 0.524414062 -0.845703125 -0.0981445312
vn 0.553222656 -0.827148438 -0.0980834961
vn 1 0 0
vn 1 0 0
vn 1 0 0
vn 1 0 0
vn 1 0 0
vn -0 0 1
vn -0 0 1
vn -0 0 1
vn -0 0 1
vn -0 0 1
vn -0 0 1
vn -0 0 1
vn -0 0 1
vn -0 0 1
vn -0 0 1
vn -0 0 1
vn -0 0 1
vn -0 0 1
vn -0 0 1
vn -0 0 1
vn -0 0 1
vn -0 0 1
vn -0 0 1
vn -0 0 1
vn -0 0 1
vn -0 0 1
vn -0 0 -1
vn -0 0 -1
vn -0 0 -1
vn -0 0 -1
vn -0 0 -1
vn -0 0 -1
vn -0 0 -1
vn -0 0 -1
vn -0 0 -1
vn -0 0 -1
vn -0 0 -1
vn -0 0 -1
vn -0 0 -1
vn -0 0 -1
vn -0 0 -1
vn -0 0 -1
vn -0 0 -1
vn -0 0 -1
vn -0 0 -1
vn -0 0 -1
vn -0 0 -1
vn -0.130493164 0.991210938 0
vn -0 1 0
vn -0 1 0
vn -0.130493164 0.991210938 0
vn -0.258789062 0.965820312 0
vn -0.258789062 0.965820312 0
vn -0 -1 0
vn -0.130493164 -0.991210938 0
vn -0 -1 0
vn -0.130493164 -0.991210938 0
vn -0.258789062 -0.965820312 0
vn -0.258789062 -0.965820312 0
vn -0.70703125 -0.70703125 0
vn -0.70703125 -0.70703125 0
vn -0.866210938 -0.5 0
vn -0.866210938 -0.5 0
vn -0.991210938 -0.130493164 0
vn -0.991210938 -0.130493164 0
vn -1 0 0
vn -0.991210938 0.130493164 0
vn -0.991210938 0.130493164 0
vn -0.866210938 0.5 0
vn -0.866210938 0.5 0
vn -0.70703125 0.70703125 0
vn -0.70703125 0.70703125 0
vn -0.00111103058 -1 0
vn 0.113830566 -0.993652344 0
vn -0.00111103058 -1 0
vn 0.113830566 -0.993652344 0
vn 0.227294922 -0.973632812 0
vn 0.227294922 -0.973632812 0
vn 0.113830566 0.993652344 0
vn -0.00111103058 1 0
vn -0.00111103058 1 0
vn 0.113830566 0.993652344 0
vn 0.227294922 0.973632812 0
vn 0.227294922 0.973632812 0
vn 0.993652344 0.114379883 0
vn 0.973632812 0.227294922 0
vn 0.973632812 0.227294922 0
vn 0.993652344 0.114379883 0
vn 1 0 0
vn 0.993652344 -0.114379883 0
vn 0.993652344 -0.114379883 0
vn 0.973632812 -0.227294922 0
vn 0.973632812 -0.227294922 0
vn 0.70703125 0.70703125 0
vn 0.70703125 0.70703125 0
vn 0.70703125 0.70703125 0
vn 0.70703125 0.70703125 0
vn 0.70703125 -0.70703125 0
vn 0.70703125 -0.70703125 0
vn 0.70703125 -0.70703125 0
vn 0.70703125 -0.70703125 0
vn 1 0 0
vn 1 0 0
vn 1 0 0
vn 1 0 0
vn 1 0 0
vn 1 0 0
vn 1 0 0
vn 1 0 0
vn -0 0 1
vn -0 0 1
vn -0 0 1
vn -0 0 1
vn -0 0 1
vn -0 0 1
vn -1.1920929E-07 0 1
vn -1.1920929E-07 0 1
vn -1.78813934E-07 0 1
vn -1.78813934E-07 0 1
vn -0 0 1
vn -0 0 1
vn -0 0 1
vn -0 0 1
vn -0 0 1
vn -0 0 1
vn -0 0 1
vn -0 0 1
vn -0 0 1
vn -0 0 1
vn -0.205932617 -0.468994141 -0.858886719
vn -0.192382812 -0.399658203 -0.896484375
vn -0.196044922 -0.383789062 -0.90234375
vn -0.209228516 -0.443603516 -0.871582031
vn -0.211181641 -0.390136719 -0.895996094
vn -0.206176758 -0.531738281 -0.821289062
vn -0.197998047 -0.47265625 -0.858886719
vn -0.200683594 -0.575195312 -0.79296875
vn -0.227294922 -0.451171875 -0.862792969
vn -0.224731445 -0.397216797 -0.889648438
vn -0.195068359 -0.663085938 -0.72265625
vn -0.188476562 -0.580078125 -0.792480469
vn -0.182617188 -0.728027344 -0.660644531
vn -0.230102539 -0.539550781 -0.810058594
vn -0.243774414 -0.455810547 -0.855957031
vn -0.234985352 -0.401611328 -0.885253906
vn -0.161987305 -0.818359375 -0.551269531
vn -0.162963867 -0.733886719 -0.659179688
vn -0.135253906 -0.883300781 -0.448974609
vn -0.15637207 -0.93359375 -0.322265625
vn -0.123718262 -0.968261719 -0.217529297
vn -0.0908813477 -0.973144531 -0.212524414
vn -0.227416992 -0.668945312 -0.707519531
vn -0.206298828 -0.818359375 -0.536621094
vn -0.252929688 -0.544921875 -0.799316406
vn -0.257324219 -0.674316406 -0.691894531
vn -0.245117188 -0.818847656 -0.519042969
vn -0.0845336914 -0.986816406 -0.138183594
vn -0.0160217285 -0.976074219 -0.216308594
vn -0.205566406 -0.928222656 -0.310546875
vn -0.009765625 -0.989746094 -0.141479492
vn 0.0362243652 -0.997070312 -0.0697631836
vn 0.0770874023 -0.994628906 -0.067199707
vn 0.0797119141 -0.99609375 -0.0375671387
vn 0.158569336 -0.984863281 -0.0673217773
vn -0.145751953 -0.98046875 -0.133178711
vn -0.00235557556 -0.999511719 -0.0352478027
vn 0.160766602 -0.986328125 -0.0389404297
vn 0.236450195 -0.969238281 -0.0664672852
vn -0.0767822266 -0.996582031 -0.0323791504
vn 0.23815918 -0.970214844 -0.0396728516
vn 0.276855469 -0.9609375 -0.0142822266
vn 0.312011719 -0.950195312 -0.0147323608
vn 0.312988281 -0.949707031 -0.00888824463
vn 0.382324219 -0.923828125 -0.0165710449
vn 0.239624023 -0.970703125 -0.00631713867
vn 0.162475586 -0.986816406 -0.00347518921
vn 0.0819091797 -0.996582031 -0.000358343124
vn 0.000243544579 -1 0.00291824341
vn 0.383300781 -0.923828125 -0.0112228394
vn 0.449707031 -0.893066406 -0.0184631348
vn 0.450927734 -0.892578125 -0.0134048462
vn 0.516113281 -0.855957031 -0.0205993652
vn 0.517578125 -0.85546875 -0.0155563354
vn 0.584472656 -0.811035156 -0.023223877
vn 0.585449219 -0.810546875 -0.0178527832
vn 0.657714844 -0.752929688 -0.026550293
vn 0.659179688 -0.751464844 -0.0205230713
vn 0.737304688 -0.674804688 -0.0305938721
vn 0.738769531 -0.673339844 -0.0236206055
vn 0.740722656 -0.671386719 0.000218510628
vn 0.778808594 -0.626953125 -0.0182342529
vn 0.819335938 -0.572753906 -0.0188903809
vn 0.660644531 -0.750488281 2.56299973E-06
vn 0.586425781 -0.810058594 0.000428438187
vn 0.518066406 -0.85546875 0.00162601471
vn 0.821777344 -0.5703125 0.000935077667
vn 0.891601562 -0.452148438 -0.0209350586
vn 0.451171875 -0.892578125 0.00380325317
vn 0.893554688 -0.448730469 0.00187397003
vn 0.947265625 -0.320068359 -0.0226287842
vn 0.383544922 -0.923339844 0.00701141357
vn 0.948730469 -0.316650391 0.00267219543
vn 0.981445312 -0.190917969 -0.0238800049
vn 0.313476562 -0.949707031 0.0110626221
vn 0.981933594 -0.188476562 0.00306129456
vn 0.996582031 -0.0793457031 -0.0246734619
vn 0.240112305 -0.970703125 0.0155792236
vn 0.997070312 -0.0779418945 0.00303077698
vn 0.999023438 -0.0294189453 -0.0249328613
vn 0.999511719 0.010345459 -0.0250854492
vn 0.163208008 -0.986328125 0.0202026367
vn 1 0.0105133057 0.0027923584
vn 0.994628906 0.0999755859 -0.0252380371
vn 0.0830078125 -0.99609375 0.0246429443
vn 0.995117188 0.0988769531 0.00248718262
vn 0.977050781 0.211181641 -0.0251159668
vn 0.978027344 0.208984375 0.00185203552
vn 0.940429688 0.339355469 -0.0246429443
vn 0.94140625 0.336669922 0.000687599182
vn 0.882324219 0.470458984 -0.0237426758
vn 0.883789062 0.467529297 -0.000909328461
vn 0.807128906 0.58984375 -0.0224304199
vn 0.809570312 0.587402344 -0.00258255005
vn 0.765136719 0.643066406 -0.0220794678
vn 0.724609375 0.688476562 -0.0277557373
vn 0.723144531 0.689941406 -0.0347290039
vn 0.643554688 0.765136719 -0.0251312256
vn 0.642089844 0.766113281 -0.0311584473
vn 0.568359375 0.822265625 -0.0228118896
vn 0.567382812 0.823242188 -0.0281982422
vn 0.569335938 0.821777344 -0.00452804565
vn 0.645019531 0.764160156 -0.00459671021
vn 0.570800781 0.8203125 0.0327148438
vn 0.7265625 0.687011719 -0.0039100647
vn 0.646972656 0.76171875 0.0372314453
vn 0.570800781 0.815429688 0.0946044922
vn 0.729003906 0.682617188 0.0445861816
vn 0.647460938 0.754882812 0.106506348
vn 0.566894531 0.803222656 0.184082031
vn 0.812011719 0.581542969 0.0539855957
vn 0.641601562 0.738769531 0.206298828
vn 0.554199219 0.778320312 0.295654297
vn 0.729003906 0.673339844 0.124206543
vn 0.885742188 0.460205078 0.0639038086
vn 0.623046875 0.708496094 0.330810547
vn 0.529296875 0.735839844 0.422607422
vn 0.719238281 0.652832031 0.237548828
vn 0.809570312 0.568847656 0.145507812
vn 0.94140625 0.329345703 0.0723876953
vn 0.586425781 0.658691406 0.471435547
vn 0.488769531 0.671386719 0.557128906
vn 0.690429688 0.616210938 0.379150391
vn 0.79296875 0.544433594 0.2734375
vn 0.879394531 0.445556641 0.167114258
vn 0.976074219 0.203125 0.078125
vn 0.524902344 0.584960938 0.618164062
vn 0.429199219 0.593261719 0.681152344
vn 0.435546875 0.501953125 0.747070312
vn 0.633300781 0.558105469 0.536132812
vn 0.54296875 0.479003906 0.689941406
vn 0.426269531 0.392822266 0.814941406
vn 0.749023438 0.503417969 0.430419922
vn 0.854003906 0.419189453 0.307861328
vn 0.668457031 0.442382812 0.598144531
vn 0.550292969 0.365478516 0.750488281
vn 0.413330078 0.285888672 0.864746094
vn 0.794433594 0.377685547 0.475830078
vn 0.930664062 0.314941406 0.185180664
vn 0.690917969 0.320800781 0.647949219
vn 0.551269531 0.254394531 0.794433594
vn 0.400146484 0.189819336 0.896484375
vn 0.895996094 0.290771484 0.334960938
vn 0.961425781 0.192260742 0.196899414
vn 0.822265625 0.254882812 0.509277344
vn 0.702148438 0.208618164 0.681152344
vn 0.548339844 0.157836914 0.821289062
vn 0.389404297 0.111450195 0.9140625
vn 0.919433594 0.174560547 0.352294922
vn 0.9921875 0.0957641602 0.0809936523
vn 0.835449219 0.149536133 0.528808594
vn 0.705566406 0.118469238 0.698730469
vn 0.544433594 0.0858764648 0.834472656
vn 0.382568359 0.0570983887 0.922363281
vn 0.975097656 0.0901489258 0.202758789
vn 0.996582031 0.0107192993 0.0819091797
vn 0.929199219 0.081237793 0.360351562
vn 0.840332031 0.0687866211 0.537597656
vn 0.705566406 0.0536804199 0.706542969
vn 0.541992188 0.0379638672 0.839355469
vn 0.379394531 0.0242004395 0.924804688
vn 0.993652344 -0.0744018555 0.0815429688
vn 0.979003906 0.0109024048 0.204345703
vn 0.931640625 0.0108947754 0.362792969
vn 0.841308594 0.0104827881 0.540039062
vn 0.705566406 0.00956726074 0.708496094
vn 0.541503906 0.00823974609 0.840820312
vn 0.378662109 0.00679016113 0.92578125
vn 0.979980469 -0.182128906 0.0793457031
vn 0.9765625 -0.068359375 0.203125
vn 0.930664062 -0.0595092773 0.360839844
vn 0.841308594 -0.0478515625 0.538085938
vn 0.54296875 -0.0214691162 0.83984375
vn 0.379638672 -0.0106048584 0.924804688
vn 0.706542969 -0.0345458984 0.706542969
vn 0.948242188 -0.308837891 0.0743408203
vn 0.965332031 -0.170776367 0.197998047
vn 0.546386719 -0.0693359375 0.834960938
vn 0.383544922 -0.0434570312 0.922363281
vn 0.922851562 -0.153076172 0.353271484
vn 0.707519531 -0.0993652344 0.699707031
vn 0.838378906 -0.128662109 0.529785156
vn 0.895019531 -0.441162109 0.0665893555
vn 0.9375 -0.294189453 0.187011719
vn 0.551269531 -0.141357422 0.822265625
vn 0.391601562 -0.09765625 0.915039062
vn 0.901855469 -0.269775391 0.336669922
vn 0.706054688 -0.189697266 0.682128906
vn 0.827148438 -0.23449707 0.510742188
vn 0.823730469 -0.563964844 0.0574645996
vn 0.888671875 -0.42578125 0.169799805
vn 0.556640625 -0.237792969 0.795898438
vn 0.404052734 -0.17590332 0.897460938
vn 0.862792969 -0.399414062 0.310302734
vn 0.697265625 -0.302246094 0.649902344
vn 0.801757812 -0.358154297 0.478271484
vn 0.743164062 -0.666992188 0.0486755371
vn 0.821289062 -0.55078125 0.148925781
vn 0.558105469 -0.349121094 0.752929688
vn 0.419189453 -0.271972656 0.866210938
vn 0.804199219 -0.525878906 0.276611328
vn 0.677246094 -0.424804688 0.600585938
vn 0.759765625 -0.484863281 0.43359375
vn 0.662597656 -0.747558594 0.041809082
vn 0.743164062 -0.656738281 0.128173828
vn 0.552734375 -0.463378906 0.692871094
vn 0.434326172 -0.378662109 0.817382812
vn 0.732910156 -0.636230469 0.241455078
vn 0.645019531 -0.541503906 0.539550781
vn 0.703125 -0.599121094 0.3828125
vn 0.587890625 -0.808105469 0.0376586914
vn 0.663085938 -0.740234375 0.111083984
vn 0.537109375 -0.5703125 0.621582031
vn 0.445800781 -0.48828125 0.75
vn 0.656738281 -0.724121094 0.21081543
vn 0.600097656 -0.643066406 0.475341797
vn 0.637695312 -0.693359375 0.335205078
vn 0.518554688 -0.854003906 0.036529541
vn 0.587890625 -0.802734375 0.0994873047
vn 0.502441406 -0.657714844 0.561523438
vn 0.441650391 -0.580078125 0.684570312
vn 0.583496094 -0.790039062 0.188964844
vn 0.5703125 -0.764648438 0.300292969
vn 0.544433594 -0.722167969 0.427001953
vn 0.451416016 -0.891601562 0.0386352539
vn 0.518066406 -0.850097656 0.0943603516
vn 0.438476562 -0.704101562 0.55859375
vn 0.385253906 -0.581542969 0.716796875
vn 0.513671875 -0.839355469 0.178100586
vn 0.479248047 -0.774902344 0.411865234
vn 0.502441406 -0.81640625 0.284912109
vn 0.383300781 -0.922363281 0.0437927246
vn 0.449951172 -0.887695312 0.0958862305
vn 0.37109375 -0.716308594 0.590820312
vn 0.318359375 -0.573730469 0.754882812
vn 0.4453125 -0.877441406 0.178955078
vn 0.41015625 -0.806152344 0.426513672
vn 0.433349609 -0.853515625 0.288818359
vn 0.313232422 -0.948242188 0.0511474609
vn 0.381591797 -0.918457031 0.10369873
vn 0.303710938 -0.717285156 0.626953125
vn 0.253417969 -0.559570312 0.7890625
vn 0.375976562 -0.906738281 0.190063477
vn 0.341064453 -0.822265625 0.455322266
vn 0.363769531 -0.879394531 0.306884766
vn 0.240356445 -0.96875 0.0594787598
vn 0.311279297 -0.943359375 0.115905762
vn 0.239379883 -0.710449219 0.661621094
vn 0.194458008 -0.541992188 0.817871094
vn 0.305908203 -0.929199219 0.208251953
vn 0.273193359 -0.828613281 0.48828125
vn 0.294433594 -0.895996094 0.332519531
vn 0.16418457 -0.983886719 0.067565918
vn 0.239135742 -0.962402344 0.129760742
vn 0.1796875 -0.69921875 0.691894531
vn 0.143188477 -0.5234375 0.83984375
vn 0.234985352 -0.944824219 0.228881836
vn 0.207763672 -0.828613281 0.520019531
vn 0.225341797 -0.905273438 0.359863281
vn 0.164306641 -0.976074219 0.143066406
vn 0.0848388672 -0.993652344 0.0745849609
vn 0.125244141 -0.686523438 0.716308594
vn 0.0997314453 -0.506347656 0.856445312
vn 0.162475586 -0.955078125 0.248291016
vn 0.14465332 -0.82421875 0.547363281
vn 0.156616211 -0.909667969 0.384765625
vn 0.0745849609 -0.674804688 0.733886719
vn 0.0621032715 -0.4921875 0.868164062
vn 0.0867919922 -0.984375 0.153930664
vn 0.0880126953 -0.960449219 0.263671875
vn 0.083190918 -0.818847656 0.568359375
vn 0.0872802734 -0.910644531 0.404296875
vn 0.0269012451 -0.665527344 0.745605469
vn 0.0285644531 -0.481933594 0.875488281
vn 0.0232391357 -0.812988281 0.58203125
vn 0.0184020996 -0.908691406 0.417236328
vn 0.0132904053 -0.961425781 0.274414062
vn 0.00855255127 -0.986816406 0.161743164
vn -0.015411377 -0.659667969 0.751464844
vn -0.00070810318 -0.476074219 0.879394531
vn -0.0305938721 -0.808105469 0.588378906
vn -0.0439453125 -0.904785156 0.423339844
vn -0.0545654297 -0.958496094 0.279541016
vn -0.0515441895 -0.657714844 0.751464844
vn -0.0264434814 -0.474365234 0.879882812
vn -0.0759887695 -0.805175781 0.588378906
vn -0.0961914062 -0.900878906 0.423339844
vn -0.084777832 -0.658691406 0.747558594
vn -0.0514221191 -0.476318359 0.877929688
vn -0.116516113 -0.803710938 0.583496094
vn -0.118225098 -0.661132812 0.740722656
vn -0.078125 -0.480957031 0.873535156
vn -0.0625610352 -0.983886719 0.166137695
vn -0.111206055 -0.953613281 0.279785156
vn -0.141723633 -0.896972656 0.418457031
vn -0.155395508 -0.802734375 0.575683594
vn -0.153198242 -0.663574219 0.732421875
vn -0.107666016 -0.486816406 0.866699219
vn -0.121704102 -0.978515625 0.167114258
vn -0.159912109 -0.947753906 0.276367188
vn -0.184326172 -0.892578125 0.411621094
vn -0.194946289 -0.799804688 0.567871094
vn -0.190429688 -0.662597656 0.724609375
vn -0.14050293 -0.492431641 0.858886719
vn -0.17199707 -0.971191406 0.165527344
vn -0.204467773 -0.940429688 0.271484375
vn -0.22644043 -0.884765625 0.406982422
vn -0.236328125 -0.790527344 0.564941406
vn -0.231079102 -0.654296875 0.720214844
vn -0.176269531 -0.496582031 0.850097656
vn -0.217407227 -0.962402344 0.162963867
vn -0.247802734 -0.930664062 0.26953125
vn -0.270019531 -0.870605469 0.411132812
vn -0.280761719 -0.766113281 0.578125
vn -0.269775391 -0.601074219 0.752441406
vn -0.209716797 -0.496582031 0.842285156
vn -0.260986328 -0.951660156 0.161987305
vn -0.292480469 -0.915527344 0.275390625
vn -0.317138672 -0.84375 0.432861328
vn -0.324462891 -0.708984375 0.625976562
vn -0.306152344 -0.9375 0.165893555
vn -0.342041016 -0.892089844 0.295410156
vn -0.369384766 -0.793945312 0.482666016
vn -0.356933594 -0.916992188 0.178466797
vn -0.402099609 -0.852050781 0.335449219
vn -0.420898438 -0.883789062 0.203735352
vn -0.360107422 -0.610351562 0.705566406
vn -0.426025391 -0.7109375 0.559570312
vn -0.474853516 -0.785644531 0.396728516
vn -0.502929688 -0.829101562 0.244018555
vn -0.283447266 -0.495849609 0.820800781
vn -0.206787109 -0.393310547 0.895996094
vn -0.176269531 -0.496582031 0.850097656
vn -0.140991211 -0.339111328 0.930175781
vn -0.14050293 -0.492431641 0.858886719
vn -0.101257324 -0.326904297 0.939453125
vn -0.107666016 -0.486816406 0.866699219
vn -0.0703125 -0.317871094 0.9453125
vn -0.078125 -0.480957031 0.873535156
vn -0.0452575684 -0.311279297 0.94921875
vn -0.0514221191 -0.476318359 0.877929688
vn -0.0243988037 -0.306640625 0.951660156
vn -0.0264434814 -0.474365234 0.879882812
vn -0.00653839111 -0.304443359 0.952636719
vn -0.00070810318 -0.476074219 0.879394531
vn 0.0102767944 -0.305419922 0.952148438
vn 0.0285644531 -0.481933594 0.875488281
vn 0.028213501 -0.310302734 0.950195312
vn 0.0621032715 -0.4921875 0.868164062
vn 0.0491943359 -0.318847656 0.946289062
vn 0.0997314453 -0.506347656 0.856445312
vn 0.0748901367 -0.331542969 0.940429688
vn 0.143188477 -0.5234375 0.83984375
vn 0.10748291 -0.347412109 0.931640625
vn 0.194458008 -0.541992188 0.817871094
vn 0.149536133 -0.366455078 0.918457031
vn 0.253417969 -0.559570312 0.7890625
vn 0.202270508 -0.387695312 0.899414062
vn 0.318359375 -0.573730469 0.754882812
vn 0.266845703 -0.410400391 0.872070312
vn 0.385253906 -0.581542969 0.716796875
vn 0.344238281 -0.43359375 0.832519531
vn 0.441650391 -0.580078125 0.684570312
vn 0.445800781 -0.48828125 0.75
vn 0.318115234 -0.312988281 0.895019531
vn 0.434326172 -0.378662109 0.817382812
vn 0.228149414 -0.273925781 0.934082031
vn 0.163330078 -0.248413086 0.954589844
vn 0.115722656 -0.228881836 0.966796875
vn 0.0809936523 -0.213256836 0.973632812
vn 0.293701172 -0.21105957 0.932128906
vn 0.419189453 -0.271972656 0.866210938
vn 0.200927734 -0.172363281 0.964355469
vn 0.137207031 -0.14855957 0.979492188
vn 0.0933837891 -0.132568359 0.986816406
vn 0.273925781 -0.128173828 0.953125
vn 0.404052734 -0.17590332 0.897460938
vn 0.182006836 -0.0979003906 0.978515625
vn 0.120483398 -0.0795288086 0.989746094
vn 0.260253906 -0.065612793 0.963378906
vn 0.391601562 -0.09765625 0.915039062
vn 0.169921875 -0.0457763672 0.984375
vn 0.252441406 -0.0250396729 0.967285156
vn 0.383544922 -0.0434570312 0.922363281
vn 0.063659668 -0.121032715 0.990722656
vn 0.0795898438 -0.0678100586 0.994628906
vn 0.110534668 -0.0338745117 0.993164062
vn 0.163574219 -0.013885498 0.986328125
vn 0.249145508 -0.00307655334 0.968261719
vn 0.379638672 -0.0106048584 0.924804688
vn 0.0530090332 -0.0597839355 0.996582031
vn 0.0716552734 -0.0263671875 0.997070312
vn 0.10546875 -0.00717926025 0.994628906
vn 0.160888672 0.00142669678 0.986816406
vn 0.248168945 0.00555038452 0.96875
vn 0.378662109 0.00679016113 0.92578125
vn 0.046875 -0.0212249756 0.998535156
vn 0.0676269531 -0.00290298462 0.997558594
vn 0.103393555 0.00413894653 0.994628906
vn 0.16027832 0.00468444824 0.986816406
vn 0.248901367 0.0141906738 0.968261719
vn 0.379394531 0.0242004395 0.924804688
vn 0.043762207 4.75645065E-05 0.999023438
vn 0.0660400391 0.00589370728 0.997558594
vn 0.102966309 0.00410461426 0.994628906
vn 0.160888672 0.0079498291 0.986816406
vn 0.251953125 0.0362243652 0.967285156
vn 0.382568359 0.0570983887 0.922363281
vn 0.0425720215 0.0071182251 0.999023438
vn 0.0657958984 0.00372314453 0.998046875
vn 0.103393555 0.00407791138 0.994628906
vn 0.163208008 0.0233154297 0.986328125
vn 0.258789062 0.0769042969 0.962890625
vn 0.389404297 0.111450195 0.9140625
vn 0.0423583984 0.00348091125 0.999023438
vn 0.0661010742 0.00156021118 0.998046875
vn 0.105224609 0.0154342651 0.994140625
vn 0.168945312 0.0553283691 0.983886719
vn 0.271240234 0.139770508 0.952148438
vn 0.400146484 0.189819336 0.896484375
vn 0.0426330566 -0.000150084496 0.999023438
vn 0.0675048828 0.010383606 0.997558594
vn 0.109741211 0.0422363281 0.993164062
vn 0.179931641 0.107666016 0.977539062
vn 0.2890625 0.222900391 0.931152344
vn 0.413330078 0.285888672 0.864746094
vn 0.0437011719 0.00694274902 0.999023438
vn 0.0709838867 0.0339355469 0.997070312
vn 0.118713379 0.0880126953 0.989257812
vn 0.197265625 0.182495117 0.963378906
vn 0.311279297 0.325195312 0.893066406
vn 0.426269531 0.392822266 0.814941406
vn 0.0463562012 0.0282592773 0.998535156
vn 0.0780639648 0.0755004883 0.994140625
vn 0.133911133 0.157348633 0.978515625
vn 0.222290039 0.284179688 0.932617188
vn 0.334960938 0.445800781 0.830078125
vn 0.435546875 0.501953125 0.747070312
vn 0.373046875 0.59375 0.712890625
vn 0.429199219 0.593261719 0.681152344
vn 0.306152344 0.584960938 0.751464844
vn 0.258056641 0.421142578 0.869628906
vn 0.241455078 0.569335938 0.785644531
vn 0.193969727 0.397216797 0.896972656
vn 0.182983398 0.55078125 0.814453125
vn 0.157958984 0.257568359 0.953125
vn 0.141723633 0.375 0.916015625
vn 0.132080078 0.531738281 0.836425781
vn 0.110778809 0.237182617 0.965332031
vn 0.100097656 0.355224609 0.929199219
vn 0.089050293 0.513671875 0.853515625
vn 0.0905151367 0.14050293 0.985839844
vn 0.0764770508 0.220825195 0.972167969
vn 0.0678710938 0.338623047 0.938476562
vn 0.0516967773 0.498779297 0.865234375
vn 0.0610656738 0.128295898 0.989746094
vn 0.052154541 0.208129883 0.9765625
vn 0.0424194336 0.325683594 0.944335938
vn 0.018371582 0.487792969 0.872558594
vn 0.0516662598 0.0669555664 0.996582031
vn 0.041809082 0.11920166 0.9921875
vn 0.0350646973 0.198242188 0.979492188
vn 0.0216217041 0.31640625 0.948242188
vn -0.0107650757 0.481201172 0.876464844
vn 0.0354614258 0.0606689453 0.997558594
vn 0.0299987793 0.112365723 0.993164062
vn 0.00379180908 0.311523438 0.950195312
vn -0.0364685059 0.479003906 0.876953125
vn 0.0229034424 0.191772461 0.980957031
vn 0.0317993164 0.0241851807 0.999023438
vn -0.0129928589 0.310058594 0.950683594
vn -0.0614624023 0.48046875 0.875
vn 0.0267486572 0.0561218262 0.998046875
vn 0.0127792358 0.188232422 0.981933594
vn 0.0232391357 0.107971191 0.993652344
vn 0.0299377441 0.00450134277 0.999511719
vn -0.0308837891 0.311767578 0.949707031
vn -0.0882568359 0.484375 0.870605469
vn 0.0248260498 0.0213165283 0.999511719
vn 0.0232391357 0.053314209 0.998535156
vn 0.0019569397 0.18762207 0.982421875
vn 0.0179138184 0.105834961 0.994140625
vn 0.0291748047 -0.00132846832 0.999511719
vn -0.0518188477 0.315917969 0.947265625
vn -0.117919922 0.489501953 0.863769531
vn 0.0238037109 0.00284385681 0.999511719
vn 0.0231170654 0.0196228027 0.999511719
vn 0.0207672119 0.0520935059 0.998535156
vn 0.0107421875 0.105651855 0.994140625
vn -0.0111923218 0.189086914 0.981933594
vn -0.0770263672 0.322265625 0.943359375
vn -0.150878906 0.494628906 0.855957031
vn -0.0281982422 0.192626953 0.980957031
vn 0.000437736511 0.106933594 0.994140625
vn 0.0157318115 0.0521850586 0.998535156
vn 0.0222473145 0.0190124512 0.999511719
vn -0.108154297 0.330566406 0.9375
vn -0.186645508 0.497802734 0.847167969
vn -0.0506286621 0.198486328 0.979003906
vn -0.0142288208 0.109619141 0.993652344
vn 0.00703048706 0.0531921387 0.998535156
vn -0.148193359 0.341796875 0.928222656
vn -0.220092773 0.497314453 0.839355469
vn -0.0813598633 0.208129883 0.974609375
vn -0.0350341797 0.114501953 0.992675781
vn 0.018371582 0.0192260742 0.999511719
vn -0.00630569458 0.0550537109 0.998535156
vn 0.0105133057 0.0199432373 0.999511719
vn -0.127197266 0.229370117 0.96484375
vn -0.0651855469 0.123474121 0.990234375
vn -0.0260620117 0.0582885742 0.998046875
vn -0.0021572113 0.0209960938 1
vn -0.215087891 0.394287109 0.893554688
vn 0.0229034424 0.00170326233 0.999511719
vn 0.0195770264 0.00192451477 1
vn 0.0120697021 0.00237464905 1
vn 0.0229949951 0.00194072723 0.999511719
vn 0.0233459473 -0.0020866394 0.999511719
vn 0.0228729248 -0.00245475769 0.999511719
vn 0.0230865479 -0.00250816345 0.999511719
vn 0.0289306641 0.0033416748 0.999511719
vn 0.0231628418 0.00328063965 0.999511719
vn 0.0290679932 0.00801849365 0.999511719
vn 0.0227661133 0.00327682495 0.999511719
vn 0.0199279785 -0.00237464905 1
vn 0.0299682617 0.00220108032 0.999511719
vn 0.023223877 0.0086517334 0.999511719
vn 0.0230255127 0.00328063965 0.999511719
vn 0.0322265625 -0.0174407959 0.999511719
vn 0.0237884521 0.00373077393 0.999511719
vn 0.0227508545 0.00901031494 0.999511719
vn 0.0366516113 -0.0538635254 0.998046875
vn 0.0251922607 -0.0147094727 0.999511719
vn 0.0229644775 0.00461578369 0.999511719
vn 0.0229644775 0.0090637207 0.999511719
vn 0.0199127197 0.00324821472 1
vn 0.0442504883 -0.112243652 0.992675781
vn 0.0278625488 -0.0494995117 0.998535156
vn 0.0234527588 -0.013053894 0.999511719
vn 0.0228729248 0.00485229492 0.999511719
vn 0.0564575195 -0.201049805 0.978027344
vn 0.0322875977 -0.105712891 0.993652344
vn 0.0391540527 -0.19152832 0.98046875
vn 0.0242767334 -0.0467529297 0.998535156
vn 0.0268707275 -0.185180664 0.982421875
vn 0.0254516602 -0.101379395 0.994628906
vn 0.0225830078 -0.0124664307 0.999511719
vn 0.0166625977 -0.182006836 0.983398438
vn 0.0217895508 -0.0455932617 0.998535156
vn 0.0200653076 -0.0993652344 0.994628906
vn 0.00583648682 -0.181640625 0.983398438
vn 0.0128936768 -0.0993652344 0.995117188
vn 0.0167541504 -0.0457763672 0.999023438
vn 0.0187072754 -0.0127639771 0.999511719
vn 0.0195465088 0.00456237793 1
vn -0.00727844238 -0.183349609 0.982910156
vn 0.00262069702 -0.100830078 0.995117188
vn 0.0080871582 -0.0469665527 0.999023438
vn 0.0108642578 -0.0136413574 1
vn -0.0242156982 -0.187255859 0.981933594
vn -0.0119857788 -0.103881836 0.994628906
vn -0.00521087646 -0.0491027832 0.999023438
vn -0.0465087891 -0.193481445 0.979980469
vn -0.0326843262 -0.109130859 0.993652344
vn -0.0770263672 -0.203979492 0.976074219
vn 0.0120544434 0.00395584106 1
vn -0.00178050995 -0.0149612427 1
vn -0.0249023438 -0.0527648926 0.998535156
vn -0.0626831055 -0.118774414 0.990722656
vn -0.122375488 -0.226074219 0.966308594
vn -0.00036907196 0.00320243835 1
vn -0.020904541 -0.0169067383 0.999511719
vn -0.0541992188 -0.0594482422 0.996582031
vn -0.108459473 -0.138549805 0.984375
vn -0.192138672 -0.278808594 0.940917969
vn -0.0193481445 0.00235176086 1
vn -0.0497131348 -0.0201568604 0.998535156
vn -0.0995483398 -0.0726318359 0.9921875
vn -0.179931641 -0.179443359 0.967285156
vn -0.283935547 -0.369873047 0.884765625
vn -0.0480957031 0.00126171112 0.999023438
vn -0.0946655273 -0.0264282227 0.995117188
vn -0.171508789 -0.0986328125 0.98046875
vn -0.279541016 -0.248168945 0.927734375
vn -0.384765625 -0.481445312 0.787597656
vn -0.0930175781 -0.00065612793 0.995605469
vn -0.166748047 -0.0392150879 0.985351562
vn -0.274902344 -0.142578125 0.950683594
vn -0.399169922 -0.340576172 0.851074219
vn -0.480224609 -0.591796875 0.647460938
vn -0.165405273 -0.00494384766 0.986328125
vn -0.271728516 -0.0620727539 0.960449219
vn -0.40625 -0.206176758 0.890136719
vn -0.525390625 -0.444091797 0.725585938
vn -0.556640625 -0.682617188 0.473144531
vn -0.270996094 -0.0134735107 0.962402344
vn -0.408447266 -0.0979003906 0.907714844
vn -0.555664062 -0.286621094 0.780273438
vn -0.635742188 -0.540527344 0.55078125
vn -0.6015625 -0.741210938 0.297851562
vn -0.409423828 -0.028427124 0.912109375
vn -0.5703125 -0.148193359 0.808105469
vn -0.697753906 -0.371337891 0.612792969
vn -0.706542969 -0.610351562 0.358154297
vn -0.575195312 -0.0521240234 0.81640625
vn -0.732421875 -0.207763672 0.6484375
vn -0.797363281 -0.44140625 0.411376953
vn -0.745605469 -0.0839233398 0.661132812
vn -0.855957031 -0.263427734 0.445068359
vn -0.880859375 -0.117858887 0.458740234
vn -0.735351562 -0.649414062 0.193237305
vn -0.844238281 -0.486083984 0.226074219
vn -0.919433594 -0.303955078 0.248535156
vn -0.955078125 -0.145996094 0.258056641
vn -0.618164062 -0.770019531 0.158447266
vn -0.513671875 -0.848144531 0.12878418
vn -0.428955078 -0.896972656 0.10748291
vn -0.364501953 -0.926269531 0.0943603516
vn -0.313720703 -0.9453125 0.0877075195
vn -0.269042969 -0.959472656 0.0853271484
vn -0.225463867 -0.970703125 0.0852661133
vn -0.17980957 -0.979980469 0.0857543945
vn -0.128662109 -0.987792969 0.0855712891
vn -0.0682983398 -0.994140625 0.0838623047
vn 0.00459671021 -0.996582031 0.0801391602
vn 0.00179386139 -0.999511719 0.0286865234
vn -0.0719604492 -0.997070312 0.0319519043
vn -0.0738525391 -0.997070312 0.00596618652
vn -0.13293457 -0.990722656 0.0342102051
vn -0.184204102 -0.982421875 0.0356445312
vn -0.138061523 -0.990234375 -0.0292510986
vn -0.135009766 -0.990722656 0.00849914551
vn -0.196777344 -0.972167969 -0.126464844
vn -0.186401367 -0.982421875 0.0106124878
vn -0.189453125 -0.981445312 -0.025970459
vn -0.229858398 -0.97265625 0.0366516113
vn -0.248657227 -0.921875 -0.296875
vn -0.241821289 -0.962890625 -0.119384766
vn -0.234985352 -0.971679688 -0.0227661133
vn -0.232055664 -0.97265625 0.0124282837
vn -0.273193359 -0.961425781 0.0377197266
vn -0.281005859 -0.81640625 -0.504394531
vn -0.2890625 -0.913574219 -0.286376953
vn -0.284179688 -0.952148438 -0.113708496
vn -0.278076172 -0.960449219 -0.0200958252
vn -0.275146484 -0.961425781 0.0140762329
vn -0.317626953 -0.947265625 0.0394897461
vn -0.285400391 -0.671875 -0.68359375
vn -0.315673828 -0.806152344 -0.500488281
vn -0.329589844 -0.900390625 -0.284667969
vn -0.327392578 -0.937988281 -0.112243652
vn -0.322021484 -0.946777344 -0.0185699463
vn -0.319335938 -0.947753906 0.0156860352
vn -0.367919922 -0.928710938 0.042755127
vn -0.369140625 -0.929199219 0.0174102783
vn -0.371826172 -0.928222656 -0.0187835693
vn -0.376220703 -0.918945312 -0.117553711
vn -0.373046875 -0.87890625 -0.296630859
vn -0.431884766 -0.900878906 0.0484619141
vn -0.432617188 -0.901367188 0.0195770264
vn -0.435058594 -0.900390625 -0.0213012695
vn -0.436523438 -0.890136719 -0.131958008
vn -0.516113281 -0.854980469 0.0573425293
vn -0.515625 -0.856445312 0.0223693848
vn -0.517578125 -0.85546875 -0.0266723633
vn -0.62109375 -0.780761719 0.0695800781
vn -0.620117188 -0.784179688 0.0258331299
vn -0.740722656 -0.666503906 0.0841674805
vn -0.422851562 -0.845703125 -0.325927734
vn -0.513183594 -0.84375 -0.157226562
vn -0.620117188 -0.783691406 -0.0350341797
vn -0.739257812 -0.672851562 0.0296783447
vn -0.85546875 -0.508789062 0.0982055664
vn -0.481445312 -0.793457031 -0.372558594
vn -0.60546875 -0.771972656 -0.192749023
vn -0.736816406 -0.674804688 -0.0459289551
vn -0.854980469 -0.517578125 0.0331115723
vn -0.938964844 -0.327148438 0.108032227
vn -0.545898438 -0.717285156 -0.433105469
vn -0.707519531 -0.666503906 -0.235473633
vn -0.849609375 -0.523925781 -0.0579223633
vn -0.940429688 -0.337646484 0.0352478027
vn -0.979980469 -0.16394043 0.112182617
vn -0.610351562 -0.614257812 -0.500488281
vn -0.804199219 -0.524414062 -0.278808594
vn -0.935058594 -0.348144531 -0.0684814453
vn -0.984375 -0.172973633 0.0358886719
vn -0.666503906 -0.486816406 -0.564941406
vn -0.877929688 -0.361083984 -0.315185547
vn -0.979980469 -0.184692383 -0.075378418
vn -0.706542969 -0.346923828 -0.616699219
vn -0.918457031 -0.205200195 -0.338623047
vn -0.728515625 -0.212036133 -0.651367188
vn -0.997558594 -0.0619812012 0.035736084
vn -0.994628906 -0.0700073242 -0.0784912109
vn -0.932617188 -0.0863647461 -0.349853516
vn -0.736328125 -0.0985717773 -0.669433594
vn -0.9921875 -0.0567321777 0.112670898
vn -0.964355469 -0.0469665527 0.259521484
vn -0.887207031 -0.0331420898 0.460449219
vn -0.749023438 -0.0184326172 0.662109375
vn -0.577148438 -0.00644302368 0.81640625
vn -0.410888672 0.00113201141 0.911621094
vn -0.271972656 0.005027771 0.962402344
vn -0.165771484 0.00675964355 0.986328125
vn -0.0930786133 0.00738525391 0.995605469
vn -0.0479125977 0.00759124756 0.999023438
vn -0.0190429688 0.0078125 1
vn 1.01327896E-06 0.00814056396 1
vn 0.0124130249 0.00852203369 1
vn 0.019821167 0.00886535645 1
vn 0.012512207 0.00317001343 1
vn 8.09431076E-05 0.00304031372 1
vn -0.0190124512 0.00283813477 1
vn -0.0479431152 0.00253105164 0.999023438
vn 0.0125198364 -0.00218582153 1
vn 0.00010830164 -0.00206375122 1
vn -0.000365495682 0.00286865234 1
vn -0.0189361572 -0.00213813782 1
vn -0.0193634033 0.00331878662 1
vn -0.0213165283 0.0225372314 0.999511719
vn -0.0477905273 -0.00252723694 0.999023438
vn -0.0481262207 0.00379753113 0.999023438
vn -0.050201416 0.025177002 0.998535156
vn -0.0555114746 0.0643920898 0.996582031
vn -0.111450195 0.142211914 0.983398438
vn -0.101135254 0.0765380859 0.991699219
vn -0.0952148438 0.0304718018 0.995117188
vn -0.0930786133 0.00475311279 0.995605469
vn -0.092956543 -0.00329017639 0.995605469
vn -0.197998047 0.280517578 0.939453125
vn -0.18371582 0.181518555 0.966308594
vn -0.173583984 0.100952148 0.979492188
vn -0.167602539 0.0416870117 0.984863281
vn -0.0932006836 0.00204658508 0.995605469
vn -0.165527344 0.00746154785 0.986328125
vn -0.166015625 0.00125217438 0.986328125
vn -0.165649414 -0.00424575806 0.986328125
vn -0.272460938 6.21676445E-05 0.962402344
vn -0.271972656 -0.00489425659 0.962402344
vn -0.271484375 0.0136260986 0.962402344
vn -0.272949219 0.0621948242 0.959960938
vn -0.411376953 -0.00155067444 0.911621094
vn -0.410644531 -0.00422286987 0.911621094
vn -0.409912109 0.0253601074 0.911621094
vn -0.577636719 -0.00358963013 0.81640625
vn -0.577148438 -0.000724315643 0.81640625
vn -0.749511719 -0.00586700439 0.661621094
vn -0.277832031 0.142578125 0.950195312
vn -0.410400391 0.0947875977 0.906738281
vn -0.576171875 0.0449829102 0.815917969
vn -0.749511719 0.00671386719 0.662109375
vn -0.887695312 -0.00792694092 0.460205078
vn -0.410644531 0.20300293 0.889160156
vn -0.284667969 0.247802734 0.926269531
vn -0.747558594 0.072265625 0.660644531
vn -0.887695312 0.0173034668 0.460449219
vn -0.965820312 -0.0093536377 0.259033203
vn -0.40625 0.337158203 0.849121094
vn -0.291748047 0.369140625 0.882324219
vn -0.883300781 0.102111816 0.458007812
vn -0.965332031 0.0282592773 0.259277344
vn -0.993652344 -0.010093689 0.112365723
vn -0.394775391 0.478027344 0.784667969
vn -0.293945312 0.494628906 0.817871094
vn -0.958007812 0.127441406 0.257324219
vn -0.993164062 0.0365600586 0.112426758
vn -0.999511719 -0.0103912354 0.0354919434
vn -0.372802734 0.606933594 0.701660156
vn -0.282470703 0.599609375 0.748535156
vn -0.983398438 0.144042969 0.11126709
vn -0.998535156 0.041229248 0.0354003906
vn -0.996582031 -0.0107116699 -0.0794677734
vn -0.339355469 0.705566406 0.622070312
vn -0.244873047 0.653808594 0.716308594
vn -0.186645508 0.497802734 0.847167969
vn -0.987792969 0.15246582 0.0349121094
vn -0.995605469 0.0486450195 -0.0787963867
vn -0.935546875 -0.0109024048 -0.353515625
vn -0.296875 0.763671875 0.573730469
vn -0.204345703 0.662597656 0.720214844
vn -0.150878906 0.494628906 0.855957031
vn -0.983398438 0.163574219 -0.0764160156
vn -0.934570312 0.0645751953 -0.350341797
vn -0.737304688 -0.00980377197 -0.675292969
vn -0.252929688 0.788574219 0.560058594
vn -0.167114258 0.664550781 0.728515625
vn -0.117919922 0.489501953 0.863769531
vn -0.922363281 0.18371582 -0.33984375
vn -0.73828125 0.0789794922 -0.669921875
vn -0.211669922 0.798828125 0.562988281
vn -0.132080078 0.663085938 0.736816406
vn -0.0882568359 0.484375 0.870605469
vn -0.732910156 0.192749023 -0.652832031
vn -0.172363281 0.802734375 0.570800781
vn -0.0986328125 0.661132812 0.743652344
vn -0.0614624023 0.48046875 0.875
vn -0.133422852 0.8046875 0.578613281
vn -0.0653686523 0.660644531 0.747558594
vn -0.0364685059 0.479003906 0.876953125
vn -0.092956543 0.806640625 0.583496094
vn -0.0293121338 0.663574219 0.747558594
vn -0.0107650757 0.481201172 0.876464844
vn -0.0476074219 0.810546875 0.583496094
vn 0.0128631592 0.670898438 0.741699219
vn 0.018371582 0.487792969 0.872558594
vn 0.00612258911 0.816894531 0.577148438
vn 0.060333252 0.680664062 0.729980469
vn 0.0516967773 0.498779297 0.865234375
vn 0.0659179688 0.823730469 0.563476562
vn 0.110717773 0.693359375 0.711914062
vn 0.089050293 0.513671875 0.853515625
vn 0.127319336 0.830566406 0.542480469
vn 0.164916992 0.70703125 0.6875
vn 0.132080078 0.531738281 0.836425781
vn 0.190185547 0.8359375 0.515136719
vn 0.224365234 0.719238281 0.657226562
vn 0.182983398 0.55078125 0.814453125
vn 0.255615234 0.837402344 0.483398438
vn 0.288574219 0.727539062 0.622558594
vn 0.241455078 0.569335938 0.785644531
vn 0.323730469 0.83203125 0.450439453
vn 0.355712891 0.727539062 0.586425781
vn 0.306152344 0.584960938 0.751464844
vn 0.393066406 0.816894531 0.421630859
vn 0.423583984 0.716796875 0.554199219
vn 0.373046875 0.59375 0.712890625
vn 0.488769531 0.671386719 0.557128906
vn 0.429199219 0.593261719 0.681152344
vn 0.529296875 0.735839844 0.422607422
vn 0.462890625 0.787109375 0.407226562
vn 0.554199219 0.778320312 0.295654297
vn 0.485107422 0.828613281 0.280029297
vn 0.566894531 0.803222656 0.184082031
vn 0.415283203 0.864257812 0.283691406
vn 0.49609375 0.850585938 0.172973633
vn 0.570800781 0.815429688 0.0946044922
vn 0.345214844 0.888671875 0.301513672
vn 0.426757812 0.887695312 0.173583984
vn 0.5 0.861328125 0.0891113281
vn 0.570800781 0.8203125 0.0327148438
vn 0.275390625 0.903808594 0.327148438
vn 0.356933594 0.915527344 0.184570312
vn 0.431396484 0.897460938 0.0904541016
vn 0.500488281 0.865234375 0.0313110352
vn 0.569335938 0.821777344 -0.00452804565
vn 0.206298828 0.912109375 0.354492188
vn 0.286376953 0.936523438 0.202636719
vn 0.362060547 0.926757812 0.0980834961
vn 0.432617188 0.900878906 0.033203125
vn 0.5 0.866210938 -0.00360298157
vn 0.568359375 0.822265625 -0.0228118896
vn 0.137451172 0.915039062 0.379150391
vn 0.215087891 0.950683594 0.223144531
vn 0.291503906 0.950195312 0.110107422
vn 0.363769531 0.930664062 0.0381469727
vn 0.432373047 0.901855469 -0.00164890289
vn 0.499267578 0.866210938 -0.0207824707
vn 0.0681152344 0.914550781 0.398681641
vn 0.142333984 0.959472656 0.242431641
vn 0.21887207 0.967773438 0.123962402
vn 0.293212891 0.955078125 0.0453796387
vn 0.498291016 0.866699219 -0.0258483887
vn 0.567382812 0.823242188 -0.0281982422
vn 0.431152344 0.901855469 -0.0239257812
vn 0.431884766 0.901855469 -0.0188598633
vn 0.362792969 0.931640625 -0.0222167969
vn 0.364013672 0.931152344 0.00137615204
vn 0.363769531 0.931152344 -0.0168609619
vn 0.291992188 0.956054688 -0.0205535889
vn 0.293457031 0.956054688 0.00527191162
vn 0.219848633 0.974121094 0.0535888672
vn 0.29296875 0.956054688 -0.0146865845
vn 0.219116211 0.975585938 -0.0122375488
vn 0.218017578 0.975585938 -0.018661499
vn 0.219604492 0.975585938 0.00966644287
vn 0.143798828 0.979980469 0.137084961
vn 0.143432617 0.987792969 0.0615539551
vn 0.0678100586 0.963867188 0.2578125
vn 0.140014648 0.989257812 -0.0452880859
vn 0.180908203 0.983398438 -0.0182952881
vn 0.137939453 0.987792969 -0.0739135742
vn 0.142456055 0.989746094 0.0141906738
vn 0.0661010742 0.986816406 0.147949219
vn -0.000717163086 0.911132812 0.411865234
vn -0.00693130493 0.963378906 0.268554688
vn -0.0629882812 0.90625 0.41796875
vn 0.0639648438 0.995605469 0.0685424805
vn 0.141723633 0.989746094 -0.0094833374
vn -0.0121917725 0.987792969 0.155761719
vn -0.115112305 0.901367188 0.417724609
vn -0.0747070312 0.958984375 0.273681641
vn 0.0620727539 0.998046875 0.0185852051
vn 0.0609436035 0.998046875 -0.0064201355
vn -0.160644531 0.896484375 0.412841797
vn -0.0163574219 0.997070312 0.0740966797
vn -0.131225586 0.952636719 0.274169922
vn -0.0832519531 0.983398438 0.16015625
vn -0.203125 0.891113281 0.40625
vn -0.0192108154 0.999511719 0.0226135254
vn -0.17980957 0.945800781 0.270507812
vn -0.142211914 0.9765625 0.161254883
vn -0.0891723633 0.993164062 0.0778198242
vn -0.244995117 0.882324219 0.401611328
vn -0.224243164 0.9375 0.265869141
vn -0.192382812 0.968261719 0.159667969
vn -0.149414062 0.985351562 0.0795898438
vn -0.0928955078 0.995117188 0.025894165
vn -0.288330078 0.8671875 0.405761719
vn -0.267333984 0.926757812 0.263916016
vn -0.237670898 0.958496094 0.157104492
vn -0.200317383 0.9765625 0.0798339844
vn -0.334716797 0.839355469 0.427734375
vn -0.311767578 0.911132812 0.269775391
vn -0.281005859 0.946777344 0.15612793
vn -0.386230469 0.7890625 0.477783203
vn -0.360839844 0.886230469 0.290039062
vn -0.440917969 0.705078125 0.555175781
vn -0.153686523 0.987792969 0.0281829834
vn -0.245727539 0.966308594 0.0793457031
vn -0.325683594 0.931640625 0.16015625
vn -0.419921875 0.845214844 0.330078125
vn -0.492675781 0.585449219 0.644042969
vn -0.204833984 0.978515625 0.0296783447
vn -0.2890625 0.954101562 0.0795288086
vn -0.376220703 0.91015625 0.172851562
vn -0.491455078 0.777832031 0.391845703
vn -0.534667969 0.437255859 0.723144531
vn -0.250244141 0.967773438 0.03074646
vn -0.333496094 0.938964844 0.08203125
vn -0.439208984 0.875976562 0.198364258
vn -0.570800781 0.673828125 0.468994141
vn -0.561523438 0.279541016 0.778808594
vn -0.293212891 0.955566406 0.0318908691
vn -0.383789062 0.918945312 0.0887451172
vn -0.520019531 0.819824219 0.239013672
vn -0.646972656 0.530273438 0.547363281
vn -0.573242188 0.140991211 0.807128906
vn -0.705078125 0.360351562 0.610351562
vn -0.736816406 0.196166992 0.646972656
vn -0.616699219 0.73046875 0.293457031
vn -0.447753906 0.888183594 0.102050781
vn -0.719238281 0.59765625 0.354492188
vn -0.861328125 0.248168945 0.443603516
vn -0.806640625 0.427001953 0.408691406
vn -0.53125 0.837890625 0.123718262
vn -0.92578125 0.286132812 0.246704102
vn -0.634277344 0.757324219 0.153808594
vn -0.854003906 0.469726562 0.223144531
vn -0.749023438 0.634765625 0.189331055
vn -0.9453125 0.308105469 0.106079102
vn -0.865722656 0.491210938 0.0951538086
vn -0.754394531 0.651367188 0.0801391602
vn -0.637207031 0.768066406 0.0648803711
vn -0.533691406 0.844238281 0.0521850586
vn -0.947265625 0.318115234 0.0332641602
vn -0.865722656 0.5 0.0300292969
vn -0.753417969 0.657226562 0.0256347656
vn -0.636230469 0.770996094 0.0211181641
vn -0.941894531 0.327880859 -0.0705566406
vn -0.860839844 0.505371094 -0.0610656738
vn -0.750488281 0.658691406 -0.049987793
vn -0.885253906 0.340576172 -0.317138672
vn -0.815429688 0.505859375 -0.281982422
vn -0.713378906 0.328125 -0.619140625
vn -0.533691406 0.845703125 0.0171966553
vn -0.636230469 0.770507812 -0.0397644043
vn -0.721191406 0.649902344 -0.239379883
vn -0.676269531 0.469482422 -0.567382812
vn -0.53515625 0.844238281 -0.031829834
vn -0.621582031 0.7578125 -0.197387695
vn -0.623046875 0.598144531 -0.50390625
vn -0.530761719 0.83203125 -0.162353516
vn -0.560546875 0.703125 -0.437255859
vn -0.497802734 0.780761719 -0.377197266
vn -0.496337891 0.397460938 -0.771972656
vn -0.481689453 0.503417969 -0.717285156
vn -0.458740234 0.598632812 -0.656738281
vn -0.429931641 0.676757812 -0.59765625
vn -0.502929688 0.287841797 -0.814941406
vn -0.504394531 0.181762695 -0.844238281
vn -0.502929688 0.0831298828 -0.860351562
vn -0.500976562 -0.00788879395 -0.865722656
vn -0.500976562 -0.0988769531 -0.859863281
vn -0.500488281 -0.197509766 -0.842773438
vn -0.496826172 -0.303222656 -0.812988281
vn -0.487792969 -0.412353516 -0.76953125
vn -0.470947266 -0.518066406 -0.714355469
vn -0.446044922 -0.612304688 -0.652832031
vn -0.415527344 -0.688964844 -0.59375
vn -0.382568359 -0.74609375 -0.544921875
vn -0.349365234 -0.784179688 -0.513183594
vn -0.310302734 -0.655273438 -0.688476562
vn -0.330078125 -0.62109375 -0.7109375
vn -0.344238281 -0.568847656 -0.747070312
vn -0.352539062 -0.501464844 -0.790039062
vn -0.355712891 -0.425292969 -0.83203125
vn -0.272705078 -0.539550781 -0.796386719
vn -0.285644531 -0.516113281 -0.807128906
vn -0.254882812 -0.443847656 -0.858886719
vn -0.290283203 -0.474609375 -0.831054688
vn -0.2890625 -0.420898438 -0.859863281
vn -0.254882812 -0.411865234 -0.875
vn -0.232666016 -0.374267578 -0.897460938
vn -0.249755859 -0.369384766 -0.895019531
vn -0.283935547 -0.361816406 -0.887695312
vn -0.215698242 -0.355712891 -0.909179688
vn -0.224731445 -0.397216797 -0.889648438
vn -0.226074219 -0.338623047 -0.913574219
vn -0.242675781 -0.322753906 -0.915039062
vn -0.201904297 -0.348144531 -0.915527344
vn -0.211181641 -0.390136719 -0.895996094
vn -0.209594727 -0.321289062 -0.923339844
vn -0.202758789 -0.284423828 -0.937011719
vn -0.21887207 -0.299072266 -0.928710938
vn -0.204101562 -0.327636719 -0.922363281
vn -0.201660156 -0.330810547 -0.921875
vn -0.197875977 -0.359130859 -0.912109375
vn -0.196044922 -0.383789062 -0.90234375
vn -0.193847656 -0.361328125 -0.912109375
vn -0.192382812 -0.399658203 -0.896484375
vn -0.197875977 -0.291748047 -0.935546875
vn -0.203491211 -0.268066406 -0.941894531
vn -0.191772461 -0.259765625 -0.946289062
vn -0.206176758 -0.270019531 -0.940429688
vn -0.204956055 -0.26171875 -0.943359375
vn -0.211791992 -0.255859375 -0.943359375
vn -0.198120117 -0.215454102 -0.956054688
vn -0.235351562 -0.272949219 -0.932617188
vn -0.205322266 -0.20690918 -0.956542969
vn -0.277587891 -0.300292969 -0.912597656
vn -0.20703125 -0.182861328 -0.9609375
vn -0.193725586 -0.177368164 -0.96484375
vn -0.210205078 -0.184082031 -0.959960938
vn -0.208862305 -0.165527344 -0.963867188
vn -0.228515625 -0.218261719 -0.948730469
vn -0.354980469 -0.344726562 -0.869140625
vn -0.271240234 -0.235595703 -0.933105469
vn -0.3515625 -0.262451172 -0.8984375
vn -0.222900391 -0.157104492 -0.961914062
vn -0.347900391 -0.17956543 -0.920410156
vn -0.265625 -0.166503906 -0.949707031
vn -0.205078125 -0.0931396484 -0.974121094
vn -0.205688477 -0.121704102 -0.971191406
vn -0.345214844 -0.0944213867 -0.93359375
vn -0.262207031 -0.0899658203 -0.9609375
vn -0.219482422 -0.0862426758 -0.971679688
vn -0.21887207 -0.00526046753 -0.975585938
vn -0.204345703 -0.00547790527 -0.979003906
vn -0.204711914 0.0370178223 -0.978027344
vn -0.20703125 0.0823974609 -0.974609375
vn -0.344726562 -0.00647354126 -0.938964844
vn -0.261474609 -0.00568008423 -0.965332031
vn -0.221313477 0.0757446289 -0.972167969
vn -0.347167969 0.0814819336 -0.934082031
vn -0.263916016 0.0786132812 -0.961425781
vn -0.226196289 0.146606445 -0.962890625
vn -0.212280273 0.154785156 -0.96484375
vn -0.3515625 0.166625977 -0.921386719
vn -0.269042969 0.155029297 -0.950683594
vn -0.232910156 0.207641602 -0.950195312
vn -0.356933594 0.249633789 -0.899902344
vn -0.275878906 0.224121094 -0.934570312
vn -0.362060547 0.331787109 -0.87109375
vn -0.283935547 0.288818359 -0.914550781
vn -0.364501953 0.412597656 -0.834960938
vn -0.210449219 0.197631836 -0.957519531
vn -0.211303711 0.172973633 -0.961914062
vn -0.203979492 0.206787109 -0.95703125
vn -0.217529297 0.24597168 -0.944335938
vn -0.210693359 0.251953125 -0.944335938
vn -0.240966797 0.262207031 -0.934570312
vn -0.291503906 0.350585938 -0.890136719
vn -0.363037109 0.489013672 -0.79296875
vn -0.225097656 0.288818359 -0.930664062
vn -0.249267578 0.312011719 -0.916992188
vn -0.297607422 0.409423828 -0.862304688
vn -0.355957031 0.556640625 -0.750488281
vn -0.257324219 0.358642578 -0.897460938
vn -0.300292969 0.463378906 -0.833496094
vn -0.209350586 0.275390625 -0.938476562
vn -0.209594727 0.258789062 -0.942871094
vn -0.204345703 0.282714844 -0.937011719
vn -0.216308594 0.311523438 -0.925292969
vn -0.2109375 0.317626953 -0.924316406
vn -0.233032227 0.328125 -0.915527344
vn -0.263427734 0.401123047 -0.877441406
vn -0.223022461 0.345703125 -0.911621094
vn -0.240356445 0.364013672 -0.899902344
vn -0.209228516 0.338623047 -0.917480469
vn -0.208618164 0.321044922 -0.923828125
vn -0.205688477 0.350097656 -0.9140625
vn -0.219360352 0.380615234 -0.8984375
vn -0.233032227 0.386962891 -0.892089844
vn -0.203613281 0.373535156 -0.904785156
vn -0.201660156 0.352294922 -0.9140625
vn -0.198974609 0.386962891 -0.900390625
vn -0.243286133 0.391113281 -0.887695312
vn -0.264160156 0.433105469 -0.861816406
vn -0.233032227 0.386962891 -0.892089844
vn -0.296386719 0.505371094 -0.810546875
vn -0.253173828 0.4453125 -0.858886719
vn -0.219360352 0.380615234 -0.8984375
vn -0.343017578 0.609863281 -0.714355469
vn -0.283935547 0.528808594 -0.799804688
vn -0.236694336 0.441162109 -0.865722656
vn -0.203613281 0.373535156 -0.904785156
vn -0.398193359 0.734863281 -0.549316406
vn -0.323974609 0.64453125 -0.692871094
vn -0.264160156 0.534667969 -0.802734375
vn -0.218017578 0.433105469 -0.874511719
vn -0.440673828 0.834472656 -0.330810547
vn -0.365722656 0.7734375 -0.518066406
vn -0.299560547 0.661621094 -0.6875
vn -0.455078125 0.879882812 -0.137451172
vn -0.391357422 0.869140625 -0.302001953
vn -0.453857422 0.890625 -0.0267486572
vn -0.215698242 0.459228516 -0.861816406
vn -0.217407227 0.522949219 -0.82421875
vn -0.198974609 0.386962891 -0.900390625
vn -0.208007812 0.463378906 -0.861328125
vn -0.213134766 0.567382812 -0.795410156
vn -0.209228516 0.655761719 -0.725585938
vn -0.200805664 0.572265625 -0.794921875
vn -0.198242188 0.721679688 -0.663085938
vn -0.204345703 0.872558594 -0.443847656
vn -0.395263672 0.91015625 -0.12310791
vn -0.241333008 0.529785156 -0.812988281
vn -0.271484375 0.664550781 -0.696289062
vn -0.241455078 0.66015625 -0.7109375
vn -0.332519531 0.796386719 -0.505371094
vn -0.298095703 0.807128906 -0.509277344
vn -0.348388672 0.891601562 -0.290039062
vn -0.262207031 0.810546875 -0.523925781
vn -0.308105469 0.905273438 -0.291748047
vn -0.347167969 0.930175781 -0.117919922
vn -0.223510742 0.811035156 -0.541015625
vn -0.176025391 0.928222656 -0.327636719
vn -0.180541992 0.879882812 -0.438964844
vn -0.144042969 0.963867188 -0.223388672
vn -0.111328125 0.969238281 -0.218505859
vn -0.268066406 0.914550781 -0.302490234
vn -0.391357422 0.919921875 -0.0243988037
vn -0.304199219 0.9453125 -0.119506836
vn -0.224975586 0.921386719 -0.316162109
vn -0.261962891 0.95703125 -0.125244141
vn -0.341796875 0.939453125 -0.024307251
vn -0.451416016 0.892089844 0.0141220093
vn -0.388671875 0.921386719 0.0117874146
vn -0.450683594 0.891601562 0.0429992676
vn -0.387451172 0.921386719 0.0371398926
vn -0.298095703 0.954101562 -0.0259246826
vn -0.339111328 0.940917969 0.00994110107
vn -0.337402344 0.940917969 0.0337524414
vn -0.295166016 0.955566406 0.00825500488
vn -0.255371094 0.966308594 -0.0286560059
vn -0.252441406 0.967773438 0.00653457642
vn -0.217163086 0.967285156 -0.132446289
vn -0.210083008 0.977050781 -0.0319213867
vn -0.20703125 0.978515625 0.00465011597
vn -0.166381836 0.976074219 -0.139038086
vn -0.158813477 0.986816406 -0.0352478027
vn -0.155761719 0.987792969 0.00248527527
vn -0.105224609 0.983886719 -0.144165039
vn -0.0364990234 0.974121094 -0.222290039
vn -0.09765625 0.994628906 -0.0384216309
vn -0.0947875977 0.995605469 -9.08970833E-05
vn -0.0305480957 0.988769531 -0.147583008
vn 0.015296936 0.997070312 -0.0759887695
vn 0.0562438965 0.995605469 -0.073425293
vn -0.0233459473 0.999023438 -0.0413818359
vn -0.0207672119 1 -0.00315856934
vn 0.0587768555 0.997070312 -0.0437316895
vn 3.57627869E-07 0 -1
vn 3.57627869E-07 0 -1
vn 6.55651093E-07 0 -1
vn 6.55651093E-07 0 -1
vn -0 0 -1
vn -0 0 -1
vn -0 0 -1
vn -0 0 -1
vn 1.31130219E-06 0 -1
vn -0 0 -1
vn 1.31130219E-06 0 -1
vn -0 0 -1
vn 1.43051147E-06 0 -1
vn -1.31130219E-06 0 -1
vn 1.43051147E-06 0 -1
vn -1.31130219E-06 0 -1
vn -3.57627869E-07 0 -1
vn -1.31130219E-06 0 -1
vn -3.57627869E-07 0 -1
vn -1.31130219E-06 0 -1
vn -6.55651093E-07 0 -1
vn -0 0 -1
vn -6.55651093E-07 0 -1
vn -0 0 -1
vn -0 0 -1
vn -0 0 -1
vn -0 0 -1
vn -0 0 -1
vn -0 0 -1
vn -0 0 -1
vn -0 0 -1
vn -0 0 -1
vn 1.31130219E-06 0 -1
vn -0 0 -1
vn 1.31130219E-06 0 -1
vn -0 0 -1
vn 1.31130219E-06 0 -1
vn -6.55651093E-07 0 -1
vn 1.31130219E-06 0 -1
vn -6.55651093E-07 0 -1
vn -0 0 -1
vn -6.55651093E-07 0 -1
vn -0 0 -1
vn -6.55651093E-07 0 -1
vn -0 0 -1
vn 6.55651093E-07 0 -1
vn -0 0 -1
vn 6.55651093E-07 0 -1
vn -0 0 -1
vn 1.78813934E-07 0 -1
vn -0 0 -1
vn 1.78813934E-07 0 -1
vn -0 0 -1
vn -1.31130219E-06 0 -1
vn -0 0 -1
vn -1.31130219E-06 0 -1
vn 6.55651093E-07 0 -1
vn -1.49011612E-06 0 -1
vn 6.55651093E-07 0 -1
vn -1.49011612E-06 0 -1
vn 6.55651093E-07 0 -1
vn -6.55651093E-07 0 -1
vn 6.55651093E-07 0 -1
vn -6.55651093E-07 0 -1
vn -0.555664062 -0.831542969 0
vn -0.70703125 -0.70703125 0
vn -0.555664062 -0.831542969 0
vn -0.70703125 -0.70703125 0
vn -0.382568359 -0.923828125 0
vn -0.831542969 -0.555664062 0
vn -0.382568359 -0.923828125 0
vn -0.831542969 -0.555664062 0
vn -0.195068359 -0.980957031 0
vn -0.923828125 -0.382568359 0
vn -0.195068359 -0.980957031 0
vn -0.923828125 -0.382568359 0
vn 5.36441803E-07 -1 0
vn -0.980957031 -0.195068359 0
vn 5.36441803E-07 -1 0
vn -0.980957031 -0.195068359 0
vn 0.195068359 -0.980957031 0
vn -1 -4.17232513E-07 0
vn 0.195068359 -0.980957031 0
vn -1 -4.17232513E-07 0
vn 0.382568359 -0.923828125 0
vn -0.980957031 0.195068359 0
vn 0.382568359 -0.923828125 0
vn -0.980957031 0.195068359 0
vn 0.555664062 -0.831542969 0
vn -0.923828125 0.382568359 0
vn 0.555664062 -0.831542969 0
vn -0.923828125 0.382568359 0
vn 0.70703125 -0.70703125 0
vn -0.831542969 0.555664062 0
vn 0.70703125 -0.70703125 0
vn -0.831542969 0.555664062 0
vn 0.831542969 -0.555664062 0
vn -0.70703125 0.70703125 0
vn 0.831542969 -0.555664062 0
vn -0.70703125 0.70703125 0
vn 0.923828125 -0.382568359 0
vn -0.555664062 0.831542969 0
vn 0.923828125 -0.382568359 0
vn -0.555664062 0.831542969 0
vn 0.980957031 -0.195068359 0
vn -0.382568359 0.923828125 0
vn 0.980957031 -0.195068359 0
vn -0.382568359 0.923828125 0
vn 1 -4.17232513E-07 0
vn -0.195068359 0.980957031 0
vn 1 -4.17232513E-07 0
vn -0.195068359 0.980957031 0
vn 0.980957031 0.195068359 0
vn 5.36441803E-07 1 0
vn 0.980957031 0.195068359 0
vn 5.36441803E-07 1 0
vn 0.923828125 0.382568359 0
vn 0.195068359 0.980957031 0
vn 0.923828125 0.382568359 0
vn 0.195068359 0.980957031 0
vn 0.831542969 0.555664062 0
vn 0.382568359 0.923828125 0
vn 0.831542969 0.555664062 0
vn 0.382568359 0.923828125 0
vn 0.70703125 0.70703125 0
vn 0.555664062 0.831542969 0
vn 0.70703125 0.70703125 0
vn 0.555664062 0.831542969 0
vn -6.55651093E-07 0 -1
vn -6.55651093E-07 0 -1
vn -6.55651093E-07 0 -1
vn -6.55651093E-07 0 -1
vn -0 0 -1
vn -0 0 -1
vn -0 0 -1
vn -0 0 -1
vn -1.31130219E-06 0 -1
vn -0 0 -1
vn -1.31130219E-06 0 -1
vn -0 0 -1
vn -1.31130219E-06 0 -1
vn 6.55651093E-07 0 -1
vn -1.31130219E-06 0 -1
vn 6.55651093E-07 0 -1
vn 1.31130219E-06 0 -1
vn 6.55651093E-07 0 -1
vn 1.31130219E-06 0 -1
vn 6.55651093E-07 0 -1
vn 1.31130219E-06 0 -1
vn -4.76837158E-07 0 -1
vn 1.31130219E-06 0 -1
vn -4.76837158E-07 0 -1
vn -0 0 -1
vn -4.76837158E-07 0 -1
vn -0 0 -1
vn -4.76837158E-07 0 -1
vn -0 0 -1
vn 6.55651093E-07 0 -1
vn -0 0 -1
vn 6.55651093E-07 0 -1
vn -6.55651093E-07 0 -1
vn 6.55651093E-07 0 -1
vn -6.55651093E-07 0 -1
vn 6.55651093E-07 0 -1
vn -0 0 -1
vn 6.55651093E-07 0 -1
vn -0 0 -1
vn 6.55651093E-07 0 -1
vn 6.55651093E-07 0 -1
vn 6.55651093E-07 0 -1
vn 6.55651093E-07 0 -1
vn 6.55651093E-07 0 -1
vn 1.78813934E-07 0 -1
vn -0 0 -1
vn 1.78813934E-07 0 -1
vn -0 0 -1
vn 1.78813934E-07 0 -1
vn -0 0 -1
vn 1.78813934E-07 0 -1
vn -0 0 -1
vn -0 0 -1
vn 1.31130219E-06 0 -1
vn -0 0 -1
vn 1.31130219E-06 0 -1
vn -6.55651093E-07 0 -1
vn 1.31130219E-06 0 -1
vn -6.55651093E-07 0 -1
vn 1.31130219E-06 0 -1
vn -6.55651093E-07 0 -1
vn -0 0 -1
vn -6.55651093E-07 0 -1
vn -0 0 -1
vn 0.555664062 0.831542969 0
vn 0.70703125 0.70703125 0
vn 0.555664062 0.831542969 0
vn 0.70703125 0.70703125 0
vn 0.382568359 0.923828125 0
vn 0.831542969 0.555664062 0
vn 0.382568359 0.923828125 0
vn 0.831542969 0.555664062 0
vn 0.195068359 0.980957031 0
vn 0.923828125 0.382568359 0
vn 0.195068359 0.980957031 0
vn 0.923828125 0.382568359 0
vn -5.36441803E-07 1 0
vn 0.980957031 0.195068359 0
vn -5.36441803E-07 1 0
vn 0.980957031 0.195068359 0
vn -0.195068359 0.980957031 0
vn 1 4.17232513E-07 0
vn -0.195068359 0.980957031 0
vn 1 4.17232513E-07 0
vn -0.382568359 0.923828125 0
vn 0.980957031 -0.195068359 0
vn -0.382568359 0.923828125 0
vn 0.980957031 -0.195068359 0
vn -0.555664062 0.831542969 0
vn 0.923828125 -0.382568359 0
vn -0.555664062 0.831542969 0
vn 0.923828125 -0.382568359 0
vn -0.70703125 0.70703125 0
vn 0.831542969 -0.555664062 0
vn -0.70703125 0.70703125 0
vn 0.831542969 -0.555664062 0
vn -0.831542969 0.555664062 0
vn 0.70703125 -0.70703125 0
vn -0.831542969 0.555664062 0
vn 0.70703125 -0.70703125 0
vn -0.923828125 0.382568359 0
vn 0.555664062 -0.831542969 0
vn -0.923828125 0.382568359 0
vn 0.555664062 -0.831542969 0
vn -0.980957031 0.195068359 0
vn 0.382568359 -0.923828125 0
vn -0.980957031 0.195068359 0
vn 0.382568359 -0.923828125 0
vn -1 4.17232513E-07 0
vn 0.195068359 -0.980957031 0
vn -1 4.17232513E-07 0
vn 0.195068359 -0.980957031 0
vn -0.980957031 -0.195068359 0
vn -5.36441803E-07 -1 0
vn -0.980957031 -0.195068359 0
vn -5.36441803E-07 -1 0
vn -0.923828125 -0.382568359 0
vn -0.195068359 -0.980957031 0
vn -0.923828125 -0.382568359 0
vn -0.195068359 -0.980957031 0
vn -0.831542969 -0.555664062 0
vn -0.382568359 -0.923828125 0
vn -0.831542969 -0.555664062 0
vn -0.382568359 -0.923828125 0
vn -0.70703125 -0.70703125 0
vn -0.555664062 -0.831542969 0
vn -0.70703125 -0.70703125 0
vn -0.555664062 -0.831542969 0
vn 6.55651093E-07 0 -1
vn 6.55651093E-07 0 -1
vn 6.55651093E-07 0 -1
vn 6.55651093E-07 0 -1
vn -0 0 -1
vn -0 0 -1
vn -0 0 -1
vn -0 0 -1
vn 1.31130219E-06 0 -1
vn -0 0 -1
vn 1.31130219E-06 0 -1
vn -0 0 -1
vn 1.31130219E-06 0 -1
vn -6.55651093E-07 0 -1
vn 1.31130219E-06 0 -1
vn -6.55651093E-07 0 -1
vn -1.31130219E-06 0 -1
vn -6.55651093E-07 0 -1
vn -1.31130219E-06 0 -1
vn -6.55651093E-07 0 -1
vn -1.31130219E-06 0 -1
vn 4.76837158E-07 0 -1
vn -1.31130219E-06 0 -1
vn 4.76837158E-07 0 -1
vn -0 0 -1
vn 4.76837158E-07 0 -1
vn -0 0 -1
vn 4.76837158E-07 0 -1
vn -0 0 -1
vn -6.55651093E-07 0 -1
vn -0 0 -1
vn -6.55651093E-07 0 -1
vn 6.55651093E-07 0 -1
vn -6.55651093E-07 0 -1
vn 6.55651093E-07 0 -1
vn -6.55651093E-07 0 -1
vn -0 0 -1
vn -6.55651093E-07 0 -1
vn -0 0 -1
vn -6.55651093E-07 0 -1
vn -6.55651093E-07 0 -1
vn -6.55651093E-07 0 -1
vn -6.55651093E-07 0 -1
vn -6.55651093E-07 0 -1
vn -1.78813934E-07 0 -1
vn -0 0 -1
vn -1.78813934E-07 0 -1
vn -0 0 -1
vn -1.78813934E-07 0 -1
vn -0 0 -1
vn -1.78813934E-07 0 -1
vn -0 0 -1
vn -0 0 -1
vn -1.31130219E-06 0 -1
vn -0 0 -1
vn -1.31130219E-06 0 -1
vn 6.55651093E-07 0 -1
vn -1.31130219E-06 0 -1
vn 6.55651093E-07 0 -1
vn -1.31130219E-06 0 -1
vn 6.55651093E-07 0 -1
vn -0 0 -1
vn 6.55651093E-07 0 -1
vn -0 0 -1
vn -0.555664062 0.831542969 0
vn -0.555664062 0.831542969 0
vn -0.70703125 0.70703125 0
vn -0.70703125 0.70703125 0
vn -0.382568359 0.923828125 0
vn -0.831542969 0.555664062 0
vn -0.382568359 0.923828125 0
vn -0.831542969 0.555664062 0
vn -0.195068359 0.980957031 0
vn -0.923828125 0.382568359 0
vn -0.195068359 0.980957031 0
vn -0.923828125 0.382568359 0
vn 5.36441803E-07 1 0
vn -0.980957031 0.195068359 0
vn 5.36441803E-07 1 0
vn -0.980957031 0.195068359 0
vn 0.195068359 0.980957031 0
vn -1 4.17232513E-07 0
vn 0.195068359 0.980957031 0
vn -1 4.17232513E-07 0
vn 0.382568359 0.923828125 0
vn -0.980957031 -0.195068359 0
vn 0.382568359 0.923828125 0
vn -0.980957031 -0.195068359 0
vn 0.555664062 0.831542969 0
vn -0.923828125 -0.382568359 0
vn 0.555664062 0.831542969 0
vn -0.923828125 -0.382568359 0
vn 0.70703125 0.70703125 0
vn -0.831542969 -0.555664062 0
vn 0.70703125 0.70703125 0
vn -0.831542969 -0.555664062 0
vn 0.831542969 0.555664062 0
vn -0.70703125 -0.70703125 0
vn 0.831542969 0.555664062 0
vn -0.70703125 -0.70703125 0
vn 0.923828125 0.382568359 0
vn -0.555664062 -0.831542969 0
vn 0.923828125 0.382568359 0
vn -0.555664062 -0.831542969 0
vn 0.980957031 0.195068359 0
vn -0.382568359 -0.923828125 0
vn 0.980957031 0.195068359 0
vn -0.382568359 -0.923828125 0
vn 1 4.17232513E-07 0
vn -0.195068359 -0.980957031 0
vn 1 4.17232513E-07 0
vn -0.195068359 -0.980957031 0
vn 0.980957031 -0.195068359 0
vn 5.36441803E-07 -1 0
vn 0.980957031 -0.195068359 0
vn 5.36441803E-07 -1 0
vn 0.923828125 -0.382568359 0
vn 0.195068359 -0.980957031 0
vn 0.923828125 -0.382568359 0
vn 0.195068359 -0.980957031 0
vn 0.831542969 -0.555664062 0
vn 0.382568359 -0.923828125 0
vn 0.831542969 -0.555664062 0
vn 0.382568359 -0.923828125 0
vn 0.70703125 -0.70703125 0
vn 0.555664062 -0.831542969 0
vn 0.70703125 -0.70703125 0
vn 0.555664062 -0.831542969 0
vn -3.57627869E-07 0 -1
vn -3.57627869E-07 0 -1
vn -6.55651093E-07 0 -1
vn -6.55651093E-07 0 -1
vn -0 0 -1
vn -0 0 -1
vn -0 0 -1
vn -0 0 -1
vn -1.31130219E-06 0 -1
vn -0 0 -1
vn -1.31130219E-06 0 -1
vn -0 0 -1
vn -1.43051147E-06 0 -1
vn 1.31130219E-06 0 -1
vn -1.43051147E-06 0 -1
vn 1.31130219E-06 0 -1
vn 3.57627869E-07 0 -1
vn 1.31130219E-06 0 -1
vn 3.57627869E-07 0 -1
vn 1.31130219E-06 0 -1
vn 6.55651093E-07 0 -1
vn -0 0 -1
vn 6.55651093E-07 0 -1
vn -0 0 -1
vn -0 0 -1
vn -0 0 -1
vn -0 0 -1
vn -0 0 -1
vn -0 0 -1
vn -0 0 -1
vn -0 0 -1
vn -0 0 -1
vn -1.31130219E-06 0 -1
vn -0 0 -1
vn -1.31130219E-06 0 -1
vn -0 0 -1
vn -1.31130219E-06 0 -1
vn 6.55651093E-07 0 -1
vn -1.31130219E-06 0 -1
vn 6.55651093E-07 0 -1
vn -0 0 -1
vn 6.55651093E-07 0 -1
vn -0 0 -1
vn 6.55651093E-07 0 -1
vn -0 0 -1
vn -6.55651093E-07 0 -1
vn -0 0 -1
vn -6.55651093E-07 0 -1
vn -0 0 -1
vn -1.78813934E-07 0 -1
vn -0 0 -1
vn -1.78813934E-07 0 -1
vn -0 0 -1
vn 1.31130219E-06 0 -1
vn -0 0 -1
vn 1.31130219E-06 0 -1
vn -6.55651093E-07 0 -1
vn 1.49011612E-06 0 -1
vn -6.55651093E-07 0 -1
vn 1.49011612E-06 0 -1
vn -6.55651093E-07 0 -1
vn 6.55651093E-07 0 -1
vn -6.55651093E-07 0 -1
vn 6.55651093E-07 0 -1
g Body_0
f 3/3/3 2/2/2 1/1/1
f 6/6/6 5/5/5 4/4/4
f 9/9/9 8/8/8 7/7/7
f 12/12/12 11/11/11 10/10/10
f 14/14/14 10/10/10 13/13/13
f 15/15/15 14/14/14 13/13/13
f 18/18/18 17/17/17 16/16/16
f 18/18/18 20/20/20 19/19/19
f 20/20/20 21/21/21 19/19/19
f 24/24/24 23/23/23 22/22/22
f 27/27/27 26/26/26 25/25/25
f 30/30/30 29/29/29 28/28/28
f 28/28/28 31/31/31 30/30/30
f 28/28/28 32/32/32 31/31/31
f 28/28/28 33/33/33 32/32/32
f 36/36/36 35/35/35 34/34/34
f 37/37/37 36/36/36 34/34/34
f 40/40/40 39/39/39 38/38/38
f 41/41/41 40/40/40 38/38/38
f 44/44/44 43/43/43 42/42/42
f 45/45/45 44/44/44 42/42/42
f 48/48/48 47/47/47 46/46/46
f 46/46/46 49/49/49 48/48/48
f 46/46/46 50/50/50 49/49/49
f 50/50/50 51/51/51 49/49/49
f 54/54/54 53/53/53 52/52/52
f 55/55/55 54/54/54 52/52/52
f 58/58/58 57/57/57 56/56/56
f 59/59/59 58/58/58 56/56/56
f 62/62/62 61/61/61 60/60/60
f 63/63/63 62/62/62 60/60/60
f 66/66/66 65/65/65 64/64/64
f 67/67/67 66/66/66 64/64/64
f 67/67/67 64/64/64 68/68/68
f 69/69/69 67/67/67 68/68/68
f 69/69/69 68/68/68 70/70/70
f 71/71/71 69/69/69 70/70/70
f 71/71/71 70/70/70 72/72/72
f 73/73/73 71/71/71 72/72/72
f 73/73/73 72/72/72 74/74/74
f 75/75/75 73/73/73 74/74/74
f 75/75/75 74/74/74 76/76/76
f 77/77/77 75/75/75 76/76/76
f 77/77/77 76/76/76 78/78/78
f 79/79/79 77/77/77 78/78/78
f 79/79/79 78/78/78 80/80/80
f 81/81/81 79/79/79 80/80/80
f 81/81/81 80/80/80 82/82/82
f 83/83/83 81/81/81 82/82/82
f 83/83/83 82/82/82 84/84/84
f 85/85/85 83/83/83 84/84/84
f 88/88/88 87/87/87 86/86/86
f 89/89/89 88/88/88 86/86/86
f 92/92/92 91/91/91 90/90/90
f 93/93/93 92/92/92 90/90/90
f 96/96/96 95/95/95 94/94/94
f 97/97/97 96/96/96 94/94/94
f 94/94/94 98/98/98 97/97/97
f 98/98/98 99/99/99 97/97/97
f 98/98/98 100/100/100 99/99/99
f 100/100/100 101/101/101 99/99/99
f 104/104/104 103/103/103 102/102/102
f 102/102/102 105/105/105 104/104/104
f 102/102/102 106/106/106 105/105/105
f 108/108/108 106/106/106 107/107/107
f 108/108/108 107/107/107 109/109/109
f 107/107/107 110/110/110 109/109/109
f 109/109/109 111/111/111 108/108/108
f 110/110/110 112/112/112 109/109/109
f 110/110/110 113/113/113 112/112/112
f 113/113/113 114/114/114 112/112/112
f 113/113/113 115/115/115 114/114/114
f 115/115/115 116/116/116 114/114/114
f 115/115/115 117/117/117 116/116/116
f 117/117/117 118/118/118 116/116/116
f 117/117/117 119/119/119 118/118/118
f 119/119/119 120/120/120 118/118/118
f 119/119/119 121/121/121 120/120/120
f 114/114/114 122/122/122 112/112/112
f 116/116/116 123/123/123 114/114/114
f 123/123/123 122/122/122 114/114/114
f 118/118/118 124/124/124 116/116/116
f 124/124/124 123/123/123 116/116/116
f 112/112/112 125/125/125 109/109/109
f 122/122/122 125/125/125 112/112/112
f 120/120/120 126/126/126 118/118/118
f 126/126/126 124/124/124 118/118/118
f 123/123/123 127/127/127 122/122/122
f 127/127/127 128/128/128 122/122/122
f 122/122/122 128/128/128 125/125/125
f 129/129/129 127/127/127 123/123/123
f 124/124/124 129/129/129 123/123/123
f 130/130/130 129/129/129 124/124/124
f 126/126/126 130/130/130 124/124/124
f 128/128/128 131/131/131 125/125/125
f 132/132/132 130/130/130 126/126/126
f 125/125/125 131/131/131 133/133/133
f 125/125/125 133/133/133 109/109/109
f 131/131/131 134/134/134 133/133/133
f 135/135/135 132/132/132 126/126/126
f 136/136/136 132/132/132 135/135/135
f 135/135/135 126/126/126 120/120/120
f 137/137/137 136/136/136 135/135/135
f 138/138/138 135/135/135 120/120/120
f 137/137/137 135/135/135 138/138/138
f 138/138/138 139/139/139 137/137/137
f 121/121/121 138/138/138 120/120/120
f 138/138/138 140/140/140 139/139/139
f 140/140/140 138/138/138 121/121/121
f 141/141/141 139/139/139 140/140/140
f 140/140/140 142/142/142 141/141/141
f 140/140/140 143/143/143 142/142/142
f 121/121/121 144/144/144 140/140/140
f 140/140/140 144/144/144 143/143/143
f 121/121/121 145/145/145 144/144/144
f 147/147/147 143/143/143 146/146/146
f 146/146/146 145/145/145 148/148/148
f 146/146/146 148/148/148 147/147/147
f 151/151/151 150/150/150 149/149/149
f 152/152/152 151/151/151 149/149/149
f 152/152/152 149/149/149 153/153/153
f 154/154/154 152/152/152 153/153/153
f 154/154/154 153/153/153 155/155/155
f 156/156/156 154/154/154 155/155/155
f 156/156/156 155/155/155 157/157/157
f 158/158/158 156/156/156 157/157/157
f 158/158/158 157/157/157 159/159/159
f 160/160/160 158/158/158 159/159/159
f 160/160/160 159/159/159 161/161/161
f 162/162/162 160/160/160 161/161/161
f 162/162/162 161/161/161 163/163/163
f 164/164/164 162/162/162 163/163/163
f 164/164/164 163/163/163 165/165/165
f 166/166/166 164/164/164 165/165/165
f 169/169/169 168/168/168 167/167/167
f 170/170/170 169/169/169 167/167/167
f 170/170/170 167/167/167 171/171/171
f 172/172/172 170/170/170 171/171/171
f 172/172/172 171/171/171 173/173/173
f 174/174/174 172/172/172 173/173/173
f 177/177/177 176/176/176 175/175/175
f 178/178/178 177/177/177 175/175/175
f 178/178/178 175/175/175 179/179/179
f 180/180/180 178/178/178 179/179/179
f 179/179/179 181/181/181 180/180/180
f 181/181/181 182/182/182 180/180/180
f 134/134/134 184/184/184 183/183/183
f 133/133/133 134/134/134 183/183/183
f 133/133/133 183/183/183 185/185/185
f 185/185/185 109/109/109 133/133/133
f 185/185/185 111/111/111 109/109/109
f 111/111/111 185/185/185 186/186/186
f 186/186/186 187/187/187 111/111/111
f 187/187/187 188/188/188 111/111/111
f 188/188/188 189/189/189 111/111/111
f 192/192/192 191/191/191 190/190/190
f 193/193/193 192/192/192 190/190/190
f 193/193/193 190/190/190 194/194/194
f 194/194/194 195/195/195 193/193/193
f 196/196/196 192/192/192 193/193/193
f 194/194/194 197/197/197 195/195/195
f 198/198/198 196/196/196 193/193/193
f 198/198/198 193/193/193 195/195/195
f 199/199/199 196/196/196 198/198/198
f 200/200/200 199/199/199 198/198/198
f 201/201/201 199/199/199 200/200/200
f 202/202/202 198/198/198 195/195/195
f 200/200/200 198/198/198 202/202/202
f 203/203/203 201/201/201 200/200/200
f 204/204/204 201/201/201 203/203/203
f 205/205/205 200/200/200 202/202/202
f 203/203/203 200/200/200 205/205/205
f 206/206/206 204/204/204 203/203/203
f 207/207/207 204/204/204 206/206/206
f 208/208/208 203/203/203 205/205/205
f 206/206/206 203/203/203 208/208/208
f 209/209/209 207/207/207 206/206/206
f 210/210/210 207/207/207 209/209/209
f 211/211/211 206/206/206 208/208/208
f 209/209/209 206/206/206 211/211/211
f 212/212/212 210/210/210 209/209/209
f 213/213/213 210/210/210 212/212/212
f 214/214/214 213/213/213 212/212/212
f 212/212/212 209/209/209 215/215/215
f 215/215/215 209/209/209 211/211/211
f 214/214/214 212/212/212 216/216/216
f 216/216/216 212/212/212 215/215/215
f 216/216/216 217/217/217 214/214/214
f 216/216/216 218/218/218 217/217/217
f 219/219/219 217/217/217 218/218/218
f 218/218/218 220/220/220 219/219/219
f 218/218/218 221/221/221 220/220/220
f 216/216/216 215/215/215 222/222/222
f 218/218/218 216/216/216 222/222/222
f 218/218/218 223/223/223 221/221/221
f 222/222/222 223/223/223 218/218/218
f 224/224/224 221/221/221 223/223/223
f 223/223/223 225/225/225 224/224/224
f 223/223/223 226/226/226 225/225/225
f 222/222/222 226/226/226 223/223/223
f 215/215/215 227/227/227 222/222/222
f 215/215/215 211/211/211 227/227/227
f 211/211/211 228/228/228 227/227/227
f 211/211/211 208/208/208 228/228/228
f 208/208/208 229/229/229 228/228/228
f 208/208/208 205/205/205 229/229/229
f 205/205/205 230/230/230 229/229/229
f 205/205/205 202/202/202 230/230/230
f 202/202/202 231/231/231 230/230/230
f 202/202/202 195/195/195 231/231/231
f 195/195/195 232/232/232 231/231/231
f 233/233/233 232/232/232 195/195/195
f 233/233/233 234/234/234 232/232/232
f 235/235/235 234/234/234 233/233/233
f 195/195/195 197/197/197 233/233/233
f 235/235/235 233/233/233 236/236/236
f 236/236/236 237/237/237 235/235/235
f 238/238/238 233/233/233 197/197/197
f 239/239/239 238/238/238 197/197/197
f 240/240/240 239/239/239 197/197/197
f 243/243/243 242/242/242 241/241/241
f 242/242/242 244/244/244 241/241/241
f 244/244/244 242/242/242 245/245/245
f 246/246/246 244/244/244 245/245/245
f 246/246/246 245/245/245 247/247/247
f 248/248/248 246/246/246 247/247/247
f 251/251/251 250/250/250 249/249/249
f 250/250/250 252/252/252 249/249/249
f 252/252/252 253/253/253 249/249/249
f 253/253/253 254/254/254 249/249/249
f 253/253/253 255/255/255 254/254/254
f 255/255/255 256/256/256 254/254/254
f 255/255/255 257/257/257 256/256/256
f 257/257/257 258/258/258 256/256/256
f 257/257/257 259/259/259 258/258/258
f 259/259/259 260/260/260 258/258/258
f 259/259/259 261/261/261 260/260/260
f 261/261/261 262/262/262 260/260/260
f 261/261/261 263/263/263 262/262/262
f 263/263/263 264/264/264 262/262/262
f 263/263/263 265/265/265 264/264/264
f 265/265/265 266/266/266 264/264/264
f 266/266/266 265/265/265 267/267/267
f 265/265/265 268/268/268 267/267/267
f 267/267/267 268/268/268 269/269/269
f 268/268/268 270/270/270 269/269/269
f 270/270/270 271/271/271 269/269/269
f 271/271/271 272/272/272 269/269/269
f 271/271/271 273/273/273 272/272/272
f 273/273/273 274/274/274 272/272/272
f 273/273/273 275/275/275 274/274/274
f 275/275/275 276/276/276 274/274/274
f 275/275/275 277/277/277 276/276/276
f 277/277/277 278/278/278 276/276/276
f 277/277/277 279/279/279 278/278/278
f 279/279/279 280/280/280 278/278/278
f 279/279/279 281/281/281 280/280/280
f 281/281/281 282/282/282 280/280/280
f 282/282/282 281/281/281 283/283/283
f 281/281/281 284/284/284 283/283/283
f 283/283/283 284/284/284 285/285/285
f 284/284/284 286/286/286 285/285/285
f 285/285/285 286/286/286 287/287/287
f 288/288/288 285/285/285 287/287/287
f 288/288/288 287/287/287 289/289/289
f 290/290/290 288/288/288 289/289/289
f 290/290/290 289/289/289 291/291/291
f 292/292/292 290/290/290 291/291/291
f 292/292/292 291/291/291 293/293/293
f 294/294/294 292/292/292 293/293/293
f 294/294/294 293/293/293 295/295/295
f 296/296/296 294/294/294 295/295/295
f 296/296/296 295/295/295 297/297/297
f 298/298/298 296/296/296 297/297/297
f 298/298/298 297/297/297 299/299/299
f 300/300/300 298/298/298 299/299/299
f 300/300/300 299/299/299 301/301/301
f 302/302/302 300/300/300 301/301/301
f 302/302/302 301/301/301 303/303/303
f 304/304/304 302/302/302 303/303/303
f 304/304/304 303/303/303 305/305/305
f 306/306/306 304/304/304 305/305/305
f 306/306/306 305/305/305 307/307/307
f 308/308/308 306/306/306 307/307/307
f 308/308/308 307/307/307 309/309/309
f 310/310/310 308/308/308 309/309/309
f 310/310/310 309/309/309 311/311/311
f 309/309/309 312/312/312 311/311/311
f 312/312/312 313/313/313 311/311/311
f 313/313/313 314/314/314 311/311/311
f 315/315/315 314/314/314 313/313/313
f 316/316/316 315/315/315 313/313/313
f 317/317/317 315/315/315 316/316/316
f 318/318/318 317/317/317 316/316/316
f 319/319/319 317/317/317 318/318/318
f 320/320/320 319/319/319 318/318/318
f 321/321/321 319/319/319 320/320/320
f 322/322/322 321/321/321 320/320/320
f 323/323/323 321/321/321 322/322/322
f 324/324/324 323/323/323 322/322/322
f 325/325/325 323/323/323 324/324/324
f 326/326/326 325/325/325 324/324/324
f 327/327/327 325/325/325 326/326/326
f 328/328/328 327/327/327 326/326/326
f 329/329/329 327/327/327 328/328/328
f 330/330/330 329/329/329 328/328/328
f 331/331/331 329/329/329 330/330/330
f 332/332/332 331/331/331 330/330/330
f 333/333/333 331/331/331 332/332/332
f 334/334/334 333/333/333 332/332/332
f 335/335/335 333/333/333 334/334/334
f 336/336/336 335/335/335 334/334/334
f 337/337/337 335/335/335 336/336/336
f 338/338/338 337/337/337 336/336/336
f 338/338/338 339/339/339 337/337/337
f 339/339/339 340/340/340 337/337/337
f 339/339/339 341/341/341 340/340/340
f 341/341/341 342/342/342 340/340/340
f 342/342/342 341/341/341 343/343/343
f 341/341/341 344/344/344 343/343/343
f 343/343/343 344/344/344 345/345/345
f 344/344/344 346/346/346 345/345/345
f 345/345/345 346/346/346 347/347/347
f 346/346/346 348/348/348 347/347/347
f 347/347/347 348/348/348 349/349/349
f 348/348/348 350/350/350 349/349/349
f 349/349/349 350/350/350 351/351/351
f 350/350/350 352/352/352 351/351/351
f 351/351/351 352/352/352 353/353/353
f 352/352/352 354/354/354 353/353/353
f 354/354/354 355/355/355 353/353/353
f 355/355/355 356/356/356 353/353/353
f 355/355/355 357/357/357 356/356/356
f 357/357/357 358/358/358 356/356/356
f 358/358/358 357/357/357 359/359/359
f 357/357/357 360/360/360 359/359/359
f 359/359/359 360/360/360 361/361/361
f 360/360/360 362/362/362 361/361/361
f 361/361/361 362/362/362 363/363/363
f 362/362/362 364/364/364 363/363/363
f 363/363/363 364/364/364 365/365/365
f 364/364/364 366/366/366 365/365/365
f 365/365/365 366/366/366 367/367/367
f 366/366/366 368/368/368 367/367/367
f 367/367/367 368/368/368 369/369/369
f 368/368/368 370/370/370 369/369/369
f 369/369/369 370/370/370 371/371/371
f 370/370/370 372/372/372 371/371/371
f 372/372/372 373/373/373 371/371/371
f 373/373/373 374/374/374 371/371/371
f 377/377/377 376/376/376 375/375/375
f 378/378/378 377/377/377 375/375/375
f 379/379/379 377/377/377 378/378/378
f 380/380/380 379/379/379 378/378/378
f 381/381/381 379/379/379 380/380/380
f 382/382/382 381/381/381 380/380/380
f 383/383/383 381/381/381 382/382/382
f 384/384/384 383/383/383 382/382/382
f 385/385/385 383/383/383 384/384/384
f 386/386/386 385/385/385 384/384/384
f 387/387/387 385/385/385 386/386/386
f 388/388/388 387/387/387 386/386/386
f 389/389/389 387/387/387 388/388/388
f 390/390/390 389/389/389 388/388/388
f 391/391/391 389/389/389 390/390/390
f 392/392/392 391/391/391 390/390/390
f 393/393/393 391/391/391 392/392/392
f 394/394/394 393/393/393 392/392/392
f 395/395/395 393/393/393 394/394/394
f 396/396/396 395/395/395 394/394/394
f 397/397/397 395/395/395 396/396/396
f 398/398/398 397/397/397 396/396/396
f 399/399/399 397/397/397 398/398/398
f 400/400/400 399/399/399 398/398/398
f 401/401/401 399/399/399 400/400/400
f 402/402/402 401/401/401 400/400/400
f 403/403/403 401/401/401 402/402/402
f 404/404/404 403/403/403 402/402/402
f 405/405/405 403/403/403 404/404/404
f 406/406/406 405/405/405 404/404/404
f 407/407/407 405/405/405 406/406/406
f 408/408/408 407/407/407 406/406/406
f 409/409/409 407/407/407 408/408/408
f 410/410/410 409/409/409 408/408/408
f 411/411/411 409/409/409 410/410/410
f 412/412/412 411/411/411 410/410/410
f 413/413/413 411/411/411 412/412/412
f 414/414/414 413/413/413 412/412/412
f 415/415/415 413/413/413 414/414/414
f 416/416/416 415/415/415 414/414/414
f 417/417/417 415/415/415 416/416/416
f 418/418/418 417/417/417 416/416/416
f 419/419/419 417/417/417 418/418/418
f 420/420/420 419/419/419 418/418/418
f 421/421/421 419/419/419 420/420/420
f 422/422/422 421/421/421 420/420/420
f 423/423/423 421/421/421 422/422/422
f 424/424/424 423/423/423 422/422/422
f 425/425/425 423/423/423 424/424/424
f 426/426/426 425/425/425 424/424/424
f 427/427/427 425/425/425 426/426/426
f 428/428/428 427/427/427 426/426/426
f 429/429/429 427/427/427 428/428/428
f 430/430/430 429/429/429 428/428/428
f 431/431/431 429/429/429 430/430/430
f 432/432/432 431/431/431 430/430/430
f 433/433/433 431/431/431 432/432/432
f 434/434/434 433/433/433 432/432/432
f 435/435/435 433/433/433 434/434/434
f 436/436/436 435/435/435 434/434/434
f 437/437/437 435/435/435 436/436/436
f 438/438/438 437/437/437 436/436/436
f 437/437/437 438/438/438 439/439/439
f 440/440/440 437/437/437 439/439/439
f 440/440/440 439/439/439 441/441/441
f 442/442/442 440/440/440 441/441/441
f 442/442/442 441/441/441 443/443/443
f 444/444/444 442/442/442 443/443/443
f 444/444/444 443/443/443 445/445/445
f 446/446/446 444/444/444 445/445/445
f 446/446/446 445/445/445 447/447/447
f 448/448/448 446/446/446 447/447/447
f 448/448/448 447/447/447 449/449/449
f 450/450/450 448/448/448 449/449/449
f 450/450/450 449/449/449 451/451/451
f 452/452/452 450/450/450 451/451/451
f 452/452/452 451/451/451 453/453/453
f 454/454/454 452/452/452 453/453/453
f 454/454/454 453/453/453 455/455/455
f 456/456/456 454/454/454 455/455/455
f 456/456/456 455/455/455 457/457/457
f 458/458/458 456/456/456 457/457/457
f 458/458/458 457/457/457 459/459/459
f 460/460/460 458/458/458 459/459/459
f 460/460/460 459/459/459 461/461/461
f 462/462/462 460/460/460 461/461/461
f 462/462/462 461/461/461 463/463/463
f 464/464/464 462/462/462 463/463/463
f 464/464/464 463/463/463 465/465/465
f 466/466/466 464/464/464 465/465/465
f 466/466/466 465/465/465 467/467/467
f 468/468/468 466/466/466 467/467/467
f 468/468/468 467/467/467 469/469/469
f 470/470/470 468/468/468 469/469/469
f 470/470/470 469/469/469 471/471/471
f 472/472/472 470/470/470 471/471/471
f 472/472/472 471/471/471 473/473/473
f 474/474/474 472/472/472 473/473/473
f 474/474/474 473/473/473 475/475/475
f 476/476/476 474/474/474 475/475/475
f 476/476/476 475/475/475 477/477/477
f 478/478/478 476/476/476 477/477/477
f 478/478/478 477/477/477 479/479/479
f 480/480/480 478/478/478 479/479/479
f 480/480/480 479/479/479 481/481/481
f 482/482/482 480/480/480 481/481/481
f 482/482/482 481/481/481 483/483/483
f 484/484/484 482/482/482 483/483/483
f 484/484/484 483/483/483 485/485/485
f 486/486/486 484/484/484 485/485/485
f 486/486/486 485/485/485 487/487/487
f 488/488/488 486/486/486 487/487/487
f 488/488/488 487/487/487 489/489/489
f 490/490/490 488/488/488 489/489/489
f 490/490/490 489/489/489 491/491/491
f 492/492/492 490/490/490 491/491/491
f 492/492/492 491/491/491 493/493/493
f 494/494/494 492/492/492 493/493/493
f 494/494/494 493/493/493 495/495/495
f 496/496/496 494/494/494 495/495/495
f 496/496/496 495/495/495 497/497/497
f 498/498/498 496/496/496 497/497/497
f 498/498/498 497/497/497 499/499/499
f 500/500/500 498/498/498 499/499/499
f 503/503/503 502/502/502 501/501/501
f 504/504/504 503/503/503 501/501/501
f 505/505/505 503/503/503 504/504/504
f 506/506/506 505/505/505 504/504/504
f 509/509/509 508/508/508 507/507/507
f 510/510/510 509/509/509 507/507/507
f 513/513/513 512/512/512 511/511/511
f 514/514/514 513/513/513 511/511/511
f 515/515/515 514/514/514 511/511/511
f 516/516/516 515/515/515 511/511/511
f 517/517/517 515/515/515 516/516/516
f 518/518/518 517/517/517 516/516/516
f 519/519/519 517/517/517 518/518/518
f 520/520/520 519/519/519 518/518/518
f 521/521/521 519/519/519 520/520/520
f 522/522/522 521/521/521 520/520/520
f 523/523/523 521/521/521 522/522/522
f 524/524/524 523/523/523 522/522/522
f 525/525/525 523/523/523 524/524/524
f 526/526/526 525/525/525 524/524/524
f 527/527/527 525/525/525 526/526/526
f 528/528/528 527/527/527 526/526/526
f 527/527/527 528/528/528 529/529/529
f 530/530/530 527/527/527 529/529/529
f 530/530/530 529/529/529 531/531/531
f 532/532/532 530/530/530 531/531/531
f 533/533/533 532/532/532 531/531/531
f 534/534/534 533/533/533 531/531/531
f 535/535/535 533/533/533 534/534/534
f 536/536/536 535/535/535 534/534/534
f 537/537/537 535/535/535 536/536/536
f 538/538/538 537/537/537 536/536/536
f 539/539/539 537/537/537 538/538/538
f 540/540/540 539/539/539 538/538/538
f 541/541/541 539/539/539 540/540/540
f 542/542/542 541/541/541 540/540/540
f 543/543/543 541/541/541 542/542/542
f 544/544/544 543/543/543 542/542/542
f 543/543/543 544/544/544 545/545/545
f 546/546/546 543/543/543 545/545/545
f 546/546/546 545/545/545 547/547/547
f 548/548/548 546/546/546 547/547/547
f 548/548/548 547/547/547 549/549/549
f 547/547/547 550/550/550 549/549/549
f 549/549/549 550/550/550 551/551/551
f 550/550/550 552/552/552 551/551/551
f 551/551/551 552/552/552 553/553/553
f 552/552/552 554/554/554 553/553/553
f 553/553/553 554/554/554 555/555/555
f 554/554/554 556/556/556 555/555/555
f 555/555/555 556/556/556 557/557/557
f 556/556/556 558/558/558 557/557/557
f 557/557/557 558/558/558 559/559/559
f 558/558/558 560/560/560 559/559/559
f 559/559/559 560/560/560 561/561/561
f 560/560/560 562/562/562 561/561/561
f 561/561/561 562/562/562 563/563/563
f 562/562/562 564/564/564 563/563/563
f 563/563/563 564/564/564 565/565/565
f 564/564/564 566/566/566 565/565/565
f 565/565/565 566/566/566 567/567/567
f 566/566/566 568/568/568 567/567/567
f 567/567/567 568/568/568 569/569/569
f 568/568/568 570/570/570 569/569/569
f 569/569/569 570/570/570 571/571/571
f 570/570/570 572/572/572 571/571/571
f 571/571/571 572/572/572 573/573/573
f 574/574/574 571/571/571 573/573/573
f 575/575/575 574/574/574 573/573/573
f 576/576/576 575/575/575 573/573/573
f 576/576/576 577/577/577 575/575/575
f 577/577/577 578/578/578 575/575/575
f 577/577/577 579/579/579 578/578/578
f 579/579/579 580/580/580 578/578/578
f 579/579/579 581/581/581 580/580/580
f 581/581/581 582/582/582 580/580/580
f 581/581/581 583/583/583 582/582/582
f 583/583/583 584/584/584 582/582/582
f 583/583/583 585/585/585 584/584/584
f 585/585/585 586/586/586 584/584/584
f 585/585/585 587/587/587 586/586/586
f 587/587/587 588/588/588 586/586/586
f 587/587/587 589/589/589 588/588/588
f 589/589/589 590/590/590 588/588/588
f 589/589/589 591/591/591 590/590/590
f 591/591/591 592/592/592 590/590/590
f 591/591/591 593/593/593 592/592/592
f 593/593/593 594/594/594 592/592/592
f 593/593/593 595/595/595 594/594/594
f 595/595/595 596/596/596 594/594/594
f 595/595/595 597/597/597 596/596/596
f 597/597/597 598/598/598 596/596/596
f 597/597/597 599/599/599 598/598/598
f 599/599/599 600/600/600 598/598/598
f 601/601/601 600/600/600 599/599/599
f 602/602/602 601/601/601 599/599/599
f 603/603/603 601/601/601 602/602/602
f 604/604/604 603/603/603 602/602/602
f 603/603/603 604/604/604 605/605/605
f 606/606/606 603/603/603 605/605/605
f 606/606/606 605/605/605 607/607/607
f 608/608/608 606/606/606 607/607/607
f 608/608/608 607/607/607 609/609/609
f 610/610/610 608/608/608 609/609/609
f 610/610/610 609/609/609 611/611/611
f 612/612/612 610/610/610 611/611/611
f 612/612/612 611/611/611 613/613/613
f 614/614/614 612/612/612 613/613/613
f 614/614/614 613/613/613 615/615/615
f 616/616/616 614/614/614 615/615/615
f 617/617/617 616/616/616 615/615/615
f 618/618/618 617/617/617 615/615/615
f 619/619/619 617/617/617 618/618/618
f 620/620/620 619/619/619 618/618/618
f 619/619/619 620/620/620 621/621/621
f 622/622/622 619/619/619 621/621/621
f 622/622/622 621/621/621 623/623/623
f 624/624/624 622/622/622 623/623/623
f 624/624/624 623/623/623 625/625/625
f 626/626/626 624/624/624 625/625/625
f 626/626/626 625/625/625 627/627/627
f 628/628/628 626/626/626 627/627/627
f 628/628/628 627/627/627 629/629/629
f 630/630/630 628/628/628 629/629/629
f 630/630/630 629/629/629 631/631/631
f 632/632/632 630/630/630 631/631/631
f 632/632/632 631/631/631 633/633/633
f 634/634/634 632/632/632 633/633/633
f 635/635/635 634/634/634 633/633/633
f 636/636/636 635/635/635 633/633/633
f 639/639/639 638/638/638 637/637/637
f 638/638/638 640/640/640 637/637/637
f 638/638/638 641/641/641 640/640/640
f 641/641/641 642/642/642 640/640/640
f 641/641/641 643/643/643 642/642/642
f 643/643/643 644/644/644 642/642/642
f 643/643/643 645/645/645 644/644/644
f 645/645/645 646/646/646 644/644/644
f 645/645/645 647/647/647 646/646/646
f 647/647/647 648/648/648 646/646/646
f 647/647/647 649/649/649 648/648/648
f 649/649/649 650/650/650 648/648/648
f 649/649/649 651/651/651 650/650/650
f 651/651/651 652/652/652 650/650/650
f 651/651/651 653/653/653 652/652/652
f 653/653/653 654/654/654 652/652/652
f 653/653/653 655/655/655 654/654/654
f 655/655/655 656/656/656 654/654/654
f 655/655/655 657/657/657 656/656/656
f 657/657/657 658/658/658 656/656/656
f 657/657/657 659/659/659 658/658/658
f 659/659/659 660/660/660 658/658/658
f 659/659/659 661/661/661 660/660/660
f 661/661/661 662/662/662 660/660/660
f 661/661/661 663/663/663 662/662/662
f 663/663/663 664/664/664 662/662/662
f 663/663/663 665/665/665 664/664/664
f 665/665/665 666/666/666 664/664/664
f 665/665/665 667/667/667 666/666/666
f 667/667/667 668/668/668 666/666/666
f 667/667/667 669/669/669 668/668/668
f 669/669/669 670/670/670 668/668/668
f 669/669/669 671/671/671 670/670/670
f 671/671/671 672/672/672 670/670/670
f 671/671/671 673/673/673 672/672/672
f 673/673/673 674/674/674 672/672/672
f 673/673/673 675/675/675 674/674/674
f 675/675/675 676/676/676 674/674/674
f 675/675/675 677/677/677 676/676/676
f 677/677/677 678/678/678 676/676/676
f 677/677/677 679/679/679 678/678/678
f 679/679/679 680/680/680 678/678/678
f 679/679/679 681/681/681 680/680/680
f 681/681/681 682/682/682 680/680/680
f 681/681/681 683/683/683 682/682/682
f 683/683/683 684/684/684 682/682/682
f 683/683/683 685/685/685 684/684/684
f 685/685/685 686/686/686 684/684/684
f 685/685/685 687/687/687 686/686/686
f 687/687/687 688/688/688 686/686/686
f 687/687/687 689/689/689 688/688/688
f 689/689/689 690/690/690 688/688/688
f 689/689/689 691/691/691 690/690/690
f 691/691/691 692/692/692 690/690/690
f 691/691/691 693/693/693 692/692/692
f 693/693/693 694/694/694 692/692/692
f 693/693/693 695/695/695 694/694/694
f 695/695/695 696/696/696 694/694/694
f 695/695/695 697/697/697 696/696/696
f 697/697/697 698/698/698 696/696/696
f 697/697/697 699/699/699 698/698/698
f 699/699/699 700/700/700 698/698/698
f 700/700/700 699/699/699 701/701/701
f 699/699/699 702/702/702 701/701/701
f 701/701/701 702/702/702 703/703/703
f 702/702/702 704/704/704 703/703/703
f 703/703/703 704/704/704 705/705/705
f 704/704/704 706/706/706 705/705/705
f 705/705/705 706/706/706 707/707/707
f 706/706/706 708/708/708 707/707/707
f 707/707/707 708/708/708 709/709/709
f 708/708/708 710/710/710 709/709/709
f 709/709/709 710/710/710 711/711/711
f 710/710/710 712/712/712 711/711/711
f 711/711/711 712/712/712 713/713/713
f 712/712/712 714/714/714 713/713/713
f 713/713/713 714/714/714 715/715/715
f 714/714/714 716/716/716 715/715/715
f 715/715/715 716/716/716 717/717/717
f 716/716/716 718/718/718 717/717/717
f 717/717/717 718/718/718 719/719/719
f 718/718/718 720/720/720 719/719/719
f 719/719/719 720/720/720 721/721/721
f 720/720/720 722/722/722 721/721/721
f 721/721/721 722/722/722 723/723/723
f 722/722/722 724/724/724 723/723/723
f 723/723/723 724/724/724 725/725/725
f 724/724/724 726/726/726 725/725/725
f 725/725/725 726/726/726 727/727/727
f 726/726/726 728/728/728 727/727/727
f 727/727/727 728/728/728 729/729/729
f 728/728/728 730/730/730 729/729/729
f 729/729/729 730/730/730 731/731/731
f 730/730/730 732/732/732 731/731/731
f 731/731/731 732/732/732 733/733/733
f 732/732/732 734/734/734 733/733/733
f 733/733/733 734/734/734 735/735/735
f 734/734/734 736/736/736 735/735/735
f 735/735/735 736/736/736 737/737/737
f 736/736/736 738/738/738 737/737/737
f 737/737/737 738/738/738 739/739/739
f 738/738/738 740/740/740 739/739/739
f 739/739/739 740/740/740 741/741/741
f 740/740/740 742/742/742 741/741/741
f 741/741/741 742/742/742 743/743/743
f 742/742/742 744/744/744 743/743/743
f 743/743/743 744/744/744 745/745/745
f 744/744/744 746/746/746 745/745/745
f 745/745/745 746/746/746 747/747/747
f 746/746/746 748/748/748 747/747/747
f 747/747/747 748/748/748 749/749/749
f 748/748/748 750/750/750 749/749/749
f 749/749/749 750/750/750 751/751/751
f 750/750/750 752/752/752 751/751/751
f 751/751/751 752/752/752 753/753/753
f 752/752/752 754/754/754 753/753/753
f 753/753/753 754/754/754 755/755/755
f 754/754/754 756/756/756 755/755/755
f 755/755/755 756/756/756 757/757/757
f 756/756/756 758/758/758 757/757/757
f 757/757/757 758/758/758 759/759/759
f 758/758/758 760/760/760 759/759/759
f 759/759/759 760/760/760 761/761/761
f 760/760/760 762/762/762 761/761/761
f 765/765/765 764/764/764 763/763/763
f 764/764/764 766/766/766 763/763/763
f 764/764/764 767/767/767 766/766/766
f 767/767/767 768/768/768 766/766/766
f 771/771/771 770/770/770 769/769/769
f 772/772/772 771/771/771 769/769/769
f 775/775/775 774/774/774 773/773/773
f 776/776/776 775/775/775 773/773/773
f 777/777/777 775/775/775 776/776/776
f 778/778/778 777/777/777 776/776/776
f 781/781/781 780/780/780 779/779/779
f 780/780/780 782/782/782 779/779/779
f 779/779/779 782/782/782 783/783/783
f 782/782/782 784/784/784 783/783/783
f 783/783/783 784/784/784 785/785/785
f 784/784/784 786/786/786 785/785/785
f 785/785/785 786/786/786 787/787/787
f 786/786/786 788/788/788 787/787/787
f 787/787/787 788/788/788 789/789/789
f 788/788/788 790/790/790 789/789/789
f 789/789/789 790/790/790 791/791/791
f 790/790/790 792/792/792 791/791/791
f 791/791/791 792/792/792 793/793/793
f 792/792/792 794/794/794 793/793/793
f 793/793/793 794/794/794 795/795/795
f 794/794/794 796/796/796 795/795/795
f 799/799/799 798/798/798 797/797/797
f 798/798/798 800/800/800 797/797/797
f 797/797/797 800/800/800 801/801/801
f 800/800/800 802/802/802 801/801/801
f 801/801/801 802/802/802 803/803/803
f 802/802/802 804/804/804 803/803/803
f 803/803/803 804/804/804 805/805/805
f 804/804/804 806/806/806 805/805/805
f 805/805/805 806/806/806 807/807/807
f 806/806/806 808/808/808 807/807/807
f 807/807/807 808/808/808 809/809/809
f 808/808/808 810/810/810 809/809/809
f 809/809/809 810/810/810 811/811/811
f 810/810/810 812/812/812 811/811/811
f 815/815/815 814/814/814 813/813/813
f 814/814/814 816/816/816 813/813/813
f 813/813/813 816/816/816 817/817/817
f 816/816/816 818/818/818 817/817/817
f 821/821/821 820/820/820 819/819/819
f 820/820/820 822/822/822 819/819/819
f 819/819/819 822/822/822 823/823/823
f 822/822/822 824/824/824 823/823/823
f 823/823/823 824/824/824 825/825/825
f 824/824/824 826/826/826 825/825/825
f 825/825/825 826/826/826 827/827/827
f 826/826/826 828/828/828 827/827/827
f 827/827/827 828/828/828 829/829/829
f 828/828/828 830/830/830 829/829/829
f 829/829/829 830/830/830 831/831/831
f 830/830/830 832/832/832 831/831/831
f 831/831/831 832/832/832 833/833/833
f 832/832/832 834/834/834 833/833/833
f 833/833/833 834/834/834 835/835/835
f 834/834/834 836/836/836 835/835/835
f 835/835/835 836/836/836 837/837/837
f 836/836/836 838/838/838 837/837/837
f 837/837/837 838/838/838 839/839/839
f 838/838/838 840/840/840 839/839/839
f 839/839/839 840/840/840 841/841/841
f 840/840/840 842/842/842 841/841/841
f 841/841/841 842/842/842 843/843/843
f 842/842/842 844/844/844 843/843/843
f 843/843/843 844/844/844 845/845/845
f 844/844/844 846/846/846 845/845/845
f 846/846/846 847/847/847 845/845/845
f 847/847/847 848/848/848 845/845/845
f 847/847/847 849/849/849 848/848/848
f 849/849/849 850/850/850 848/848/848
f 849/849/849 851/851/851 850/850/850
f 851/851/851 852/852/852 850/850/850
f 851/851/851 853/853/853 852/852/852
f 853/853/853 854/854/854 852/852/852
f 853/853/853 855/855/855 854/854/854
f 855/855/855 856/856/856 854/854/854
f 855/855/855 857/857/857 856/856/856
f 857/857/857 858/858/858 856/856/856
f 857/857/857 859/859/859 858/858/858
f 859/859/859 860/860/860 858/858/858
f 859/859/859 861/861/861 860/860/860
f 861/861/861 862/862/862 860/860/860
f 861/861/861 863/863/863 862/862/862
f 863/863/863 864/864/864 862/862/862
f 863/863/863 865/865/865 864/864/864
f 865/865/865 866/866/866 864/864/864
f 865/865/865 867/867/867 866/866/866
f 867/867/867 868/868/868 866/866/866
f 867/867/867 869/869/869 868/868/868
f 869/869/869 870/870/870 868/868/868
f 869/869/869 871/871/871 870/870/870
f 871/871/871 872/872/872 870/870/870
f 875/875/875 874/874/874 873/873/873
f 876/876/876 875/875/875 873/873/873
f 877/877/877 875/875/875 876/876/876
f 878/878/878 877/877/877 876/876/876
f 879/879/879 877/877/877 878/878/878
f 880/880/880 879/879/879 878/878/878
f 881/881/881 879/879/879 880/880/880
f 882/882/882 881/881/881 880/880/880
f 883/883/883 881/881/881 882/882/882
f 884/884/884 883/883/883 882/882/882
f 885/885/885 883/883/883 884/884/884
f 886/886/886 885/885/885 884/884/884
f 887/887/887 885/885/885 886/886/886
f 888/888/888 887/887/887 886/886/886
f 889/889/889 887/887/887 888/888/888
f 890/890/890 889/889/889 888/888/888
f 891/891/891 889/889/889 890/890/890
f 892/892/892 891/891/891 890/890/890
f 893/893/893 891/891/891 892/892/892
f 894/894/894 893/893/893 892/892/892
f 895/895/895 893/893/893 894/894/894
f 896/896/896 895/895/895 894/894/894
f 897/897/897 895/895/895 896/896/896
f 898/898/898 897/897/897 896/896/896
f 899/899/899 897/897/897 898/898/898
f 900/900/900 899/899/899 898/898/898
f 901/901/901 899/899/899 900/900/900
f 902/902/902 901/901/901 900/900/900
f 903/903/903 901/901/901 902/902/902
f 904/904/904 903/903/903 902/902/902
f 905/905/905 903/903/903 904/904/904
f 906/906/906 905/905/905 904/904/904
f 907/907/907 905/905/905 906/906/906
f 908/908/908 907/907/907 906/906/906
f 909/909/909 907/907/907 908/908/908
f 910/910/910 909/909/909 908/908/908
f 911/911/911 909/909/909 910/910/910
f 912/912/912 911/911/911 910/910/910
f 913/913/913 911/911/911 912/912/912
f 914/914/914 913/913/913 912/912/912
f 915/915/915 913/913/913 914/914/914
f 916/916/916 915/915/915 914/914/914
f 917/917/917 915/915/915 916/916/916
f 918/918/918 917/917/917 916/916/916
f 919/919/919 917/917/917 918/918/918
f 920/920/920 919/919/919 918/918/918
f 921/921/921 919/919/919 920/920/920
f 922/922/922 921/921/921 920/920/920
f 923/923/923 921/921/921 922/922/922
f 924/924/924 923/923/923 922/922/922
f 925/925/925 923/923/923 924/924/924
f 926/926/926 925/925/925 924/924/924
f 927/927/927 925/925/925 926/926/926
f 928/928/928 927/927/927 926/926/926
f 929/929/929 927/927/927 928/928/928
f 930/930/930 929/929/929 928/928/928
f 931/931/931 929/929/929 930/930/930
f 932/932/932 931/931/931 930/930/930
f 933/933/933 931/931/931 932/932/932
f 934/934/934 933/933/933 932/932/932
f 935/935/935 933/933/933 934/934/934
f 936/936/936 935/935/935 934/934/934
f 935/935/935 936/936/936 937/937/937
f 938/938/938 935/935/935 937/937/937
f 938/938/938 937/937/937 939/939/939
f 940/940/940 938/938/938 939/939/939
f 940/940/940 939/939/939 941/941/941
f 942/942/942 940/940/940 941/941/941
f 942/942/942 941/941/941 943/943/943
f 944/944/944 942/942/942 943/943/943
f 944/944/944 943/943/943 945/945/945
f 946/946/946 944/944/944 945/945/945
f 946/946/946 945/945/945 947/947/947
f 948/948/948 946/946/946 947/947/947
f 948/948/948 947/947/947 949/949/949
f 950/950/950 948/948/948 949/949/949
f 950/950/950 949/949/949 951/951/951
f 952/952/952 950/950/950 951/951/951
f 952/952/952 951/951/951 953/953/953
f 954/954/954 952/952/952 953/953/953
f 954/954/954 953/953/953 955/955/955
f 956/956/956 954/954/954 955/955/955
f 956/956/956 955/955/955 957/957/957
f 958/958/958 956/956/956 957/957/957
f 958/958/958 957/957/957 959/959/959
f 960/960/960 958/958/958 959/959/959
f 960/960/960 959/959/959 961/961/961
f 962/962/962 960/960/960 961/961/961
f 962/962/962 961/961/961 963/963/963
f 964/964/964 962/962/962 963/963/963
f 964/964/964 963/963/963 965/965/965
f 966/966/966 964/964/964 965/965/965
f 966/966/966 965/965/965 967/967/967
f 968/968/968 966/966/966 967/967/967
f 968/968/968 967/967/967 969/969/969
f 970/970/970 968/968/968 969/969/969
f 970/970/970 969/969/969 971/971/971
f 972/972/972 970/970/970 971/971/971
f 972/972/972 971/971/971 973/973/973
f 974/974/974 972/972/972 973/973/973
f 974/974/974 973/973/973 975/975/975
f 976/976/976 974/974/974 975/975/975
f 976/976/976 975/975/975 977/977/977
f 978/978/978 976/976/976 977/977/977
f 978/978/978 977/977/977 979/979/979
f 980/980/980 978/978/978 979/979/979
f 980/980/980 979/979/979 981/981/981
f 982/982/982 980/980/980 981/981/981
f 982/982/982 981/981/981 983/983/983
f 984/984/984 982/982/982 983/983/983
f 984/984/984 983/983/983 985/985/985
f 986/986/986 984/984/984 985/985/985
f 986/986/986 985/985/985 987/987/987
f 988/988/988 986/986/986 987/987/987
f 988/988/988 987/987/987 989/989/989
f 990/990/990 988/988/988 989/989/989
f 990/990/990 989/989/989 991/991/991
f 992/992/992 990/990/990 991/991/991
f 992/992/992 991/991/991 993/993/993
f 994/994/994 992/992/992 993/993/993
f 994/994/994 993/993/993 995/995/995
f 996/996/996 994/994/994 995/995/995
f 996/996/996 995/995/995 997/997/997
f 998/998/998 996/996/996 997/997/997
f 1001/1001/1001 1000/1000/1000 999/999/999
f 1000/1000/1000 1002/1002/1002 999/999/999
f 999/999/999 1002/1002/1002 1003/1003/1003
f 1002/1002/1002 1004/1004/1004 1003/1003/1003
f 1007/1007/1007 1006/1006/1006 1005/1005/1005
f 1008/1008/1008 1007/1007/1007 1005/1005/1005
f 1011/1011/1011 1010/1010/1010 1009/1009/1009
f 1012/1012/1012 1011/1011/1011 1009/1009/1009
f 1015/1015/1015 1014/1014/1014 1013/1013/1013
f 1016/1016/1016 1015/1015/1015 1013/1013/1013
f 1019/1019/1019 1018/1018/1018 1017/1017/1017
f 1020/1020/1020 1019/1019/1019 1017/1017/1017
f 1023/1023/1023 1022/1022/1022 1021/1021/1021
f 1024/1024/1024 1023/1023/1023 1021/1021/1021
f 1027/1027/1027 1026/1026/1026 1025/1025/1025
f 1026/1026/1026 1028/1028/1028 1025/1025/1025
f 1026/1026/1026 1029/1029/1029 1028/1028/1028
f 1029/1029/1029 1030/1030/1030 1028/1028/1028
f 1033/1033/1033 1032/1032/1032 1031/1031/1031
f 1034/1034/1034 1033/1033/1033 1031/1031/1031
f 1037/1037/1037 1036/1036/1036 1035/1035/1035
f 1038/1038/1038 1037/1037/1037 1035/1035/1035
f 1039/1039/1039 1037/1037/1037 1038/1038/1038
f 1040/1040/1040 1039/1039/1039 1038/1038/1038
f 1043/1043/1043 1042/1042/1042 1041/1041/1041
f 1044/1044/1044 1043/1043/1043 1041/1041/1041
f 1047/1047/1047 1046/1046/1046 1045/1045/1045
f 1046/1046/1046 1048/1048/1048 1045/1045/1045
f 1046/1046/1046 1049/1049/1049 1048/1048/1048
f 1049/1049/1049 1050/1050/1050 1048/1048/1048
f 1053/1053/1053 1052/1052/1052 1051/1051/1051
f 1054/1054/1054 1053/1053/1053 1051/1051/1051
f 1054/1054/1054 1051/1051/1051 1055/1055/1055
f 1056/1056/1056 1054/1054/1054 1055/1055/1055
f 1056/1056/1056 1055/1055/1055 1057/1057/1057
f 1058/1058/1058 1056/1056/1056 1057/1057/1057
f 1058/1058/1058 1057/1057/1057 1059/1059/1059
f 1060/1060/1060 1058/1058/1058 1059/1059/1059
f 1060/1060/1060 1059/1059/1059 1061/1061/1061
f 1062/1062/1062 1060/1060/1060 1061/1061/1061
f 1062/1062/1062 1061/1061/1061 1063/1063/1063
f 1064/1064/1064 1062/1062/1062 1063/1063/1063
f 1064/1064/1064 1063/1063/1063 1065/1065/1065
f 1066/1066/1066 1064/1064/1064 1065/1065/1065
f 1066/1066/1066 1065/1065/1065 1067/1067/1067
f 1068/1068/1068 1066/1066/1066 1067/1067/1067
f 1071/1071/1071 1070/1070/1070 1069/1069/1069
f 1072/1072/1072 1071/1071/1071 1069/1069/1069
f 1072/1072/1072 1069/1069/1069 1073/1073/1073
f 1074/1074/1074 1072/1072/1072 1073/1073/1073
f 1074/1074/1074 1073/1073/1073 1075/1075/1075
f 1076/1076/1076 1074/1074/1074 1075/1075/1075
f 1076/1076/1076 1075/1075/1075 1077/1077/1077
f 1078/1078/1078 1076/1076/1076 1077/1077/1077
f 1078/1078/1078 1077/1077/1077 1079/1079/1079
f 1080/1080/1080 1078/1078/1078 1079/1079/1079
f 1080/1080/1080 1079/1079/1079 1081/1081/1081
f 1082/1082/1082 1080/1080/1080 1081/1081/1081
f 1082/1082/1082 1081/1081/1081 1083/1083/1083
f 1084/1084/1084 1082/1082/1082 1083/1083/1083
f 1087/1087/1087 1086/1086/1086 1085/1085/1085
f 1088/1088/1088 1087/1087/1087 1085/1085/1085
f 1088/1088/1088 1085/1085/1085 1089/1089/1089
f 1090/1090/1090 1088/1088/1088 1089/1089/1089
f 1093/1093/1093 1092/1092/1092 1091/1091/1091
f 1094/1094/1094 1093/1093/1093 1091/1091/1091
f 1097/1097/1097 1096/1096/1096 1095/1095/1095
f 1098/1098/1098 1097/1097/1097 1095/1095/1095
f 1101/1101/1101 1100/1100/1100 1099/1099/1099
f 1102/1102/1102 1101/1101/1101 1099/1099/1099
f 1105/1105/1105 1104/1104/1104 1103/1103/1103
f 1106/1106/1106 1105/1105/1105 1103/1103/1103
f 1109/1109/1109 1108/1108/1108 1107/1107/1107
f 1110/1110/1110 1109/1109/1109 1107/1107/1107
f 1113/1113/1113 1112/1112/1112 1111/1111/1111
f 1114/1114/1114 1113/1113/1113 1111/1111/1111
f 1115/1115/1115 1114/1114/1114 1111/1111/1111
f 1116/1116/1116 1115/1115/1115 1111/1111/1111
f 1117/1117/1117 1115/1115/1115 1116/1116/1116
f 1118/1118/1118 1117/1117/1117 1116/1116/1116
f 1119/1119/1119 1117/1117/1117 1118/1118/1118
f 1120/1120/1120 1119/1119/1119 1118/1118/1118
f 1121/1121/1121 1119/1119/1119 1120/1120/1120
f 1122/1122/1122 1121/1121/1121 1120/1120/1120
f 1123/1123/1123 1121/1121/1121 1122/1122/1122
f 1124/1124/1124 1123/1123/1123 1122/1122/1122
f 1125/1125/1125 1123/1123/1123 1124/1124/1124
f 1126/1126/1126 1125/1125/1125 1124/1124/1124
f 1127/1127/1127 1125/1125/1125 1126/1126/1126
f 1128/1128/1128 1127/1127/1127 1126/1126/1126
f 1127/1127/1127 1128/1128/1128 1129/1129/1129
f 1130/1130/1130 1127/1127/1127 1129/1129/1129
f 1130/1130/1130 1129/1129/1129 1131/1131/1131
f 1132/1132/1132 1130/1130/1130 1131/1131/1131
f 1133/1133/1133 1132/1132/1132 1131/1131/1131
f 1134/1134/1134 1133/1133/1133 1131/1131/1131
f 1135/1135/1135 1133/1133/1133 1134/1134/1134
f 1136/1136/1136 1135/1135/1135 1134/1134/1134
f 1137/1137/1137 1135/1135/1135 1136/1136/1136
f 1138/1138/1138 1137/1137/1137 1136/1136/1136
f 1139/1139/1139 1137/1137/1137 1138/1138/1138
f 1140/1140/1140 1139/1139/1139 1138/1138/1138
f 1141/1141/1141 1139/1139/1139 1140/1140/1140
f 1142/1142/1142 1141/1141/1141 1140/1140/1140
f 1143/1143/1143 1141/1141/1141 1142/1142/1142
f 1144/1144/1144 1143/1143/1143 1142/1142/1142
f 1143/1143/1143 1144/1144/1144 1145/1145/1145
f 1146/1146/1146 1143/1143/1143 1145/1145/1145
f 1146/1146/1146 1145/1145/1145 1147/1147/1147
f 1148/1148/1148 1146/1146/1146 1147/1147/1147
f 1148/1148/1148 1147/1147/1147 1149/1149/1149
f 1147/1147/1147 1150/1150/1150 1149/1149/1149
f 1149/1149/1149 1150/1150/1150 1151/1151/1151
f 1150/1150/1150 1152/1152/1152 1151/1151/1151
f 1151/1151/1151 1152/1152/1152 1153/1153/1153
f 1152/1152/1152 1154/1154/1154 1153/1153/1153
f 1153/1153/1153 1154/1154/1154 1155/1155/1155
f 1154/1154/1154 1156/1156/1156 1155/1155/1155
f 1155/1155/1155 1156/1156/1156 1157/1157/1157
f 1156/1156/1156 1158/1158/1158 1157/1157/1157
f 1157/1157/1157 1158/1158/1158 1159/1159/1159
f 1158/1158/1158 1160/1160/1160 1159/1159/1159
f 1159/1159/1159 1160/1160/1160 1161/1161/1161
f 1160/1160/1160 1162/1162/1162 1161/1161/1161
f 1161/1161/1161 1162/1162/1162 1163/1163/1163
f 1162/1162/1162 1164/1164/1164 1163/1163/1163
f 1163/1163/1163 1164/1164/1164 1165/1165/1165
f 1164/1164/1164 1166/1166/1166 1165/1165/1165
f 1165/1165/1165 1166/1166/1166 1167/1167/1167
f 1166/1166/1166 1168/1168/1168 1167/1167/1167
f 1167/1167/1167 1168/1168/1168 1169/1169/1169
f 1168/1168/1168 1170/1170/1170 1169/1169/1169
f 1169/1169/1169 1170/1170/1170 1171/1171/1171
f 1170/1170/1170 1172/1172/1172 1171/1171/1171
f 1171/1171/1171 1172/1172/1172 1173/1173/1173
f 1174/1174/1174 1171/1171/1171 1173/1173/1173
f 1175/1175/1175 1174/1174/1174 1173/1173/1173
f 1176/1176/1176 1175/1175/1175 1173/1173/1173
f 1176/1176/1176 1177/1177/1177 1175/1175/1175
f 1177/1177/1177 1178/1178/1178 1175/1175/1175
f 1177/1177/1177 1179/1179/1179 1178/1178/1178
f 1179/1179/1179 1180/1180/1180 1178/1178/1178
f 1179/1179/1179 1181/1181/1181 1180/1180/1180
f 1181/1181/1181 1182/1182/1182 1180/1180/1180
f 1181/1181/1181 1183/1183/1183 1182/1182/1182
f 1183/1183/1183 1184/1184/1184 1182/1182/1182
f 1183/1183/1183 1185/1185/1185 1184/1184/1184
f 1185/1185/1185 1186/1186/1186 1184/1184/1184
f 1185/1185/1185 1187/1187/1187 1186/1186/1186
f 1187/1187/1187 1188/1188/1188 1186/1186/1186
f 1187/1187/1187 1189/1189/1189 1188/1188/1188
f 1189/1189/1189 1190/1190/1190 1188/1188/1188
f 1189/1189/1189 1191/1191/1191 1190/1190/1190
f 1191/1191/1191 1192/1192/1192 1190/1190/1190
f 1191/1191/1191 1193/1193/1193 1192/1192/1192
f 1193/1193/1193 1194/1194/1194 1192/1192/1192
f 1193/1193/1193 1195/1195/1195 1194/1194/1194
f 1195/1195/1195 1196/1196/1196 1194/1194/1194
f 1195/1195/1195 1197/1197/1197 1196/1196/1196
f 1197/1197/1197 1198/1198/1198 1196/1196/1196
f 1197/1197/1197 1199/1199/1199 1198/1198/1198
f 1199/1199/1199 1200/1200/1200 1198/1198/1198
f 1201/1201/1201 1200/1200/1200 1199/1199/1199
f 1202/1202/1202 1201/1201/1201 1199/1199/1199
f 1203/1203/1203 1201/1201/1201 1202/1202/1202
f 1204/1204/1204 1203/1203/1203 1202/1202/1202
f 1203/1203/1203 1204/1204/1204 1205/1205/1205
f 1206/1206/1206 1203/1203/1203 1205/1205/1205
f 1206/1206/1206 1205/1205/1205 1207/1207/1207
f 1208/1208/1208 1206/1206/1206 1207/1207/1207
f 1208/1208/1208 1207/1207/1207 1209/1209/1209
f 1210/1210/1210 1208/1208/1208 1209/1209/1209
f 1210/1210/1210 1209/1209/1209 1211/1211/1211
f 1212/1212/1212 1210/1210/1210 1211/1211/1211
f 1212/1212/1212 1211/1211/1211 1213/1213/1213
f 1214/1214/1214 1212/1212/1212 1213/1213/1213
f 1214/1214/1214 1213/1213/1213 1215/1215/1215
f 1216/1216/1216 1214/1214/1214 1215/1215/1215
f 1217/1217/1217 1216/1216/1216 1215/1215/1215
f 1218/1218/1218 1217/1217/1217 1215/1215/1215
f 1219/1219/1219 1217/1217/1217 1218/1218/1218
f 1220/1220/1220 1219/1219/1219 1218/1218/1218
f 1219/1219/1219 1220/1220/1220 1221/1221/1221
f 1222/1222/1222 1219/1219/1219 1221/1221/1221
f 1222/1222/1222 1221/1221/1221 1223/1223/1223
f 1224/1224/1224 1222/1222/1222 1223/1223/1223
f 1224/1224/1224 1223/1223/1223 1225/1225/1225
f 1226/1226/1226 1224/1224/1224 1225/1225/1225
f 1226/1226/1226 1225/1225/1225 1227/1227/1227
f 1228/1228/1228 1226/1226/1226 1227/1227/1227
f 1228/1228/1228 1227/1227/1227 1229/1229/1229
f 1230/1230/1230 1228/1228/1228 1229/1229/1229
f 1230/1230/1230 1229/1229/1229 1231/1231/1231
f 1232/1232/1232 1230/1230/1230 1231/1231/1231
f 1232/1232/1232 1231/1231/1231 1233/1233/1233
f 1234/1234/1234 1232/1232/1232 1233/1233/1233
f 1235/1235/1235 1234/1234/1234 1233/1233/1233
f 1236/1236/1236 1235/1235/1235 1233/1233/1233
f 1239/1239/1239 1238/1238/1238 1237/1237/1237
f 1238/1238/1238 1240/1240/1240 1237/1237/1237
f 1238/1238/1238 1241/1241/1241 1240/1240/1240
f 1241/1241/1241 1242/1242/1242 1240/1240/1240
f 1241/1241/1241 1243/1243/1243 1242/1242/1242
f 1243/1243/1243 1244/1244/1244 1242/1242/1242
f 1243/1243/1243 1245/1245/1245 1244/1244/1244
f 1245/1245/1245 1246/1246/1246 1244/1244/1244
f 1245/1245/1245 1247/1247/1247 1246/1246/1246
f 1247/1247/1247 1248/1248/1248 1246/1246/1246
f 1247/1247/1247 1249/1249/1249 1248/1248/1248
f 1249/1249/1249 1250/1250/1250 1248/1248/1248
f 1249/1249/1249 1251/1251/1251 1250/1250/1250
f 1251/1251/1251 1252/1252/1252 1250/1250/1250
f 1251/1251/1251 1253/1253/1253 1252/1252/1252
f 1253/1253/1253 1254/1254/1254 1252/1252/1252
f 1253/1253/1253 1255/1255/1255 1254/1254/1254
f 1255/1255/1255 1256/1256/1256 1254/1254/1254
f 1255/1255/1255 1257/1257/1257 1256/1256/1256
f 1257/1257/1257 1258/1258/1258 1256/1256/1256
f 1257/1257/1257 1259/1259/1259 1258/1258/1258
f 1259/1259/1259 1260/1260/1260 1258/1258/1258
f 1259/1259/1259 1261/1261/1261 1260/1260/1260
f 1261/1261/1261 1262/1262/1262 1260/1260/1260
f 1261/1261/1261 1263/1263/1263 1262/1262/1262
f 1263/1263/1263 1264/1264/1264 1262/1262/1262
f 1263/1263/1263 1265/1265/1265 1264/1264/1264
f 1265/1265/1265 1266/1266/1266 1264/1264/1264
f 1265/1265/1265 1267/1267/1267 1266/1266/1266
f 1267/1267/1267 1268/1268/1268 1266/1266/1266
f 1267/1267/1267 1269/1269/1269 1268/1268/1268
f 1269/1269/1269 1270/1270/1270 1268/1268/1268
f 1269/1269/1269 1271/1271/1271 1270/1270/1270
f 1271/1271/1271 1272/1272/1272 1270/1270/1270
f 1271/1271/1271 1273/1273/1273 1272/1272/1272
f 1273/1273/1273 1274/1274/1274 1272/1272/1272
f 1273/1273/1273 1275/1275/1275 1274/1274/1274
f 1275/1275/1275 1276/1276/1276 1274/1274/1274
f 1275/1275/1275 1277/1277/1277 1276/1276/1276
f 1277/1277/1277 1278/1278/1278 1276/1276/1276
f 1277/1277/1277 1279/1279/1279 1278/1278/1278
f 1279/1279/1279 1280/1280/1280 1278/1278/1278
f 1279/1279/1279 1281/1281/1281 1280/1280/1280
f 1281/1281/1281 1282/1282/1282 1280/1280/1280
f 1281/1281/1281 1283/1283/1283 1282/1282/1282
f 1283/1283/1283 1284/1284/1284 1282/1282/1282
f 1283/1283/1283 1285/1285/1285 1284/1284/1284
f 1285/1285/1285 1286/1286/1286 1284/1284/1284
f 1285/1285/1285 1287/1287/1287 1286/1286/1286
f 1287/1287/1287 1288/1288/1288 1286/1286/1286
f 1287/1287/1287 1289/1289/1289 1288/1288/1288
f 1289/1289/1289 1290/1290/1290 1288/1288/1288
f 1289/1289/1289 1291/1291/1291 1290/1290/1290
f 1291/1291/1291 1292/1292/1292 1290/1290/1290
f 1291/1291/1291 1293/1293/1293 1292/1292/1292
f 1293/1293/1293 1294/1294/1294 1292/1292/1292
f 1293/1293/1293 1295/1295/1295 1294/1294/1294
f 1295/1295/1295 1296/1296/1296 1294/1294/1294
f 1295/1295/1295 1297/1297/1297 1296/1296/1296
f 1297/1297/1297 1298/1298/1298 1296/1296/1296
f 1297/1297/1297 1299/1299/1299 1298/1298/1298
f 1299/1299/1299 1300/1300/1300 1298/1298/1298
f 1300/1300/1300 1299/1299/1299 1301/1301/1301
f 1299/1299/1299 1302/1302/1302 1301/1301/1301
f 1301/1301/1301 1302/1302/1302 1303/1303/1303
f 1302/1302/1302 1304/1304/1304 1303/1303/1303
f 1303/1303/1303 1304/1304/1304 1305/1305/1305
f 1304/1304/1304 1306/1306/1306 1305/1305/1305
f 1305/1305/1305 1306/1306/1306 1307/1307/1307
f 1306/1306/1306 1308/1308/1308 1307/1307/1307
f 1307/1307/1307 1308/1308/1308 1309/1309/1309
f 1308/1308/1308 1310/1310/1310 1309/1309/1309
f 1309/1309/1309 1310/1310/1310 1311/1311/1311
f 1310/1310/1310 1312/1312/1312 1311/1311/1311
f 1311/1311/1311 1312/1312/1312 1313/1313/1313
f 1312/1312/1312 1314/1314/1314 1313/1313/1313
f 1313/1313/1313 1314/1314/1314 1315/1315/1315
f 1314/1314/1314 1316/1316/1316 1315/1315/1315
f 1315/1315/1315 1316/1316/1316 1317/1317/1317
f 1316/1316/1316 1318/1318/1318 1317/1317/1317
f 1317/1317/1317 1318/1318/1318 1319/1319/1319
f 1318/1318/1318 1320/1320/1320 1319/1319/1319
f 1319/1319/1319 1320/1320/1320 1321/1321/1321
f 1320/1320/1320 1322/1322/1322 1321/1321/1321
f 1321/1321/1321 1322/1322/1322 1323/1323/1323
f 1322/1322/1322 1324/1324/1324 1323/1323/1323
f 1323/1323/1323 1324/1324/1324 1325/1325/1325
f 1324/1324/1324 1326/1326/1326 1325/1325/1325
f 1325/1325/1325 1326/1326/1326 1327/1327/1327
f 1326/1326/1326 1328/1328/1328 1327/1327/1327
f 1327/1327/1327 1328/1328/1328 1329/1329/1329
f 1328/1328/1328 1330/1330/1330 1329/1329/1329
f 1329/1329/1329 1330/1330/1330 1331/1331/1331
f 1330/1330/1330 1332/1332/1332 1331/1331/1331
f 1331/1331/1331 1332/1332/1332 1333/1333/1333
f 1332/1332/1332 1334/1334/1334 1333/1333/1333
f 1333/1333/1333 1334/1334/1334 1335/1335/1335
f 1334/1334/1334 1336/1336/1336 1335/1335/1335
f 1335/1335/1335 1336/1336/1336 1337/1337/1337
f 1336/1336/1336 1338/1338/1338 1337/1337/1337
f 1337/1337/1337 1338/1338/1338 1339/1339/1339
f 1338/1338/1338 1340/1340/1340 1339/1339/1339
f 1339/1339/1339 1340/1340/1340 1341/1341/1341
f 1340/1340/1340 1342/1342/1342 1341/1341/1341
f 1341/1341/1341 1342/1342/1342 1343/1343/1343
f 1342/1342/1342 1344/1344/1344 1343/1343/1343
f 1343/1343/1343 1344/1344/1344 1345/1345/1345
f 1344/1344/1344 1346/1346/1346 1345/1345/1345
f 1345/1345/1345 1346/1346/1346 1347/1347/1347
f 1346/1346/1346 1348/1348/1348 1347/1347/1347
f 1347/1347/1347 1348/1348/1348 1349/1349/1349
f 1348/1348/1348 1350/1350/1350 1349/1349/1349
f 1349/1349/1349 1350/1350/1350 1351/1351/1351
f 1350/1350/1350 1352/1352/1352 1351/1351/1351
f 1351/1351/1351 1352/1352/1352 1353/1353/1353
f 1352/1352/1352 1354/1354/1354 1353/1353/1353
f 1353/1353/1353 1354/1354/1354 1355/1355/1355
f 1354/1354/1354 1356/1356/1356 1355/1355/1355
f 1355/1355/1355 1356/1356/1356 1357/1357/1357
f 1356/1356/1356 1358/1358/1358 1357/1357/1357
f 1357/1357/1357 1358/1358/1358 1359/1359/1359
f 1358/1358/1358 1360/1360/1360 1359/1359/1359
f 1359/1359/1359 1360/1360/1360 1361/1361/1361
f 1360/1360/1360 1362/1362/1362 1361/1361/1361
f 1365/1365/1365 1364/1364/1364 1363/1363/1363
f 1364/1364/1364 1366/1366/1366 1363/1363/1363
f 1364/1364/1364 1367/1367/1367 1366/1366/1366
f 1367/1367/1367 1368/1368/1368 1366/1366/1366
f 1371/1371/1371 1370/1370/1370 1369/1369/1369
f 1372/1372/1372 1371/1371/1371 1369/1369/1369
f 1375/1375/1375 1374/1374/1374 1373/1373/1373
f 1374/1374/1374 1376/1376/1376 1373/1373/1373
f 1376/1376/1376 1377/1377/1377 1373/1373/1373
f 1377/1377/1377 1378/1378/1378 1373/1373/1373
f 1377/1377/1377 1379/1379/1379 1378/1378/1378
f 1379/1379/1379 1380/1380/1380 1378/1378/1378
f 1379/1379/1379 1381/1381/1381 1380/1380/1380
f 1381/1381/1381 1382/1382/1382 1380/1380/1380
f 1381/1381/1381 1383/1383/1383 1382/1382/1382
f 1383/1383/1383 1384/1384/1384 1382/1382/1382
f 1383/1383/1383 1385/1385/1385 1384/1384/1384
f 1385/1385/1385 1386/1386/1386 1384/1384/1384
f 1385/1385/1385 1387/1387/1387 1386/1386/1386
f 1387/1387/1387 1388/1388/1388 1386/1386/1386
f 1387/1387/1387 1389/1389/1389 1388/1388/1388
f 1389/1389/1389 1390/1390/1390 1388/1388/1388
f 1390/1390/1390 1389/1389/1389 1391/1391/1391
f 1389/1389/1389 1392/1392/1392 1391/1391/1391
f 1391/1391/1391 1392/1392/1392 1393/1393/1393
f 1392/1392/1392 1394/1394/1394 1393/1393/1393
f 1394/1394/1394 1395/1395/1395 1393/1393/1393
f 1395/1395/1395 1396/1396/1396 1393/1393/1393
f 1395/1395/1395 1397/1397/1397 1396/1396/1396
f 1397/1397/1397 1398/1398/1398 1396/1396/1396
f 1397/1397/1397 1399/1399/1399 1398/1398/1398
f 1399/1399/1399 1400/1400/1400 1398/1398/1398
f 1399/1399/1399 1401/1401/1401 1400/1400/1400
f 1401/1401/1401 1402/1402/1402 1400/1400/1400
f 1401/1401/1401 1403/1403/1403 1402/1402/1402
f 1403/1403/1403 1404/1404/1404 1402/1402/1402
f 1403/1403/1403 1405/1405/1405 1404/1404/1404
f 1405/1405/1405 1406/1406/1406 1404/1404/1404
f 1406/1406/1406 1405/1405/1405 1407/1407/1407
f 1405/1405/1405 1408/1408/1408 1407/1407/1407
f 1407/1407/1407 1408/1408/1408 1409/1409/1409
f 1408/1408/1408 1410/1410/1410 1409/1409/1409
f 1409/1409/1409 1410/1410/1410 1411/1411/1411
f 1412/1412/1412 1409/1409/1409 1411/1411/1411
f 1412/1412/1412 1411/1411/1411 1413/1413/1413
f 1414/1414/1414 1412/1412/1412 1413/1413/1413
f 1414/1414/1414 1413/1413/1413 1415/1415/1415
f 1416/1416/1416 1414/1414/1414 1415/1415/1415
f 1416/1416/1416 1415/1415/1415 1417/1417/1417
f 1418/1418/1418 1416/1416/1416 1417/1417/1417
f 1418/1418/1418 1417/1417/1417 1419/1419/1419
f 1420/1420/1420 1418/1418/1418 1419/1419/1419
f 1420/1420/1420 1419/1419/1419 1421/1421/1421
f 1422/1422/1422 1420/1420/1420 1421/1421/1421
f 1422/1422/1422 1421/1421/1421 1423/1423/1423
f 1424/1424/1424 1422/1422/1422 1423/1423/1423
f 1424/1424/1424 1423/1423/1423 1425/1425/1425
f 1426/1426/1426 1424/1424/1424 1425/1425/1425
f 1426/1426/1426 1425/1425/1425 1427/1427/1427
f 1428/1428/1428 1426/1426/1426 1427/1427/1427
f 1428/1428/1428 1427/1427/1427 1429/1429/1429
f 1430/1430/1430 1428/1428/1428 1429/1429/1429
f 1430/1430/1430 1429/1429/1429 1431/1431/1431
f 1432/1432/1432 1430/1430/1430 1431/1431/1431
f 1432/1432/1432 1431/1431/1431 1433/1433/1433
f 1434/1434/1434 1432/1432/1432 1433/1433/1433
f 1434/1434/1434 1433/1433/1433 1435/1435/1435
f 1433/1433/1433 1436/1436/1436 1435/1435/1435
f 1436/1436/1436 1437/1437/1437 1435/1435/1435
f 1437/1437/1437 1438/1438/1438 1435/1435/1435
f 1439/1439/1439 1438/1438/1438 1437/1437/1437
f 1440/1440/1440 1439/1439/1439 1437/1437/1437
f 1441/1441/1441 1439/1439/1439 1440/1440/1440
f 1442/1442/1442 1441/1441/1441 1440/1440/1440
f 1443/1443/1443 1441/1441/1441 1442/1442/1442
f 1444/1444/1444 1443/1443/1443 1442/1442/1442
f 1445/1445/1445 1443/1443/1443 1444/1444/1444
f 1446/1446/1446 1445/1445/1445 1444/1444/1444
f 1447/1447/1447 1445/1445/1445 1446/1446/1446
f 1448/1448/1448 1447/1447/1447 1446/1446/1446
f 1449/1449/1449 1447/1447/1447 1448/1448/1448
f 1450/1450/1450 1449/1449/1449 1448/1448/1448
f 1451/1451/1451 1449/1449/1449 1450/1450/1450
f 1452/1452/1452 1451/1451/1451 1450/1450/1450
f 1453/1453/1453 1451/1451/1451 1452/1452/1452
f 1454/1454/1454 1453/1453/1453 1452/1452/1452
f 1455/1455/1455 1453/1453/1453 1454/1454/1454
f 1456/1456/1456 1455/1455/1455 1454/1454/1454
f 1457/1457/1457 1455/1455/1455 1456/1456/1456
f 1458/1458/1458 1457/1457/1457 1456/1456/1456
f 1459/1459/1459 1457/1457/1457 1458/1458/1458
f 1460/1460/1460 1459/1459/1459 1458/1458/1458
f 1461/1461/1461 1459/1459/1459 1460/1460/1460
f 1462/1462/1462 1461/1461/1461 1460/1460/1460
f 1462/1462/1462 1463/1463/1463 1461/1461/1461
f 1463/1463/1463 1464/1464/1464 1461/1461/1461
f 1463/1463/1463 1465/1465/1465 1464/1464/1464
f 1465/1465/1465 1466/1466/1466 1464/1464/1464
f 1466/1466/1466 1465/1465/1465 1467/1467/1467
f 1465/1465/1465 1468/1468/1468 1467/1467/1467
f 1467/1467/1467 1468/1468/1468 1469/1469/1469
f 1468/1468/1468 1470/1470/1470 1469/1469/1469
f 1469/1469/1469 1470/1470/1470 1471/1471/1471
f 1470/1470/1470 1472/1472/1472 1471/1471/1471
f 1471/1471/1471 1472/1472/1472 1473/1473/1473
f 1472/1472/1472 1474/1474/1474 1473/1473/1473
f 1473/1473/1473 1474/1474/1474 1475/1475/1475
f 1474/1474/1474 1476/1476/1476 1475/1475/1475
f 1475/1475/1475 1476/1476/1476 1477/1477/1477
f 1476/1476/1476 1478/1478/1478 1477/1477/1477
f 1478/1478/1478 1479/1479/1479 1477/1477/1477
f 1479/1479/1479 1480/1480/1480 1477/1477/1477
f 1479/1479/1479 1481/1481/1481 1480/1480/1480
f 1481/1481/1481 1482/1482/1482 1480/1480/1480
f 1482/1482/1482 1481/1481/1481 1483/1483/1483
f 1481/1481/1481 1484/1484/1484 1483/1483/1483
f 1483/1483/1483 1484/1484/1484 1485/1485/1485
f 1484/1484/1484 1486/1486/1486 1485/1485/1485
f 1485/1485/1485 1486/1486/1486 1487/1487/1487
f 1486/1486/1486 1488/1488/1488 1487/1487/1487
f 1487/1487/1487 1488/1488/1488 1489/1489/1489
f 1488/1488/1488 1490/1490/1490 1489/1489/1489
f 1489/1489/1489 1490/1490/1490 1491/1491/1491
f 1490/1490/1490 1492/1492/1492 1491/1491/1491
f 1491/1491/1491 1492/1492/1492 1493/1493/1493
f 1492/1492/1492 1494/1494/1494 1493/1493/1493
f 1493/1493/1493 1494/1494/1494 1495/1495/1495
f 1494/1494/1494 1496/1496/1496 1495/1495/1495
f 1496/1496/1496 1497/1497/1497 1495/1495/1495
f 1497/1497/1497 1498/1498/1498 1495/1495/1495
f 1501/1501/1501 1500/1500/1500 1499/1499/1499
f 1502/1502/1502 1501/1501/1501 1499/1499/1499
f 1503/1503/1503 1501/1501/1501 1502/1502/1502
f 1504/1504/1504 1503/1503/1503 1502/1502/1502
f 1505/1505/1505 1503/1503/1503 1504/1504/1504
f 1506/1506/1506 1505/1505/1505 1504/1504/1504
f 1507/1507/1507 1505/1505/1505 1506/1506/1506
f 1508/1508/1508 1507/1507/1507 1506/1506/1506
f 1509/1509/1509 1507/1507/1507 1508/1508/1508
f 1510/1510/1510 1509/1509/1509 1508/1508/1508
f 1511/1511/1511 1509/1509/1509 1510/1510/1510
f 1512/1512/1512 1511/1511/1511 1510/1510/1510
f 1513/1513/1513 1511/1511/1511 1512/1512/1512
f 1514/1514/1514 1513/1513/1513 1512/1512/1512
f 1515/1515/1515 1513/1513/1513 1514/1514/1514
f 1516/1516/1516 1515/1515/1515 1514/1514/1514
f 1517/1517/1517 1515/1515/1515 1516/1516/1516
f 1518/1518/1518 1517/1517/1517 1516/1516/1516
f 1519/1519/1519 1517/1517/1517 1518/1518/1518
f 1520/1520/1520 1519/1519/1519 1518/1518/1518
f 1521/1521/1521 1519/1519/1519 1520/1520/1520
f 1522/1522/1522 1521/1521/1521 1520/1520/1520
f 1523/1523/1523 1521/1521/1521 1522/1522/1522
f 1524/1524/1524 1523/1523/1523 1522/1522/1522
f 1525/1525/1525 1523/1523/1523 1524/1524/1524
f 1526/1526/1526 1525/1525/1525 1524/1524/1524
f 1527/1527/1527 1525/1525/1525 1526/1526/1526
f 1528/1528/1528 1527/1527/1527 1526/1526/1526
f 1529/1529/1529 1527/1527/1527 1528/1528/1528
f 1530/1530/1530 1529/1529/1529 1528/1528/1528
f 1531/1531/1531 1529/1529/1529 1530/1530/1530
f 1532/1532/1532 1531/1531/1531 1530/1530/1530
f 1533/1533/1533 1531/1531/1531 1532/1532/1532
f 1534/1534/1534 1533/1533/1533 1532/1532/1532
f 1535/1535/1535 1533/1533/1533 1534/1534/1534
f 1536/1536/1536 1535/1535/1535 1534/1534/1534
f 1537/1537/1537 1535/1535/1535 1536/1536/1536
f 1538/1538/1538 1537/1537/1537 1536/1536/1536
f 1539/1539/1539 1537/1537/1537 1538/1538/1538
f 1540/1540/1540 1539/1539/1539 1538/1538/1538
f 1541/1541/1541 1539/1539/1539 1540/1540/1540
f 1542/1542/1542 1541/1541/1541 1540/1540/1540
f 1543/1543/1543 1541/1541/1541 1542/1542/1542
f 1544/1544/1544 1543/1543/1543 1542/1542/1542
f 1545/1545/1545 1543/1543/1543 1544/1544/1544
f 1546/1546/1546 1545/1545/1545 1544/1544/1544
f 1547/1547/1547 1545/1545/1545 1546/1546/1546
f 1548/1548/1548 1547/1547/1547 1546/1546/1546
f 1549/1549/1549 1547/1547/1547 1548/1548/1548
f 1550/1550/1550 1549/1549/1549 1548/1548/1548
f 1551/1551/1551 1549/1549/1549 1550/1550/1550
f 1552/1552/1552 1551/1551/1551 1550/1550/1550
f 1553/1553/1553 1551/1551/1551 1552/1552/1552
f 1554/1554/1554 1553/1553/1553 1552/1552/1552
f 1555/1555/1555 1553/1553/1553 1554/1554/1554
f 1556/1556/1556 1555/1555/1555 1554/1554/1554
f 1557/1557/1557 1555/1555/1555 1556/1556/1556
f 1558/1558/1558 1557/1557/1557 1556/1556/1556
f 1559/1559/1559 1557/1557/1557 1558/1558/1558
f 1560/1560/1560 1559/1559/1559 1558/1558/1558
f 1561/1561/1561 1559/1559/1559 1560/1560/1560
f 1562/1562/1562 1561/1561/1561 1560/1560/1560
f 1561/1561/1561 1562/1562/1562 1563/1563/1563
f 1564/1564/1564 1561/1561/1561 1563/1563/1563
f 1564/1564/1564 1563/1563/1563 1565/1565/1565
f 1566/1566/1566 1564/1564/1564 1565/1565/1565
f 1566/1566/1566 1565/1565/1565 1567/1567/1567
f 1568/1568/1568 1566/1566/1566 1567/1567/1567
f 1568/1568/1568 1567/1567/1567 1569/1569/1569
f 1570/1570/1570 1568/1568/1568 1569/1569/1569
f 1570/1570/1570 1569/1569/1569 1571/1571/1571
f 1572/1572/1572 1570/1570/1570 1571/1571/1571
f 1572/1572/1572 1571/1571/1571 1573/1573/1573
f 1574/1574/1574 1572/1572/1572 1573/1573/1573
f 1574/1574/1574 1573/1573/1573 1575/1575/1575
f 1576/1576/1576 1574/1574/1574 1575/1575/1575
f 1576/1576/1576 1575/1575/1575 1577/1577/1577
f 1578/1578/1578 1576/1576/1576 1577/1577/1577
f 1578/1578/1578 1577/1577/1577 1579/1579/1579
f 1580/1580/1580 1578/1578/1578 1579/1579/1579
f 1580/1580/1580 1579/1579/1579 1581/1581/1581
f 1582/1582/1582 1580/1580/1580 1581/1581/1581
f 1582/1582/1582 1581/1581/1581 1583/1583/1583
f 1584/1584/1584 1582/1582/1582 1583/1583/1583
f 1584/1584/1584 1583/1583/1583 1585/1585/1585
f 1586/1586/1586 1584/1584/1584 1585/1585/1585
f 1586/1586/1586 1585/1585/1585 1587/1587/1587
f 1588/1588/1588 1586/1586/1586 1587/1587/1587
f 1588/1588/1588 1587/1587/1587 1589/1589/1589
f 1590/1590/1590 1588/1588/1588 1589/1589/1589
f 1590/1590/1590 1589/1589/1589 1591/1591/1591
f 1592/1592/1592 1590/1590/1590 1591/1591/1591
f 1592/1592/1592 1591/1591/1591 1593/1593/1593
f 1594/1594/1594 1592/1592/1592 1593/1593/1593
f 1594/1594/1594 1593/1593/1593 1595/1595/1595
f 1596/1596/1596 1594/1594/1594 1595/1595/1595
f 1596/1596/1596 1595/1595/1595 1597/1597/1597
f 1598/1598/1598 1596/1596/1596 1597/1597/1597
f 1598/1598/1598 1597/1597/1597 1599/1599/1599
f 1600/1600/1600 1598/1598/1598 1599/1599/1599
f 1600/1600/1600 1599/1599/1599 1601/1601/1601
f 1602/1602/1602 1600/1600/1600 1601/1601/1601
f 1602/1602/1602 1601/1601/1601 1603/1603/1603
f 1604/1604/1604 1602/1602/1602 1603/1603/1603
f 1604/1604/1604 1603/1603/1603 1605/1605/1605
f 1606/1606/1606 1604/1604/1604 1605/1605/1605
f 1606/1606/1606 1605/1605/1605 1607/1607/1607
f 1608/1608/1608 1606/1606/1606 1607/1607/1607
f 1608/1608/1608 1607/1607/1607 1609/1609/1609
f 1610/1610/1610 1608/1608/1608 1609/1609/1609
f 1610/1610/1610 1609/1609/1609 1611/1611/1611
f 1612/1612/1612 1610/1610/1610 1611/1611/1611
f 1612/1612/1612 1611/1611/1611 1613/1613/1613
f 1614/1614/1614 1612/1612/1612 1613/1613/1613
f 1614/1614/1614 1613/1613/1613 1615/1615/1615
f 1616/1616/1616 1614/1614/1614 1615/1615/1615
f 1616/1616/1616 1615/1615/1615 1617/1617/1617
f 1618/1618/1618 1616/1616/1616 1617/1617/1617
f 1618/1618/1618 1617/1617/1617 1619/1619/1619
f 1620/1620/1620 1618/1618/1618 1619/1619/1619
f 1620/1620/1620 1619/1619/1619 1621/1621/1621
f 1622/1622/1622 1620/1620/1620 1621/1621/1621
f 1622/1622/1622 1621/1621/1621 1623/1623/1623
f 1624/1624/1624 1622/1622/1622 1623/1623/1623
f 1627/1627/1627 1626/1626/1626 1625/1625/1625
f 1628/1628/1628 1627/1627/1627 1625/1625/1625
f 1629/1629/1629 1627/1627/1627 1628/1628/1628
f 1630/1630/1630 1629/1629/1629 1628/1628/1628
f 1633/1633/1633 1632/1632/1632 1631/1631/1631
f 1634/1634/1634 1633/1633/1633 1631/1631/1631
f 1637/1637/1637 1636/1636/1636 1635/1635/1635
f 1636/1636/1636 1638/1638/1638 1635/1635/1635
f 1636/1636/1636 1639/1639/1639 1638/1638/1638
f 1639/1639/1639 1640/1640/1640 1638/1638/1638
f 1643/1643/1643 1642/1642/1642 1641/1641/1641
f 1644/1644/1644 1643/1643/1643 1641/1641/1641
f 1644/1644/1644 1641/1641/1641 1645/1645/1645
f 1646/1646/1646 1644/1644/1644 1645/1645/1645
f 1646/1646/1646 1645/1645/1645 1647/1647/1647
f 1648/1648/1648 1646/1646/1646 1647/1647/1647
f 1648/1648/1648 1647/1647/1647 1649/1649/1649
f 1650/1650/1650 1648/1648/1648 1649/1649/1649
f 1650/1650/1650 1649/1649/1649 1651/1651/1651
f 1652/1652/1652 1650/1650/1650 1651/1651/1651
f 1652/1652/1652 1651/1651/1651 1653/1653/1653
f 1654/1654/1654 1652/1652/1652 1653/1653/1653
f 1654/1654/1654 1653/1653/1653 1655/1655/1655
f 1656/1656/1656 1654/1654/1654 1655/1655/1655
f 1656/1656/1656 1655/1655/1655 1657/1657/1657
f 1658/1658/1658 1656/1656/1656 1657/1657/1657
f 1661/1661/1661 1660/1660/1660 1659/1659/1659
f 1662/1662/1662 1661/1661/1661 1659/1659/1659
f 1662/1662/1662 1659/1659/1659 1663/1663/1663
f 1664/1664/1664 1662/1662/1662 1663/1663/1663
f 1664/1664/1664 1663/1663/1663 1665/1665/1665
f 1666/1666/1666 1664/1664/1664 1665/1665/1665
f 1666/1666/1666 1665/1665/1665 1667/1667/1667
f 1668/1668/1668 1666/1666/1666 1667/1667/1667
f 1668/1668/1668 1667/1667/1667 1669/1669/1669
f 1670/1670/1670 1668/1668/1668 1669/1669/1669
f 1670/1670/1670 1669/1669/1669 1671/1671/1671
f 1672/1672/1672 1670/1670/1670 1671/1671/1671
f 1672/1672/1672 1671/1671/1671 1673/1673/1673
f 1674/1674/1674 1672/1672/1672 1673/1673/1673
f 1677/1677/1677 1676/1676/1676 1675/1675/1675
f 1678/1678/1678 1677/1677/1677 1675/1675/1675
f 1678/1678/1678 1675/1675/1675 1679/1679/1679
f 1680/1680/1680 1678/1678/1678 1679/1679/1679
f 1683/1683/1683 1682/1682/1682 1681/1681/1681
f 1684/1684/1684 1683/1683/1683 1681/1681/1681
f 1684/1684/1684 1681/1681/1681 1685/1685/1685
f 1686/1686/1686 1684/1684/1684 1685/1685/1685
f 1686/1686/1686 1685/1685/1685 1687/1687/1687
f 1688/1688/1688 1686/1686/1686 1687/1687/1687
f 1688/1688/1688 1687/1687/1687 1689/1689/1689
f 1690/1690/1690 1688/1688/1688 1689/1689/1689
f 1690/1690/1690 1689/1689/1689 1691/1691/1691
f 1692/1692/1692 1690/1690/1690 1691/1691/1691
f 1692/1692/1692 1691/1691/1691 1693/1693/1693
f 1694/1694/1694 1692/1692/1692 1693/1693/1693
f 1694/1694/1694 1693/1693/1693 1695/1695/1695
f 1696/1696/1696 1694/1694/1694 1695/1695/1695
f 1696/1696/1696 1695/1695/1695 1697/1697/1697
f 1698/1698/1698 1696/1696/1696 1697/1697/1697
f 1698/1698/1698 1697/1697/1697 1699/1699/1699
f 1700/1700/1700 1698/1698/1698 1699/1699/1699
f 1700/1700/1700 1699/1699/1699 1701/1701/1701
f 1702/1702/1702 1700/1700/1700 1701/1701/1701
f 1702/1702/1702 1701/1701/1701 1703/1703/1703
f 1704/1704/1704 1702/1702/1702 1703/1703/1703
f 1704/1704/1704 1703/1703/1703 1705/1705/1705
f 1706/1706/1706 1704/1704/1704 1705/1705/1705
f 1706/1706/1706 1705/1705/1705 1707/1707/1707
f 1708/1708/1708 1706/1706/1706 1707/1707/1707
f 1709/1709/1709 1708/1708/1708 1707/1707/1707
f 1710/1710/1710 1709/1709/1709 1707/1707/1707
f 1711/1711/1711 1709/1709/1709 1710/1710/1710
f 1712/1712/1712 1711/1711/1711 1710/1710/1710
f 1713/1713/1713 1711/1711/1711 1712/1712/1712
f 1714/1714/1714 1713/1713/1713 1712/1712/1712
f 1715/1715/1715 1713/1713/1713 1714/1714/1714
f 1716/1716/1716 1715/1715/1715 1714/1714/1714
f 1717/1717/1717 1715/1715/1715 1716/1716/1716
f 1718/1718/1718 1717/1717/1717 1716/1716/1716
f 1719/1719/1719 1717/1717/1717 1718/1718/1718
f 1720/1720/1720 1719/1719/1719 1718/1718/1718
f 1721/1721/1721 1719/1719/1719 1720/1720/1720
f 1722/1722/1722 1721/1721/1721 1720/1720/1720
f 1723/1723/1723 1721/1721/1721 1722/1722/1722
f 1724/1724/1724 1723/1723/1723 1722/1722/1722
f 1725/1725/1725 1723/1723/1723 1724/1724/1724
f 1726/1726/1726 1725/1725/1725 1724/1724/1724
f 1727/1727/1727 1725/1725/1725 1726/1726/1726
f 1728/1728/1728 1727/1727/1727 1726/1726/1726
f 1729/1729/1729 1727/1727/1727 1728/1728/1728
f 1730/1730/1730 1729/1729/1729 1728/1728/1728
f 1731/1731/1731 1729/1729/1729 1730/1730/1730
f 1732/1732/1732 1731/1731/1731 1730/1730/1730
f 1733/1733/1733 1731/1731/1731 1732/1732/1732
f 1734/1734/1734 1733/1733/1733 1732/1732/1732
f 1737/1737/1737 1736/1736/1736 1735/1735/1735
f 1736/1736/1736 1738/1738/1738 1735/1735/1735
f 1736/1736/1736 1739/1739/1739 1738/1738/1738
f 1739/1739/1739 1740/1740/1740 1738/1738/1738
f 1739/1739/1739 1741/1741/1741 1740/1740/1740
f 1741/1741/1741 1742/1742/1742 1740/1740/1740
f 1741/1741/1741 1743/1743/1743 1742/1742/1742
f 1743/1743/1743 1744/1744/1744 1742/1742/1742
f 1743/1743/1743 1745/1745/1745 1744/1744/1744
f 1745/1745/1745 1746/1746/1746 1744/1744/1744
f 1745/1745/1745 1747/1747/1747 1746/1746/1746
f 1747/1747/1747 1748/1748/1748 1746/1746/1746
f 1747/1747/1747 1749/1749/1749 1748/1748/1748
f 1749/1749/1749 1750/1750/1750 1748/1748/1748
f 1749/1749/1749 1751/1751/1751 1750/1750/1750
f 1751/1751/1751 1752/1752/1752 1750/1750/1750
f 1751/1751/1751 1753/1753/1753 1752/1752/1752
f 1753/1753/1753 1754/1754/1754 1752/1752/1752
f 1753/1753/1753 1755/1755/1755 1754/1754/1754
f 1755/1755/1755 1756/1756/1756 1754/1754/1754
f 1755/1755/1755 1757/1757/1757 1756/1756/1756
f 1757/1757/1757 1758/1758/1758 1756/1756/1756
f 1757/1757/1757 1759/1759/1759 1758/1758/1758
f 1759/1759/1759 1760/1760/1760 1758/1758/1758
f 1759/1759/1759 1761/1761/1761 1760/1760/1760
f 1761/1761/1761 1762/1762/1762 1760/1760/1760
f 1761/1761/1761 1763/1763/1763 1762/1762/1762
f 1763/1763/1763 1764/1764/1764 1762/1762/1762
f 1763/1763/1763 1765/1765/1765 1764/1764/1764
f 1765/1765/1765 1766/1766/1766 1764/1764/1764
f 1765/1765/1765 1767/1767/1767 1766/1766/1766
f 1767/1767/1767 1768/1768/1768 1766/1766/1766
f 1767/1767/1767 1769/1769/1769 1768/1768/1768
f 1769/1769/1769 1770/1770/1770 1768/1768/1768
f 1769/1769/1769 1771/1771/1771 1770/1770/1770
f 1771/1771/1771 1772/1772/1772 1770/1770/1770
f 1771/1771/1771 1773/1773/1773 1772/1772/1772
f 1773/1773/1773 1774/1774/1774 1772/1772/1772
f 1773/1773/1773 1775/1775/1775 1774/1774/1774
f 1775/1775/1775 1776/1776/1776 1774/1774/1774
f 1775/1775/1775 1777/1777/1777 1776/1776/1776
f 1777/1777/1777 1778/1778/1778 1776/1776/1776
f 1777/1777/1777 1779/1779/1779 1778/1778/1778
f 1779/1779/1779 1780/1780/1780 1778/1778/1778
f 1779/1779/1779 1781/1781/1781 1780/1780/1780
f 1781/1781/1781 1782/1782/1782 1780/1780/1780
f 1781/1781/1781 1783/1783/1783 1782/1782/1782
f 1783/1783/1783 1784/1784/1784 1782/1782/1782
f 1783/1783/1783 1785/1785/1785 1784/1784/1784
f 1785/1785/1785 1786/1786/1786 1784/1784/1784
f 1785/1785/1785 1787/1787/1787 1786/1786/1786
f 1787/1787/1787 1788/1788/1788 1786/1786/1786
f 1787/1787/1787 1789/1789/1789 1788/1788/1788
f 1789/1789/1789 1790/1790/1790 1788/1788/1788
f 1789/1789/1789 1791/1791/1791 1790/1790/1790
f 1791/1791/1791 1792/1792/1792 1790/1790/1790
f 1791/1791/1791 1793/1793/1793 1792/1792/1792
f 1793/1793/1793 1794/1794/1794 1792/1792/1792
f 1793/1793/1793 1795/1795/1795 1794/1794/1794
f 1795/1795/1795 1796/1796/1796 1794/1794/1794
f 1795/1795/1795 1797/1797/1797 1796/1796/1796
f 1797/1797/1797 1798/1798/1798 1796/1796/1796
f 1798/1798/1798 1797/1797/1797 1799/1799/1799
f 1797/1797/1797 1800/1800/1800 1799/1799/1799
f 1799/1799/1799 1800/1800/1800 1801/1801/1801
f 1800/1800/1800 1802/1802/1802 1801/1801/1801
f 1801/1801/1801 1802/1802/1802 1803/1803/1803
f 1802/1802/1802 1804/1804/1804 1803/1803/1803
f 1803/1803/1803 1804/1804/1804 1805/1805/1805
f 1804/1804/1804 1806/1806/1806 1805/1805/1805
f 1805/1805/1805 1806/1806/1806 1807/1807/1807
f 1806/1806/1806 1808/1808/1808 1807/1807/1807
f 1807/1807/1807 1808/1808/1808 1809/1809/1809
f 1808/1808/1808 1810/1810/1810 1809/1809/1809
f 1809/1809/1809 1810/1810/1810 1811/1811/1811
f 1810/1810/1810 1812/1812/1812 1811/1811/1811
f 1811/1811/1811 1812/1812/1812 1813/1813/1813
f 1812/1812/1812 1814/1814/1814 1813/1813/1813
f 1813/1813/1813 1814/1814/1814 1815/1815/1815
f 1814/1814/1814 1816/1816/1816 1815/1815/1815
f 1815/1815/1815 1816/1816/1816 1817/1817/1817
f 1816/1816/1816 1818/1818/1818 1817/1817/1817
f 1817/1817/1817 1818/1818/1818 1819/1819/1819
f 1818/1818/1818 1820/1820/1820 1819/1819/1819
f 1819/1819/1819 1820/1820/1820 1821/1821/1821
f 1820/1820/1820 1822/1822/1822 1821/1821/1821
f 1821/1821/1821 1822/1822/1822 1823/1823/1823
f 1822/1822/1822 1824/1824/1824 1823/1823/1823
f 1823/1823/1823 1824/1824/1824 1825/1825/1825
f 1824/1824/1824 1826/1826/1826 1825/1825/1825
f 1825/1825/1825 1826/1826/1826 1827/1827/1827
f 1826/1826/1826 1828/1828/1828 1827/1827/1827
f 1827/1827/1827 1828/1828/1828 1829/1829/1829
f 1828/1828/1828 1830/1830/1830 1829/1829/1829
f 1829/1829/1829 1830/1830/1830 1831/1831/1831
f 1830/1830/1830 1832/1832/1832 1831/1831/1831
f 1831/1831/1831 1832/1832/1832 1833/1833/1833
f 1832/1832/1832 1834/1834/1834 1833/1833/1833
f 1833/1833/1833 1834/1834/1834 1835/1835/1835
f 1834/1834/1834 1836/1836/1836 1835/1835/1835
f 1835/1835/1835 1836/1836/1836 1837/1837/1837
f 1836/1836/1836 1838/1838/1838 1837/1837/1837
f 1837/1837/1837 1838/1838/1838 1839/1839/1839
f 1838/1838/1838 1840/1840/1840 1839/1839/1839
f 1839/1839/1839 1840/1840/1840 1841/1841/1841
f 1840/1840/1840 1842/1842/1842 1841/1841/1841
f 1841/1841/1841 1842/1842/1842 1843/1843/1843
f 1842/1842/1842 1844/1844/1844 1843/1843/1843
f 1843/1843/1843 1844/1844/1844 1845/1845/1845
f 1844/1844/1844 1846/1846/1846 1845/1845/1845
f 1845/1845/1845 1846/1846/1846 1847/1847/1847
f 1846/1846/1846 1848/1848/1848 1847/1847/1847
f 1847/1847/1847 1848/1848/1848 1849/1849/1849
f 1848/1848/1848 1850/1850/1850 1849/1849/1849
f 1849/1849/1849 1850/1850/1850 1851/1851/1851
f 1850/1850/1850 1852/1852/1852 1851/1851/1851
f 1851/1851/1851 1852/1852/1852 1853/1853/1853
f 1852/1852/1852 1854/1854/1854 1853/1853/1853
f 1853/1853/1853 1854/1854/1854 1855/1855/1855
f 1854/1854/1854 1856/1856/1856 1855/1855/1855
f 1855/1855/1855 1856/1856/1856 1857/1857/1857
f 1856/1856/1856 1858/1858/1858 1857/1857/1857
f 1857/1857/1857 1858/1858/1858 1859/1859/1859
f 1858/1858/1858 1860/1860/1860 1859/1859/1859
f 1863/1863/1863 1862/1862/1862 1861/1861/1861
f 1864/1864/1864 1863/1863/1863 1861/1861/1861
f 1864/1864/1864 1861/1861/1861 1865/1865/1865
f 1866/1866/1866 1864/1864/1864 1865/1865/1865
f 1869/1869/1869 1868/1868/1868 1867/1867/1867
f 1870/1870/1870 1869/1869/1869 1867/1867/1867
f 1873/1873/1873 1872/1872/1872 1871/1871/1871
f 1874/1874/1874 1873/1873/1873 1871/1871/1871
f 1877/1877/1877 1876/1876/1876 1875/1875/1875
f 1878/1878/1878 1877/1877/1877 1875/1875/1875
f 1881/1881/1881 1880/1880/1880 1879/1879/1879
f 1882/1882/1882 1881/1881/1881 1879/1879/1879
f 1885/1885/1885 1884/1884/1884 1883/1883/1883
f 1886/1886/1886 1885/1885/1885 1883/1883/1883
f 1889/1889/1889 1888/1888/1888 1887/1887/1887
f 1890/1890/1890 1889/1889/1889 1887/1887/1887
f 1891/1891/1891 1889/1889/1889 1890/1890/1890
f 1892/1892/1892 1891/1891/1891 1890/1890/1890
f 1895/1895/1895 1894/1894/1894 1893/1893/1893
f 1896/1896/1896 1895/1895/1895 1893/1893/1893
f 1899/1899/1899 1898/1898/1898 1897/1897/1897
f 1898/1898/1898 1900/1900/1900 1897/1897/1897
f 1898/1898/1898 1901/1901/1901 1900/1900/1900
f 1901/1901/1901 1902/1902/1902 1900/1900/1900
f 1905/1905/1905 1904/1904/1904 1903/1903/1903
f 1906/1906/1906 1905/1905/1905 1903/1903/1903
f 1909/1909/1909 1908/1908/1908 1907/1907/1907
f 1910/1910/1910 1909/1909/1909 1907/1907/1907
f 1911/1911/1911 1909/1909/1909 1910/1910/1910
f 1912/1912/1912 1911/1911/1911 1910/1910/1910
f 1915/1915/1915 1914/1914/1914 1913/1913/1913
f 1914/1914/1914 1916/1916/1916 1913/1913/1913
f 1913/1913/1913 1916/1916/1916 1917/1917/1917
f 1916/1916/1916 1918/1918/1918 1917/1917/1917
f 1917/1917/1917 1918/1918/1918 1919/1919/1919
f 1918/1918/1918 1920/1920/1920 1919/1919/1919
f 1919/1919/1919 1920/1920/1920 1921/1921/1921
f 1920/1920/1920 1922/1922/1922 1921/1921/1921
f 1921/1921/1921 1922/1922/1922 1923/1923/1923
f 1922/1922/1922 1924/1924/1924 1923/1923/1923
f 1923/1923/1923 1924/1924/1924 1925/1925/1925
f 1924/1924/1924 1926/1926/1926 1925/1925/1925
f 1925/1925/1925 1926/1926/1926 1927/1927/1927
f 1926/1926/1926 1928/1928/1928 1927/1927/1927
f 1927/1927/1927 1928/1928/1928 1929/1929/1929
f 1928/1928/1928 1930/1930/1930 1929/1929/1929
f 1933/1933/1933 1932/1932/1932 1931/1931/1931
f 1932/1932/1932 1934/1934/1934 1931/1931/1931
f 1931/1931/1931 1934/1934/1934 1935/1935/1935
f 1934/1934/1934 1936/1936/1936 1935/1935/1935
f 1935/1935/1935 1936/1936/1936 1937/1937/1937
f 1936/1936/1936 1938/1938/1938 1937/1937/1937
f 1937/1937/1937 1938/1938/1938 1939/1939/1939
f 1938/1938/1938 1940/1940/1940 1939/1939/1939
f 1939/1939/1939 1940/1940/1940 1941/1941/1941
f 1940/1940/1940 1942/1942/1942 1941/1941/1941
f 1941/1941/1941 1942/1942/1942 1943/1943/1943
f 1942/1942/1942 1944/1944/1944 1943/1943/1943
f 1943/1943/1943 1944/1944/1944 1945/1945/1945
f 1944/1944/1944 1946/1946/1946 1945/1945/1945
f 1949/1949/1949 1948/1948/1948 1947/1947/1947
f 1948/1948/1948 1950/1950/1950 1947/1947/1947
f 1947/1947/1947 1950/1950/1950 1951/1951/1951
f 1950/1950/1950 1952/1952/1952 1951/1951/1951
f 1955/1955/1955 1954/1954/1954 1953/1953/1953
f 1956/1956/1956 1955/1955/1955 1953/1953/1953
f 1959/1959/1959 1958/1958/1958 1957/1957/1957
f 1960/1960/1960 1959/1959/1959 1957/1957/1957
f 1963/1963/1963 1962/1962/1962 1961/1961/1961
f 1964/1964/1964 1963/1963/1963 1961/1961/1961
f 1967/1967/1967 1966/1966/1966 1965/1965/1965
f 1968/1968/1968 1967/1967/1967 1965/1965/1965
f 1971/1971/1971 1970/1970/1970 1969/1969/1969
f 1972/1972/1972 1971/1971/1971 1969/1969/1969
f 1975/1975/1975 1974/1974/1974 1973/1973/1973
f 1974/1974/1974 1976/1976/1976 1973/1973/1973
f 1974/1974/1974 1977/1977/1977 1976/1976/1976
f 1977/1977/1977 1978/1978/1978 1976/1976/1976
f 1977/1977/1977 1979/1979/1979 1978/1978/1978
f 1979/1979/1979 1980/1980/1980 1978/1978/1978
f 1979/1979/1979 1981/1981/1981 1980/1980/1980
f 1981/1981/1981 1982/1982/1982 1980/1980/1980
f 1981/1981/1981 1983/1983/1983 1982/1982/1982
f 1983/1983/1983 1984/1984/1984 1982/1982/1982
f 1987/1987/1987 1986/1986/1986 1985/1985/1985
f 1988/1988/1988 1987/1987/1987 1985/1985/1985
f 1991/1991/1991 1990/1990/1990 1989/1989/1989
f 1990/1990/1990 1992/1992/1992 1989/1989/1989
f 1990/1990/1990 1993/1993/1993 1992/1992/1992
f 1993/1993/1993 1994/1994/1994 1992/1992/1992
f 1993/1993/1993 1995/1995/1995 1994/1994/1994
f 1995/1995/1995 1996/1996/1996 1994/1994/1994
f 1994/1994/1994 1996/1996/1996 1997/1997/1997
f 1995/1995/1995 1998/1998/1998 1996/1996/1996
f 1996/1996/1996 1999/1999/1999 1997/1997/1997
f 1997/1997/1997 1999/1999/1999 2000/2000/2000
f 1998/1998/1998 2001/2001/2001 1996/1996/1996
f 1996/1996/1996 2001/2001/2001 1999/1999/1999
f 1998/1998/1998 2002/2002/2002 2001/2001/2001
f 2002/2002/2002 2003/2003/2003 2001/2001/2001
f 2002/2002/2002 2004/2004/2004 2003/2003/2003
f 2001/2001/2001 2005/2005/2005 1999/1999/1999
f 2001/2001/2001 2003/2003/2003 2005/2005/2005
f 1999/1999/1999 2006/2006/2006 2000/2000/2000
f 1999/1999/1999 2005/2005/2005 2006/2006/2006
f 2004/2004/2004 2007/2007/2007 2003/2003/2003
f 2004/2004/2004 2008/2008/2008 2007/2007/2007
f 2006/2006/2006 2009/2009/2009 2000/2000/2000
f 2009/2009/2009 2010/2010/2010 2000/2000/2000
f 2011/2011/2011 2009/2009/2009 2006/2006/2006
f 2012/2012/2012 2011/2011/2011 2006/2006/2006
f 2005/2005/2005 2012/2012/2012 2006/2006/2006
f 2013/2013/2013 2011/2011/2011 2012/2012/2012
f 2003/2003/2003 2014/2014/2014 2005/2005/2005
f 2005/2005/2005 2014/2014/2014 2012/2012/2012
f 2003/2003/2003 2007/2007/2007 2014/2014/2014
f 2015/2015/2015 2013/2013/2013 2012/2012/2012
f 2014/2014/2014 2015/2015/2015 2012/2012/2012
f 2016/2016/2016 2013/2013/2013 2015/2015/2015
f 2008/2008/2008 2017/2017/2017 2007/2007/2007
f 2008/2008/2008 2018/2018/2018 2017/2017/2017
f 2007/2007/2007 2019/2019/2019 2014/2014/2014
f 2014/2014/2014 2019/2019/2019 2015/2015/2015
f 2007/2007/2007 2017/2017/2017 2019/2019/2019
f 2020/2020/2020 2016/2016/2016 2015/2015/2015
f 2019/2019/2019 2020/2020/2020 2015/2015/2015
f 2021/2021/2021 2016/2016/2016 2020/2020/2020
f 2018/2018/2018 2022/2022/2022 2017/2017/2017
f 2018/2018/2018 2023/2023/2023 2022/2022/2022
f 2017/2017/2017 2024/2024/2024 2019/2019/2019
f 2019/2019/2019 2024/2024/2024 2020/2020/2020
f 2017/2017/2017 2022/2022/2022 2024/2024/2024
f 2023/2023/2023 2025/2025/2025 2022/2022/2022
f 2023/2023/2023 2026/2026/2026 2025/2025/2025
f 2026/2026/2026 2027/2027/2027 2025/2025/2025
f 2022/2022/2022 2028/2028/2028 2024/2024/2024
f 2029/2029/2029 2021/2021/2021 2020/2020/2020
f 2024/2024/2024 2029/2029/2029 2020/2020/2020
f 2024/2024/2024 2028/2028/2028 2029/2029/2029
f 2030/2030/2030 2021/2021/2021 2029/2029/2029
f 2028/2028/2028 2031/2031/2031 2029/2029/2029
f 2031/2031/2031 2030/2030/2030 2029/2029/2029
f 2034/2034/2034 2033/2033/2033 2032/2032/2032
f 2035/2035/2035 2034/2034/2034 2032/2032/2032
f 2036/2036/2036 2034/2034/2034 2035/2035/2035
f 2037/2037/2037 2036/2036/2036 2035/2035/2035
f 2038/2038/2038 2035/2035/2035 2032/2032/2032
f 2039/2039/2039 2038/2038/2038 2032/2032/2032
f 2039/2039/2039 2032/2032/2032 2040/2040/2040
f 2041/2041/2041 2039/2039/2039 2040/2040/2040
f 2041/2041/2041 2040/2040/2040 2042/2042/2042
f 2043/2043/2043 2041/2041/2041 2042/2042/2042
f 2043/2043/2043 2042/2042/2042 2044/2044/2044
f 2045/2045/2045 2043/2043/2043 2044/2044/2044
f 2045/2045/2045 2044/2044/2044 2046/2046/2046
f 2047/2047/2047 2045/2045/2045 2046/2046/2046
f 2047/2047/2047 2046/2046/2046 2048/2048/2048
f 2049/2049/2049 2047/2047/2047 2048/2048/2048
f 2049/2049/2049 2048/2048/2048 2050/2050/2050
f 2051/2051/2051 2049/2049/2049 2050/2050/2050
f 2051/2051/2051 2050/2050/2050 2052/2052/2052
f 2053/2053/2053 2051/2051/2051 2052/2052/2052
f 2053/2053/2053 2052/2052/2052 2054/2054/2054
f 2053/2053/2053 2055/2055/2055 2051/2051/2051
f 2055/2055/2055 2056/2056/2056 2051/2051/2051
f 2057/2057/2057 2055/2055/2055 2053/2053/2053
f 2058/2058/2058 2057/2057/2057 2053/2053/2053
f 2058/2058/2058 2053/2053/2053 2054/2054/2054
f 2054/2054/2054 2059/2059/2059 2058/2058/2058
f 2062/2062/2062 2061/2061/2061 2060/2060/2060
f 2063/2063/2063 2062/2062/2062 2060/2060/2060
f 2064/2064/2064 2062/2062/2062 2063/2063/2063
f 2065/2065/2065 2064/2064/2064 2063/2063/2063
f 2066/2066/2066 2063/2063/2063 2060/2060/2060
f 2067/2067/2067 2066/2066/2066 2060/2060/2060
f 2066/2066/2066 2068/2068/2068 2063/2063/2063
f 2068/2068/2068 2065/2065/2065 2063/2063/2063
f 2067/2067/2067 2060/2060/2060 2069/2069/2069
f 2068/2068/2068 2070/2070/2070 2065/2065/2065
f 2071/2071/2071 2067/2067/2067 2069/2069/2069
f 2070/2070/2070 2072/2072/2072 2065/2065/2065
f 2070/2070/2070 2073/2073/2073 2072/2072/2072
f 2073/2073/2073 2074/2074/2074 2072/2072/2072
f 2071/2071/2071 2069/2069/2069 2075/2075/2075
f 2076/2076/2076 2071/2071/2071 2075/2075/2075
f 2076/2076/2076 2075/2075/2075 2077/2077/2077
f 2078/2078/2078 2076/2076/2076 2077/2077/2077
f 2078/2078/2078 2077/2077/2077 2079/2079/2079
f 2080/2080/2080 2078/2078/2078 2079/2079/2079
f 2080/2080/2080 2079/2079/2079 2081/2081/2081
f 2082/2082/2082 2080/2080/2080 2081/2081/2081
f 2082/2082/2082 2081/2081/2081 2083/2083/2083
f 2084/2084/2084 2082/2082/2082 2083/2083/2083
f 2084/2084/2084 2083/2083/2083 2085/2085/2085
f 2086/2086/2086 2084/2084/2084 2085/2085/2085
f 2089/2089/2089 2088/2088/2088 2087/2087/2087
f 2088/2088/2088 2090/2090/2090 2087/2087/2087
f 2088/2088/2088 2091/2091/2091 2090/2090/2090
f 2091/2091/2091 2092/2092/2092 2090/2090/2090
f 2091/2091/2091 2093/2093/2093 2092/2092/2092
f 2093/2093/2093 2094/2094/2094 2092/2092/2092
f 2093/2093/2093 2095/2095/2095 2094/2094/2094
f 2095/2095/2095 2096/2096/2096 2094/2094/2094
f 2095/2095/2095 2097/2097/2097 2096/2096/2096
f 2097/2097/2097 2098/2098/2098 2096/2096/2096
f 2097/2097/2097 2099/2099/2099 2098/2098/2098
f 2099/2099/2099 2100/2100/2100 2098/2098/2098
f 2099/2099/2099 2101/2101/2101 2100/2100/2100
f 2101/2101/2101 2102/2102/2102 2100/2100/2100
f 2105/2105/2105 2104/2104/2104 2103/2103/2103
f 2104/2104/2104 2106/2106/2106 2103/2103/2103
f 2103/2103/2103 2106/2106/2106 2107/2107/2107
f 2106/2106/2106 2108/2108/2108 2107/2107/2107
f 2106/2106/2106 2109/2109/2109 2108/2108/2108
f 2109/2109/2109 2110/2110/2110 2108/2108/2108
f 2108/2108/2108 2110/2110/2110 2111/2111/2111
f 2110/2110/2110 2112/2112/2112 2111/2111/2111
f 2111/2111/2111 2114/2114/2114 2113/2113/2113
f 2115/2115/2115 2111/2111/2111 2113/2113/2113
f 2117/2117/2117 2111/2111/2111 2116/2116/2116
f 2118/2118/2118 2117/2117/2117 2116/2116/2116
f 2121/2121/2121 2120/2120/2120 2119/2119/2119
f 2121/2121/2121 2119/2119/2119 2122/2122/2122
f 2122/2122/2122 2123/2123/2123 2121/2121/2121
f 2123/2123/2123 2122/2122/2122 2124/2124/2124
f 2123/2123/2123 2124/2124/2124 2125/2125/2125
f 2122/2122/2122 2126/2126/2126 2124/2124/2124
f 2122/2122/2122 2127/2127/2127 2126/2126/2126
f 2127/2127/2127 2128/2128/2128 2126/2126/2126
f 2127/2127/2127 2129/2129/2129 2128/2128/2128
f 2130/2130/2130 2123/2123/2123 2125/2125/2125
f 2130/2130/2130 2125/2125/2125 2037/2037/2037
f 2131/2131/2131 2130/2130/2130 2037/2037/2037
f 2131/2131/2131 2037/2037/2037 2035/2035/2035
f 2038/2038/2038 2131/2131/2131 2035/2035/2035
f 2038/2038/2038 2132/2132/2132 2131/2131/2131
f 2132/2132/2132 2133/2133/2133 2131/2131/2131
f 2131/2131/2131 2133/2133/2133 2130/2130/2130
f 2133/2133/2133 2134/2134/2134 2130/2130/2130
f 2133/2133/2133 2135/2135/2135 2134/2134/2134
f 2135/2135/2135 2136/2136/2136 2134/2134/2134
f 2139/2139/2139 2138/2138/2138 2137/2137/2137
f 2138/2138/2138 2140/2140/2140 2137/2137/2137
f 2138/2138/2138 2141/2141/2141 2140/2140/2140
f 2141/2141/2141 2142/2142/2142 2140/2140/2140
f 2145/2145/2145 2144/2144/2144 2143/2143/2143
f 2146/2146/2146 2145/2145/2145 2143/2143/2143
f 2146/2146/2146 2143/2143/2143 2147/2147/2147
f 2148/2148/2148 2146/2146/2146 2147/2147/2147
f 2148/2148/2148 2147/2147/2147 2149/2149/2149
f 2150/2150/2150 2148/2148/2148 2149/2149/2149
f 2150/2150/2150 2149/2149/2149 2151/2151/2151
f 2152/2152/2152 2150/2150/2150 2151/2151/2151
f 2155/2155/2155 2154/2154/2154 2153/2153/2153
f 2154/2154/2154 2156/2156/2156 2153/2153/2153
f 2154/2154/2154 2157/2157/2157 2156/2156/2156
f 2157/2157/2157 2158/2158/2158 2156/2156/2156
f 2161/2161/2161 2160/2160/2160 2159/2159/2159
f 2162/2162/2162 2161/2161/2161 2159/2159/2159
f 2163/2163/2163 2161/2161/2161 2162/2162/2162
f 2164/2164/2164 2163/2163/2163 2162/2162/2162
f 2165/2165/2165 2162/2162/2162 2159/2159/2159
f 2166/2166/2166 2165/2165/2165 2159/2159/2159
f 2166/2166/2166 2159/2159/2159 2167/2167/2167
f 2168/2168/2168 2166/2166/2166 2167/2167/2167
f 2165/2165/2165 2169/2169/2169 2162/2162/2162
f 2169/2169/2169 2164/2164/2164 2162/2162/2162
f 2169/2169/2169 2170/2170/2170 2164/2164/2164
f 2170/2170/2170 2171/2171/2171 2164/2164/2164
f 2170/2170/2170 2172/2172/2172 2171/2171/2171
f 2172/2172/2172 2173/2173/2173 2171/2171/2171
f 2176/2176/2176 2175/2175/2175 2174/2174/2174
f 2177/2177/2177 2176/2176/2176 2174/2174/2174
f 2180/2180/2180 2179/2179/2179 2178/2178/2178
f 2179/2179/2179 2181/2181/2181 2178/2178/2178
f 2179/2179/2179 2182/2182/2182 2181/2181/2181
f 2182/2182/2182 2183/2183/2183 2181/2181/2181
f 2186/2186/2186 2185/2185/2185 2184/2184/2184
f 2187/2187/2187 2186/2186/2186 2184/2184/2184
f 2190/2190/2190 2189/2189/2189 2188/2188/2188
f 2191/2191/2191 2190/2190/2190 2188/2188/2188
f 2194/2194/2194 2193/2193/2193 2192/2192/2192
f 2195/2195/2195 2194/2194/2194 2192/2192/2192
f 2198/2198/2198 2197/2197/2197 2196/2196/2196
f 2196/2196/2196 2199/2199/2199 2198/2198/2198
f 2196/2196/2196 2200/2200/2200 2199/2199/2199
f 2203/2203/2203 2202/2202/2202 2201/2201/2201
f 2203/2203/2203 2201/2201/2201 2204/2204/2204
f 2204/2204/2204 2205/2205/2205 2203/2203/2203
f 2206/2206/2206 2203/2203/2203 2205/2205/2205
f 2207/2207/2207 2206/2206/2206 2205/2205/2205
f 2210/2210/2210 2209/2209/2209 2208/2208/2208
f 2211/2211/2211 2210/2210/2210 2208/2208/2208
f 2214/2214/2214 2213/2213/2213 2212/2212/2212
f 2213/2213/2213 2121/2121/2121 2212/2212/2212
f 2217/2217/2217 2216/2216/2216 2215/2215/2215
f 2216/2216/2216 2218/2218/2218 2215/2215/2215
f 2216/2216/2216 2219/2219/2219 2218/2218/2218
f 2219/2219/2219 2220/2220/2220 2218/2218/2218
f 2223/2223/2223 2222/2222/2222 2221/2221/2221
f 2224/2224/2224 2223/2223/2223 2221/2221/2221
f 2227/2227/2227 2226/2226/2226 2225/2225/2225
f 2228/2228/2228 2227/2227/2227 2225/2225/2225
f 2231/2231/2231 2230/2230/2230 2229/2229/2229
f 2232/2232/2232 2231/2231/2231 2229/2229/2229
f 2235/2235/2235 2234/2234/2234 2233/2233/2233
f 2234/2234/2234 2236/2236/2236 2233/2233/2233
f 2233/2233/2233 2236/2236/2236 2237/2237/2237
f 2236/2236/2236 2238/2238/2238 2237/2237/2237
f 2237/2237/2237 2238/2238/2238 2239/2239/2239
f 2238/2238/2238 2240/2240/2240 2239/2239/2239
f 2239/2239/2239 2240/2240/2240 2241/2241/2241
f 2240/2240/2240 2242/2242/2242 2241/2241/2241
f 2241/2241/2241 2242/2242/2242 2243/2243/2243
f 2242/2242/2242 2244/2244/2244 2243/2243/2243
f 2243/2243/2243 2244/2244/2244 2245/2245/2245
f 2244/2244/2244 2246/2246/2246 2245/2245/2245
f 2245/2245/2245 2246/2246/2246 2247/2247/2247
f 2246/2246/2246 2248/2248/2248 2247/2247/2247
f 2247/2247/2247 2248/2248/2248 2249/2249/2249
f 2248/2248/2248 2250/2250/2250 2249/2249/2249
f 2249/2249/2249 2250/2250/2250 2251/2251/2251
f 2250/2250/2250 2252/2252/2252 2251/2251/2251
f 2251/2251/2251 2252/2252/2252 2253/2253/2253
f 2252/2252/2252 2254/2254/2254 2253/2253/2253
f 2253/2253/2253 2254/2254/2254 2255/2255/2255
f 2254/2254/2254 2256/2256/2256 2255/2255/2255
f 2259/2259/2259 2258/2258/2258 2257/2257/2257
f 2258/2258/2258 2260/2260/2260 2257/2257/2257
f 2257/2257/2257 2260/2260/2260 2261/2261/2261
f 2260/2260/2260 2262/2262/2262 2261/2261/2261
f 2261/2261/2261 2262/2262/2262 2263/2263/2263
f 2262/2262/2262 2264/2264/2264 2263/2263/2263
f 2263/2263/2263 2264/2264/2264 2265/2265/2265
f 2264/2264/2264 2266/2266/2266 2265/2265/2265
f 2265/2265/2265 2266/2266/2266 2267/2267/2267
f 2266/2266/2266 2268/2268/2268 2267/2267/2267
f 2267/2267/2267 2268/2268/2268 2269/2269/2269
f 2268/2268/2268 2270/2270/2270 2269/2269/2269
f 2269/2269/2269 2270/2270/2270 2271/2271/2271
f 2270/2270/2270 2272/2272/2272 2271/2271/2271
f 2275/2275/2275 2274/2274/2274 2273/2273/2273
f 2276/2276/2276 2275/2275/2275 2273/2273/2273
f 2277/2277/2277 2275/2275/2275 2276/2276/2276
f 2278/2278/2278 2276/2276/2276 2273/2273/2273
f 2279/2279/2279 2278/2278/2278 2273/2273/2273
f 2278/2278/2278 2280/2280/2280 2276/2276/2276
f 2281/2281/2281 2277/2277/2277 2276/2276/2276
f 2280/2280/2280 2281/2281/2281 2276/2276/2276
f 2282/2282/2282 2277/2277/2277 2281/2281/2281
f 2280/2280/2280 2283/2283/2283 2281/2281/2281
f 2284/2284/2284 2282/2282/2282 2281/2281/2281
f 2283/2283/2283 2284/2284/2284 2281/2281/2281
f 2283/2283/2283 2285/2285/2285 2284/2284/2284
f 2286/2286/2286 2282/2282/2282 2284/2284/2284
f 2285/2285/2285 2287/2287/2287 2284/2284/2284
f 2287/2287/2287 2286/2286/2286 2284/2284/2284
f 2288/2288/2288 2286/2286/2286 2287/2287/2287
f 2289/2289/2289 2288/2288/2288 2287/2287/2287
f 2290/2290/2290 2288/2288/2288 2289/2289/2289
f 2291/2291/2291 2290/2290/2290 2289/2289/2289
f 2294/2294/2294 2293/2293/2293 2292/2292/2292
f 2293/2293/2293 2295/2295/2295 2292/2292/2292
f 2295/2295/2295 2297/2297/2297 2296/2296/2296
f 2297/2297/2297 2298/2298/2298 2296/2296/2296
f 2297/2297/2297 2300/2300/2300 2299/2299/2299
f 2300/2300/2300 2301/2301/2301 2299/2299/2299
f 2303/2303/2303 2292/2292/2292 2302/2302/2302
f 2304/2304/2304 2303/2303/2303 2302/2302/2302
f 2292/2292/2292 2306/2306/2306 2305/2305/2305
f 2307/2307/2307 2292/2292/2292 2305/2305/2305
f 2307/2307/2307 2309/2309/2309 2308/2308/2308
f 2310/2310/2310 2307/2307/2307 2308/2308/2308
f 2312/2312/2312 2310/2310/2310 2311/2311/2311
f 2313/2313/2313 2312/2312/2312 2311/2311/2311
f 2313/2313/2313 2311/2311/2311 2314/2314/2314
f 2315/2315/2315 2313/2313/2313 2314/2314/2314
f 2315/2315/2315 2314/2314/2314 2316/2316/2316
f 2317/2317/2317 2315/2315/2315 2316/2316/2316
f 2319/2319/2319 2318/2318/2318 2306/2306/2306
f 2320/2320/2320 2319/2319/2319 2306/2306/2306
f 2322/2322/2322 2321/2321/2321 2319/2319/2319
f 2321/2321/2321 2323/2323/2323 2319/2319/2319
f 2325/2325/2325 2324/2324/2324 2323/2323/2323
f 2324/2324/2324 2326/2326/2326 2323/2323/2323
f 2324/2324/2324 2327/2327/2327 2326/2326/2326
f 2327/2327/2327 2328/2328/2328 2326/2326/2326
f 2326/2326/2326 2328/2328/2328 2301/2301/2301
f 2327/2327/2327 2329/2329/2329 2328/2328/2328
f 2328/2328/2328 2330/2330/2330 2301/2301/2301
f 2329/2329/2329 2331/2331/2331 2328/2328/2328
f 2328/2328/2328 2331/2331/2331 2330/2330/2330
f 2331/2331/2331 2332/2332/2332 2330/2330/2330
f 2335/2335/2335 2334/2334/2334 2333/2333/2333
f 2336/2336/2336 2335/2335/2335 2333/2333/2333
f 2333/2333/2333 2338/2338/2338 2337/2337/2337
f 2338/2338/2338 2339/2339/2339 2337/2337/2337
f 2342/2342/2342 2341/2341/2341 2340/2340/2340
f 2341/2341/2341 2343/2343/2343 2340/2340/2340
f 2345/2345/2345 2344/2344/2344 2343/2343/2343
f 2344/2344/2344 2346/2346/2346 2343/2343/2343
f 2343/2343/2343 2348/2348/2348 2347/2347/2347
f 2348/2348/2348 2349/2349/2349 2347/2347/2347
f 2346/2346/2346 2350/2350/2350 2349/2349/2349
f 2350/2350/2350 2351/2351/2351 2349/2349/2349
f 2353/2353/2353 2347/2347/2347 2352/2352/2352
f 2354/2354/2354 2353/2353/2353 2352/2352/2352
f 2344/2344/2344 2356/2356/2356 2355/2355/2355
f 2356/2356/2356 2357/2357/2357 2355/2355/2355
f 2356/2356/2356 2359/2359/2359 2358/2358/2358
f 2359/2359/2359 2360/2360/2360 2358/2358/2358
f 2360/2360/2360 2361/2361/2361 2351/2351/2351
f 2362/2362/2362 2360/2360/2360 2351/2351/2351
f 2359/2359/2359 2363/2363/2363 2360/2360/2360
f 2363/2363/2363 2364/2364/2364 2360/2360/2360
f 2360/2360/2360 2364/2364/2364 2365/2365/2365
f 2363/2363/2363 2366/2366/2366 2364/2364/2364
f 2364/2364/2364 2367/2367/2367 2365/2365/2365
f 2366/2366/2366 2368/2368/2368 2364/2364/2364
f 2364/2364/2364 2368/2368/2368 2367/2367/2367
f 2366/2366/2366 2369/2369/2369 2368/2368/2368
f 2369/2369/2369 2370/2370/2370 2368/2368/2368
f 2368/2368/2368 2371/2371/2371 2367/2367/2367
f 2370/2370/2370 2373/2373/2373 2372/2372/2372
f 2373/2373/2373 2374/2374/2374 2372/2372/2372
f 2376/2376/2376 2375/2375/2375 2371/2371/2371
f 2377/2377/2377 2376/2376/2376 2371/2371/2371
f 2379/2379/2379 2378/2378/2378 2376/2376/2376
f 2380/2380/2380 2379/2379/2379 2376/2376/2376
f 2383/2383/2383 2382/2382/2382 2381/2381/2381
f 2382/2382/2382 2384/2384/2384 2381/2381/2381
f 2382/2382/2382 2385/2385/2385 2384/2384/2384
f 2385/2385/2385 2386/2386/2386 2384/2384/2384
f 2384/2384/2384 2388/2388/2388 2387/2387/2387
f 2388/2388/2388 2389/2389/2389 2387/2387/2387
f 2392/2392/2392 2391/2391/2391 2390/2390/2390
f 2393/2393/2393 2392/2392/2392 2390/2390/2390
f 2390/2390/2390 2395/2395/2395 2394/2394/2394
f 2396/2396/2396 2390/2390/2390 2394/2394/2394
f 2396/2396/2396 2394/2394/2394 2397/2397/2397
f 2398/2398/2398 2396/2396/2396 2397/2397/2397
f 2398/2398/2398 2397/2397/2397 2399/2399/2399
f 2400/2400/2400 2398/2398/2398 2399/2399/2399
f 2403/2403/2403 2402/2402/2402 2401/2401/2401
f 2404/2404/2404 2403/2403/2403 2401/2401/2401
f 2404/2404/2404 2401/2401/2401 2405/2405/2405
f 2406/2406/2406 2404/2404/2404 2405/2405/2405
f 2409/2409/2409 2408/2408/2408 2407/2407/2407
f 2410/2410/2410 2409/2409/2409 2407/2407/2407
f 2410/2410/2410 2407/2407/2407 2411/2411/2411
f 2412/2412/2412 2410/2410/2410 2411/2411/2411
f 2415/2415/2415 2414/2414/2414 2413/2413/2413
f 2416/2416/2416 2415/2415/2415 2413/2413/2413
f 2417/2417/2417 2415/2415/2415 2416/2416/2416
f 2418/2418/2418 2417/2417/2417 2416/2416/2416
f 2421/2421/2421 2420/2420/2420 2419/2419/2419
f 2420/2420/2420 2422/2422/2422 2419/2419/2419
f 2420/2420/2420 2423/2423/2423 2422/2422/2422
f 2423/2423/2423 2424/2424/2424 2422/2422/2422
f 2423/2423/2423 2425/2425/2425 2424/2424/2424
f 2425/2425/2425 2426/2426/2426 2424/2424/2424
f 2425/2425/2425 2427/2427/2427 2426/2426/2426
f 2427/2427/2427 2428/2428/2428 2426/2426/2426
f 2427/2427/2427 2429/2429/2429 2428/2428/2428
f 2429/2429/2429 2430/2430/2430 2428/2428/2428
f 2429/2429/2429 2431/2431/2431 2430/2430/2430
f 2431/2431/2431 2432/2432/2432 2430/2430/2430
f 2431/2431/2431 2433/2433/2433 2432/2432/2432
f 2433/2433/2433 2434/2434/2434 2432/2432/2432
f 2433/2433/2433 2435/2435/2435 2434/2434/2434
f 2435/2435/2435 2436/2436/2436 2434/2434/2434
f 2435/2435/2435 2437/2437/2437 2436/2436/2436
f 2437/2437/2437 2438/2438/2438 2436/2436/2436
f 2437/2437/2437 2439/2439/2439 2438/2438/2438
f 2439/2439/2439 2440/2440/2440 2438/2438/2438
f 2439/2439/2439 2442/2442/2442 2441/2441/2441
f 2442/2442/2442 2443/2443/2443 2441/2441/2441
f 2446/2446/2446 2445/2445/2445 2444/2444/2444
f 2447/2447/2447 2446/2446/2446 2444/2444/2444
f 2444/2444/2444 2449/2449/2449 2448/2448/2448
f 2449/2449/2449 2450/2450/2450 2448/2448/2448
f 2453/2453/2453 2452/2452/2452 2451/2451/2451
f 2452/2452/2452 2454/2454/2454 2451/2451/2451
f 2454/2454/2454 2455/2455/2455 2451/2451/2451
f 2455/2455/2455 2456/2456/2456 2451/2451/2451
f 2455/2455/2455 2458/2458/2458 2457/2457/2457
f 2458/2458/2458 2459/2459/2459 2457/2457/2457
f 2458/2458/2458 2460/2460/2460 2459/2459/2459
f 2460/2460/2460 2461/2461/2461 2459/2459/2459
f 2460/2460/2460 2462/2462/2462 2461/2461/2461
f 2462/2462/2462 2463/2463/2463 2461/2461/2461
f 2462/2462/2462 2464/2464/2464 2463/2463/2463
f 2464/2464/2464 2465/2465/2465 2463/2463/2463
f 2468/2468/2468 2467/2467/2467 2466/2466/2466
f 2469/2469/2469 2468/2468/2468 2466/2466/2466
f 2468/2468/2468 2469/2469/2469 2470/2470/2470
f 2471/2471/2471 2468/2468/2468 2470/2470/2470
f 2474/2474/2474 2473/2473/2473 2472/2472/2472
f 2475/2475/2475 2474/2474/2474 2472/2472/2472
f 2475/2475/2475 2472/2472/2472 2476/2476/2476
f 2477/2477/2477 2475/2475/2475 2476/2476/2476
f 2477/2477/2477 2476/2476/2476 2478/2478/2478
f 2479/2479/2479 2477/2477/2477 2478/2478/2478
f 2482/2482/2482 2481/2481/2481 2480/2480/2480
f 2483/2483/2483 2482/2482/2482 2480/2480/2480
f 2485/2485/2485 2480/2480/2480 2484/2484/2484
f 2486/2486/2486 2485/2485/2485 2484/2484/2484
f 2489/2489/2489 2488/2488/2488 2487/2487/2487
f 2490/2490/2490 2489/2489/2489 2487/2487/2487
f 2487/2487/2487 2492/2492/2492 2491/2491/2491
f 2492/2492/2492 2493/2493/2493 2491/2491/2491
f 2496/2496/2496 2495/2495/2495 2494/2494/2494
f 2497/2497/2497 2496/2496/2496 2494/2494/2494
f 2500/2500/2500 2499/2499/2499 2498/2498/2498
f 2499/2499/2499 2501/2501/2501 2498/2498/2498
f 2499/2499/2499 2502/2502/2502 2501/2501/2501
f 2502/2502/2502 2503/2503/2503 2501/2501/2501
f 2502/2502/2502 2504/2504/2504 2503/2503/2503
f 2504/2504/2504 2505/2505/2505 2503/2503/2503
f 2504/2504/2504 2506/2506/2506 2505/2505/2505
f 2506/2506/2506 2507/2507/2507 2505/2505/2505
f 2506/2506/2506 2508/2508/2508 2507/2507/2507
f 2508/2508/2508 2509/2509/2509 2507/2507/2507
f 2512/2512/2512 2511/2511/2511 2510/2510/2510
f 2513/2513/2513 2512/2512/2512 2510/2510/2510
f 2516/2516/2516 2515/2515/2515 2514/2514/2514
f 2517/2517/2517 2516/2516/2516 2514/2514/2514
f 2520/2520/2520 2519/2519/2519 2518/2518/2518
f 2519/2519/2519 2521/2521/2521 2518/2518/2518
f 2519/2519/2519 2522/2522/2522 2521/2521/2521
f 2522/2522/2522 2523/2523/2523 2521/2521/2521
f 2522/2522/2522 2524/2524/2524 2523/2523/2523
f 2524/2524/2524 2525/2525/2525 2523/2523/2523
f 2524/2524/2524 2526/2526/2526 2525/2525/2525
f 2526/2526/2526 2527/2527/2527 2525/2525/2525
f 2530/2530/2530 2529/2529/2529 2528/2528/2528
f 2531/2531/2531 2530/2530/2530 2528/2528/2528
f 2532/2532/2532 2530/2530/2530 2531/2531/2531
f 2533/2533/2533 2532/2532/2532 2531/2531/2531
f 2536/2536/2536 2535/2535/2535 2534/2534/2534
f 2534/2534/2534 2537/2537/2537 2536/2536/2536
f 2537/2537/2537 2539/2539/2539 2538/2538/2538
f 2539/2539/2539 2540/2540/2540 2538/2538/2538
f 2543/2543/2543 2542/2542/2542 2541/2541/2541
f 2544/2544/2544 2543/2543/2543 2541/2541/2541
f 2547/2547/2547 2546/2546/2546 2545/2545/2545
f 2548/2548/2548 2547/2547/2547 2545/2545/2545
f 2549/2549/2549 2547/2547/2547 2548/2548/2548
f 2550/2550/2550 2549/2549/2549 2548/2548/2548
f 2551/2551/2551 2549/2549/2549 2550/2550/2550
f 2552/2552/2552 2551/2551/2551 2550/2550/2550
f 2553/2553/2553 2551/2551/2551 2552/2552/2552
f 2554/2554/2554 2553/2553/2553 2552/2552/2552
f 2555/2555/2555 2553/2553/2553 2554/2554/2554
f 2556/2556/2556 2555/2555/2555 2554/2554/2554
f 2559/2559/2559 2558/2558/2558 2557/2557/2557
f 2560/2560/2560 2559/2559/2559 2557/2557/2557
f 2563/2563/2563 2562/2562/2562 2561/2561/2561
f 2564/2564/2564 2563/2563/2563 2561/2561/2561
f 2565/2565/2565 2563/2563/2563 2564/2564/2564
f 2566/2566/2566 2565/2565/2565 2564/2564/2564
f 2567/2567/2567 2565/2565/2565 2566/2566/2566
f 2568/2568/2568 2567/2567/2567 2566/2566/2566
f 2568/2568/2568 2566/2566/2566 2569/2569/2569
f 2570/2570/2570 2567/2567/2567 2568/2568/2568
f 2571/2571/2571 2568/2568/2568 2569/2569/2569
f 2571/2571/2571 2569/2569/2569 2572/2572/2572
f 2573/2573/2573 2570/2570/2570 2568/2568/2568
f 2573/2573/2573 2568/2568/2568 2571/2571/2571
f 2574/2574/2574 2570/2570/2570 2573/2573/2573
f 2575/2575/2575 2574/2574/2574 2573/2573/2573
f 2576/2576/2576 2574/2574/2574 2575/2575/2575
f 2577/2577/2577 2573/2573/2573 2571/2571/2571
f 2575/2575/2575 2573/2573/2573 2577/2577/2577
f 2578/2578/2578 2571/2571/2571 2572/2572/2572
f 2577/2577/2577 2571/2571/2571 2578/2578/2578
f 2579/2579/2579 2576/2576/2576 2575/2575/2575
f 2580/2580/2580 2576/2576/2576 2579/2579/2579
f 2581/2581/2581 2578/2578/2578 2572/2572/2572
f 2582/2582/2582 2581/2581/2581 2572/2572/2572
f 2581/2581/2581 2583/2583/2583 2578/2578/2578
f 2583/2583/2583 2584/2584/2584 2578/2578/2578
f 2584/2584/2584 2577/2577/2577 2578/2578/2578
f 2583/2583/2583 2585/2585/2585 2584/2584/2584
f 2586/2586/2586 2575/2575/2575 2577/2577/2577
f 2586/2586/2586 2577/2577/2577 2584/2584/2584
f 2579/2579/2579 2575/2575/2575 2586/2586/2586
f 2585/2585/2585 2587/2587/2587 2584/2584/2584
f 2587/2587/2587 2586/2586/2586 2584/2584/2584
f 2585/2585/2585 2588/2588/2588 2587/2587/2587
f 2589/2589/2589 2580/2580/2580 2579/2579/2579
f 2590/2590/2590 2580/2580/2580 2589/2589/2589
f 2591/2591/2591 2579/2579/2579 2586/2586/2586
f 2591/2591/2591 2586/2586/2586 2587/2587/2587
f 2589/2589/2589 2579/2579/2579 2591/2591/2591
f 2588/2588/2588 2592/2592/2592 2587/2587/2587
f 2592/2592/2592 2591/2591/2591 2587/2587/2587
f 2588/2588/2588 2593/2593/2593 2592/2592/2592
f 2594/2594/2594 2590/2590/2590 2589/2589/2589
f 2595/2595/2595 2590/2590/2590 2594/2594/2594
f 2596/2596/2596 2589/2589/2589 2591/2591/2591
f 2596/2596/2596 2591/2591/2591 2592/2592/2592
f 2594/2594/2594 2589/2589/2589 2596/2596/2596
f 2597/2597/2597 2595/2595/2595 2594/2594/2594
f 2598/2598/2598 2595/2595/2595 2597/2597/2597
f 2599/2599/2599 2598/2598/2598 2597/2597/2597
f 2600/2600/2600 2594/2594/2594 2596/2596/2596
f 2593/2593/2593 2601/2601/2601 2592/2592/2592
f 2601/2601/2601 2596/2596/2596 2592/2592/2592
f 2600/2600/2600 2596/2596/2596 2601/2601/2601
f 2593/2593/2593 2602/2602/2602 2601/2601/2601
f 2603/2603/2603 2600/2600/2600 2601/2601/2601
f 2602/2602/2602 2603/2603/2603 2601/2601/2601
f 2606/2606/2606 2605/2605/2605 2604/2604/2604
f 2605/2605/2605 2607/2607/2607 2604/2604/2604
f 2605/2605/2605 2608/2608/2608 2607/2607/2607
f 2608/2608/2608 2609/2609/2609 2607/2607/2607
f 2610/2610/2610 2604/2604/2604 2607/2607/2607
f 2610/2610/2610 2611/2611/2611 2604/2604/2604
f 2611/2611/2611 2612/2612/2612 2604/2604/2604
f 2611/2611/2611 2613/2613/2613 2612/2612/2612
f 2613/2613/2613 2614/2614/2614 2612/2612/2612
f 2613/2613/2613 2615/2615/2615 2614/2614/2614
f 2615/2615/2615 2616/2616/2616 2614/2614/2614
f 2615/2615/2615 2617/2617/2617 2616/2616/2616
f 2617/2617/2617 2618/2618/2618 2616/2616/2616
f 2617/2617/2617 2619/2619/2619 2618/2618/2618
f 2619/2619/2619 2620/2620/2620 2618/2618/2618
f 2621/2621/2621 2610/2610/2610 2607/2607/2607
f 2621/2621/2621 2607/2607/2607 2609/2609/2609
f 2619/2619/2619 2622/2622/2622 2620/2620/2620
f 2622/2622/2622 2623/2623/2623 2620/2620/2620
f 2624/2624/2624 2621/2621/2621 2609/2609/2609
f 2625/2625/2625 2621/2621/2621 2624/2624/2624
f 2624/2624/2624 2609/2609/2609 2626/2626/2626
f 2627/2627/2627 2625/2625/2625 2624/2624/2624
f 2628/2628/2628 2624/2624/2624 2626/2626/2626
f 2627/2627/2627 2624/2624/2624 2628/2628/2628
f 2628/2628/2628 2626/2626/2626 2629/2629/2629
f 2630/2630/2630 2627/2627/2627 2628/2628/2628
f 2631/2631/2631 2627/2627/2627 2630/2630/2630
f 2632/2632/2632 2631/2631/2631 2630/2630/2630
f 2633/2633/2633 2628/2628/2628 2629/2629/2629
f 2633/2633/2633 2629/2629/2629 2634/2634/2634
f 2635/2635/2635 2633/2633/2633 2634/2634/2634
f 2635/2635/2635 2634/2634/2634 2636/2636/2636
f 2637/2637/2637 2633/2633/2633 2635/2635/2635
f 2638/2638/2638 2635/2635/2635 2636/2636/2636
f 2636/2636/2636 2639/2639/2639 2638/2638/2638
f 2640/2640/2640 2637/2637/2637 2635/2635/2635
f 2635/2635/2635 2641/2641/2641 2640/2640/2640
f 2637/2637/2637 2643/2643/2643 2642/2642/2642
f 2643/2643/2643 2644/2644/2644 2642/2642/2642
f 2647/2647/2647 2646/2646/2646 2645/2645/2645
f 2646/2646/2646 2648/2648/2648 2645/2645/2645
f 2646/2646/2646 2649/2649/2649 2648/2648/2648
f 2649/2649/2649 2650/2650/2650 2648/2648/2648
f 2648/2648/2648 2651/2651/2651 2645/2645/2645
f 2651/2651/2651 2652/2652/2652 2645/2645/2645
f 2653/2653/2653 2651/2651/2651 2648/2648/2648
f 2650/2650/2650 2653/2653/2653 2648/2648/2648
f 2645/2645/2645 2652/2652/2652 2654/2654/2654
f 2655/2655/2655 2653/2653/2653 2650/2650/2650
f 2652/2652/2652 2656/2656/2656 2654/2654/2654
f 2657/2657/2657 2655/2655/2655 2650/2650/2650
f 2658/2658/2658 2655/2655/2655 2657/2657/2657
f 2659/2659/2659 2658/2658/2658 2657/2657/2657
f 2654/2654/2654 2656/2656/2656 2660/2660/2660
f 2656/2656/2656 2661/2661/2661 2660/2660/2660
f 2660/2660/2660 2661/2661/2661 2662/2662/2662
f 2661/2661/2661 2663/2663/2663 2662/2662/2662
f 2662/2662/2662 2663/2663/2663 2664/2664/2664
f 2663/2663/2663 2665/2665/2665 2664/2664/2664
f 2664/2664/2664 2665/2665/2665 2666/2666/2666
f 2665/2665/2665 2667/2667/2667 2666/2666/2666
f 2666/2666/2666 2667/2667/2667 2668/2668/2668
f 2667/2667/2667 2669/2669/2669 2668/2668/2668
f 2668/2668/2668 2669/2669/2669 2670/2670/2670
f 2669/2669/2669 2671/2671/2671 2670/2670/2670
f 2674/2674/2674 2673/2673/2673 2672/2672/2672
f 2675/2675/2675 2674/2674/2674 2672/2672/2672
f 2676/2676/2676 2674/2674/2674 2675/2675/2675
f 2677/2677/2677 2676/2676/2676 2675/2675/2675
f 2678/2678/2678 2676/2676/2676 2677/2677/2677
f 2679/2679/2679 2678/2678/2678 2677/2677/2677
f 2680/2680/2680 2678/2678/2678 2679/2679/2679
f 2681/2681/2681 2680/2680/2680 2679/2679/2679
f 2682/2682/2682 2680/2680/2680 2681/2681/2681
f 2683/2683/2683 2682/2682/2682 2681/2681/2681
f 2684/2684/2684 2682/2682/2682 2683/2683/2683
f 2685/2685/2685 2684/2684/2684 2683/2683/2683
f 2686/2686/2686 2684/2684/2684 2685/2685/2685
f 2687/2687/2687 2686/2686/2686 2685/2685/2685
f 2690/2690/2690 2689/2689/2689 2688/2688/2688
f 2691/2691/2691 2690/2690/2690 2688/2688/2688
f 2691/2691/2691 2688/2688/2688 2692/2692/2692
f 2693/2693/2693 2691/2691/2691 2692/2692/2692
f 2694/2694/2694 2691/2691/2691 2693/2693/2693
f 2695/2695/2695 2694/2694/2694 2693/2693/2693
f 2695/2695/2695 2693/2693/2693 2696/2696/2696
f 2697/2697/2697 2695/2695/2695 2696/2696/2696
f 2696/2696/2696 2699/2699/2699 2698/2698/2698
f 2700/2700/2700 2696/2696/2696 2698/2698/2698
f 2696/2696/2696 2702/2702/2702 2701/2701/2701
f 2702/2702/2702 2703/2703/2703 2701/2701/2701
f 2706/2706/2706 2705/2705/2705 2704/2704/2704
f 2706/2706/2706 2704/2704/2704 2707/2707/2707
f 2708/2708/2708 2706/2706/2706 2707/2707/2707
f 2708/2708/2708 2707/2707/2707 2623/2623/2623
f 2709/2709/2709 2706/2706/2706 2708/2708/2708
f 2622/2622/2622 2708/2708/2708 2623/2623/2623
f 2710/2710/2710 2709/2709/2709 2708/2708/2708
f 2710/2710/2710 2708/2708/2708 2622/2622/2622
f 2711/2711/2711 2710/2710/2710 2622/2622/2622
f 2714/2714/2714 2713/2713/2713 2712/2712/2712
f 2715/2715/2715 2714/2714/2714 2712/2712/2712
f 2716/2716/2716 2714/2714/2714 2715/2715/2715
f 2717/2717/2717 2716/2716/2716 2715/2715/2715
f 2720/2720/2720 2719/2719/2719 2718/2718/2718
f 2719/2719/2719 2721/2721/2721 2718/2718/2718
f 2718/2718/2718 2721/2721/2721 2722/2722/2722
f 2721/2721/2721 2723/2723/2723 2722/2722/2722
f 2722/2722/2722 2723/2723/2723 2724/2724/2724
f 2723/2723/2723 2725/2725/2725 2724/2724/2724
f 2724/2724/2724 2725/2725/2725 2726/2726/2726
f 2725/2725/2725 2727/2727/2727 2726/2726/2726
f 2730/2730/2730 2729/2729/2729 2728/2728/2728
f 2731/2731/2731 2730/2730/2730 2728/2728/2728
f 2732/2732/2732 2730/2730/2730 2731/2731/2731
f 2733/2733/2733 2732/2732/2732 2731/2731/2731
f 2736/2736/2736 2735/2735/2735 2734/2734/2734
f 2735/2735/2735 2737/2737/2737 2734/2734/2734
f 2735/2735/2735 2738/2738/2738 2737/2737/2737
f 2738/2738/2738 2739/2739/2739 2737/2737/2737
f 2737/2737/2737 2740/2740/2740 2734/2734/2734
f 2740/2740/2740 2741/2741/2741 2734/2734/2734
f 2734/2734/2734 2741/2741/2741 2742/2742/2742
f 2741/2741/2741 2743/2743/2743 2742/2742/2742
f 2744/2744/2744 2740/2740/2740 2737/2737/2737
f 2739/2739/2739 2744/2744/2744 2737/2737/2737
f 2745/2745/2745 2744/2744/2744 2739/2739/2739
f 2746/2746/2746 2745/2745/2745 2739/2739/2739
f 2747/2747/2747 2745/2745/2745 2746/2746/2746
f 2748/2748/2748 2747/2747/2747 2746/2746/2746
f 2751/2751/2751 2750/2750/2750 2749/2749/2749
f 2752/2752/2752 2751/2751/2751 2749/2749/2749
f 2755/2755/2755 2754/2754/2754 2753/2753/2753
f 2756/2756/2756 2755/2755/2755 2753/2753/2753
f 2757/2757/2757 2755/2755/2755 2756/2756/2756
f 2758/2758/2758 2757/2757/2757 2756/2756/2756
f 2761/2761/2761 2760/2760/2760 2759/2759/2759
f 2762/2762/2762 2761/2761/2761 2759/2759/2759
f 2765/2765/2765 2764/2764/2764 2763/2763/2763
f 2766/2766/2766 2765/2765/2765 2763/2763/2763
f 2769/2769/2769 2768/2768/2768 2767/2767/2767
f 2770/2770/2770 2769/2769/2769 2767/2767/2767
f 2773/2773/2773 2772/2772/2772 2771/2771/2771
f 2771/2771/2771 2774/2774/2774 2773/2773/2773
f 2771/2771/2771 2775/2775/2775 2774/2774/2774
f 2778/2778/2778 2777/2777/2777 2776/2776/2776
f 2776/2776/2776 2779/2779/2779 2778/2778/2778
f 2776/2776/2776 2780/2780/2780 2779/2779/2779
f 2779/2779/2779 2781/2781/2781 2778/2778/2778
f 2781/2781/2781 2782/2782/2782 2778/2778/2778
f 2785/2785/2785 2784/2784/2784 2783/2783/2783
f 2786/2786/2786 2785/2785/2785 2783/2783/2783
f 2789/2789/2789 2788/2788/2788 2787/2787/2787
f 2790/2790/2790 2789/2789/2789 2787/2787/2787
f 2791/2791/2791 2789/2789/2789 2790/2790/2790
f 2792/2792/2792 2791/2791/2791 2790/2790/2790
f 2795/2795/2795 2794/2794/2794 2793/2793/2793
f 2796/2796/2796 2795/2795/2795 2793/2793/2793
f 2799/2799/2799 2798/2798/2798 2797/2797/2797
f 2800/2800/2800 2799/2799/2799 2797/2797/2797
f 2803/2803/2803 2802/2802/2802 2801/2801/2801
f 2804/2804/2804 2803/2803/2803 2801/2801/2801
f 2807/2807/2807 2806/2806/2806 2805/2805/2805
f 2808/2808/2808 2807/2807/2807 2805/2805/2805
f 2808/2808/2808 2805/2805/2805 2809/2809/2809
f 2810/2810/2810 2808/2808/2808 2809/2809/2809
f 2810/2810/2810 2809/2809/2809 2811/2811/2811
f 2812/2812/2812 2810/2810/2810 2811/2811/2811
f 2812/2812/2812 2811/2811/2811 2813/2813/2813
f 2814/2814/2814 2812/2812/2812 2813/2813/2813
f 2814/2814/2814 2813/2813/2813 2815/2815/2815
f 2816/2816/2816 2814/2814/2814 2815/2815/2815
f 2816/2816/2816 2815/2815/2815 2817/2817/2817
f 2818/2818/2818 2816/2816/2816 2817/2817/2817
f 2818/2818/2818 2817/2817/2817 2819/2819/2819
f 2820/2820/2820 2818/2818/2818 2819/2819/2819
f 2820/2820/2820 2819/2819/2819 2821/2821/2821
f 2822/2822/2822 2820/2820/2820 2821/2821/2821
f 2822/2822/2822 2821/2821/2821 2823/2823/2823
f 2824/2824/2824 2822/2822/2822 2823/2823/2823
f 2824/2824/2824 2823/2823/2823 2825/2825/2825
f 2826/2826/2826 2824/2824/2824 2825/2825/2825
f 2826/2826/2826 2825/2825/2825 2827/2827/2827
f 2828/2828/2828 2826/2826/2826 2827/2827/2827
f 2831/2831/2831 2830/2830/2830 2829/2829/2829
f 2832/2832/2832 2831/2831/2831 2829/2829/2829
f 2832/2832/2832 2829/2829/2829 2833/2833/2833
f 2834/2834/2834 2832/2832/2832 2833/2833/2833
f 2834/2834/2834 2833/2833/2833 2835/2835/2835
f 2836/2836/2836 2834/2834/2834 2835/2835/2835
f 2836/2836/2836 2835/2835/2835 2837/2837/2837
f 2838/2838/2838 2836/2836/2836 2837/2837/2837
f 2838/2838/2838 2837/2837/2837 2839/2839/2839
f 2840/2840/2840 2838/2838/2838 2839/2839/2839
f 2840/2840/2840 2839/2839/2839 2841/2841/2841
f 2842/2842/2842 2840/2840/2840 2841/2841/2841
f 2842/2842/2842 2841/2841/2841 2843/2843/2843
f 2844/2844/2844 2842/2842/2842 2843/2843/2843
f 2847/2847/2847 2846/2846/2846 2845/2845/2845
f 2846/2846/2846 2848/2848/2848 2845/2845/2845
f 2846/2846/2846 2849/2849/2849 2848/2848/2848
f 2848/2848/2848 2850/2850/2850 2845/2845/2845
f 2850/2850/2850 2851/2851/2851 2845/2845/2845
f 2852/2852/2852 2850/2850/2850 2848/2848/2848
f 2849/2849/2849 2853/2853/2853 2848/2848/2848
f 2853/2853/2853 2852/2852/2852 2848/2848/2848
f 2849/2849/2849 2854/2854/2854 2853/2853/2853
f 2855/2855/2855 2852/2852/2852 2853/2853/2853
f 2854/2854/2854 2856/2856/2856 2853/2853/2853
f 2856/2856/2856 2855/2855/2855 2853/2853/2853
f 2857/2857/2857 2855/2855/2855 2856/2856/2856
f 2854/2854/2854 2858/2858/2858 2856/2856/2856
f 2859/2859/2859 2857/2857/2857 2856/2856/2856
f 2858/2858/2858 2859/2859/2859 2856/2856/2856
f 2858/2858/2858 2860/2860/2860 2859/2859/2859
f 2860/2860/2860 2861/2861/2861 2859/2859/2859
f 2860/2860/2860 2862/2862/2862 2861/2861/2861
f 2862/2862/2862 2863/2863/2863 2861/2861/2861
f 2866/2866/2866 2865/2865/2865 2864/2864/2864
f 2867/2867/2867 2866/2866/2866 2864/2864/2864
f 2869/2869/2869 2867/2867/2867 2868/2868/2868
f 2870/2870/2870 2869/2869/2869 2868/2868/2868
f 2872/2872/2872 2869/2869/2869 2871/2871/2871
f 2873/2873/2873 2872/2872/2872 2871/2871/2871
f 2864/2864/2864 2875/2875/2875 2874/2874/2874
f 2875/2875/2875 2876/2876/2876 2874/2874/2874
f 2864/2864/2864 2878/2878/2878 2877/2877/2877
f 2879/2879/2879 2864/2864/2864 2877/2877/2877
f 2881/2881/2881 2878/2878/2878 2880/2880/2880
f 2878/2878/2878 2882/2882/2882 2880/2880/2880
f 2882/2882/2882 2884/2884/2884 2883/2883/2883
f 2884/2884/2884 2885/2885/2885 2883/2883/2883
f 2883/2883/2883 2885/2885/2885 2886/2886/2886
f 2885/2885/2885 2887/2887/2887 2886/2886/2886
f 2886/2886/2886 2887/2887/2887 2888/2888/2888
f 2887/2887/2887 2889/2889/2889 2888/2888/2888
f 2891/2891/2891 2890/2890/2890 2879/2879/2879
f 2892/2892/2892 2891/2891/2891 2879/2879/2879
f 2894/2894/2894 2893/2893/2893 2891/2891/2891
f 2895/2895/2895 2894/2894/2894 2891/2891/2891
f 2897/2897/2897 2896/2896/2896 2895/2895/2895
f 2898/2898/2898 2897/2897/2897 2895/2895/2895
f 2899/2899/2899 2897/2897/2897 2898/2898/2898
f 2900/2900/2900 2899/2899/2899 2898/2898/2898
f 2900/2900/2900 2898/2898/2898 2873/2873/2873
f 2901/2901/2901 2899/2899/2899 2900/2900/2900
f 2902/2902/2902 2900/2900/2900 2873/2873/2873
f 2903/2903/2903 2901/2901/2901 2900/2900/2900
f 2903/2903/2903 2900/2900/2900 2902/2902/2902
f 2904/2904/2904 2903/2903/2903 2902/2902/2902
f 2907/2907/2907 2906/2906/2906 2905/2905/2905
f 2908/2908/2908 2907/2907/2907 2905/2905/2905
f 2910/2910/2910 2905/2905/2905 2909/2909/2909
f 2911/2911/2911 2910/2910/2910 2909/2909/2909
f 2914/2914/2914 2913/2913/2913 2912/2912/2912
f 2915/2915/2915 2914/2914/2914 2912/2912/2912
f 2917/2917/2917 2916/2916/2916 2915/2915/2915
f 2918/2918/2918 2917/2917/2917 2915/2915/2915
f 2920/2920/2920 2915/2915/2915 2919/2919/2919
f 2921/2921/2921 2920/2920/2920 2919/2919/2919
f 2922/2922/2922 2918/2918/2918 2921/2921/2921
f 2923/2923/2923 2922/2922/2922 2921/2921/2921
f 2919/2919/2919 2925/2925/2925 2924/2924/2924
f 2925/2925/2925 2926/2926/2926 2924/2924/2924
f 2928/2928/2928 2917/2917/2917 2927/2927/2927
f 2929/2929/2929 2928/2928/2928 2927/2927/2927
f 2931/2931/2931 2928/2928/2928 2930/2930/2930
f 2932/2932/2932 2931/2931/2931 2930/2930/2930
f 2932/2932/2932 2933/2933/2933 2923/2923/2923
f 2934/2934/2934 2932/2932/2932 2923/2923/2923
f 2935/2935/2935 2931/2931/2931 2932/2932/2932
f 2936/2936/2936 2935/2935/2935 2932/2932/2932
f 2936/2936/2936 2932/2932/2932 2937/2937/2937
f 2938/2938/2938 2935/2935/2935 2936/2936/2936
f 2939/2939/2939 2936/2936/2936 2937/2937/2937
f 2940/2940/2940 2938/2938/2938 2936/2936/2936
f 2940/2940/2940 2936/2936/2936 2939/2939/2939
f 2941/2941/2941 2938/2938/2938 2940/2940/2940
f 2942/2942/2942 2941/2941/2941 2940/2940/2940
f 2943/2943/2943 2940/2940/2940 2939/2939/2939
f 2945/2945/2945 2942/2942/2942 2944/2944/2944
f 2946/2946/2946 2945/2945/2945 2944/2944/2944
f 2948/2948/2948 2947/2947/2947 2943/2943/2943
f 2949/2949/2949 2948/2948/2948 2943/2943/2943
f 2951/2951/2951 2950/2950/2950 2948/2948/2948
f 2952/2952/2952 2951/2951/2951 2948/2948/2948
f 2955/2955/2955 2954/2954/2954 2953/2953/2953
f 2956/2956/2956 2955/2955/2955 2953/2953/2953
f 2957/2957/2957 2955/2955/2955 2956/2956/2956
f 2958/2958/2958 2957/2957/2957 2956/2956/2956
f 2960/2960/2960 2956/2956/2956 2959/2959/2959
f 2961/2961/2961 2960/2960/2960 2959/2959/2959
f 2964/2964/2964 2963/2963/2963 2962/2962/2962
f 2965/2965/2965 2964/2964/2964 2962/2962/2962
f 2967/2967/2967 2962/2962/2962 2966/2966/2966
f 2962/2962/2962 2968/2968/2968 2966/2966/2966
f 2966/2966/2966 2968/2968/2968 2969/2969/2969
f 2968/2968/2968 2970/2970/2970 2969/2969/2969
f 2969/2969/2969 2970/2970/2970 2971/2971/2971
f 2970/2970/2970 2972/2972/2972 2971/2971/2971
f 2975/2975/2975 2974/2974/2974 2973/2973/2973
f 2974/2974/2974 2976/2976/2976 2973/2973/2973
f 2973/2973/2973 2976/2976/2976 2977/2977/2977
f 2976/2976/2976 2978/2978/2978 2977/2977/2977
f 2981/2981/2981 2980/2980/2980 2979/2979/2979
f 2980/2980/2980 2982/2982/2982 2979/2979/2979
f 2979/2979/2979 2982/2982/2982 2983/2983/2983
f 2982/2982/2982 2984/2984/2984 2983/2983/2983
f 2987/2987/2987 2986/2986/2986 2985/2985/2985
f 2986/2986/2986 2988/2988/2988 2985/2985/2985
f 2986/2986/2986 2989/2989/2989 2988/2988/2988
f 2989/2989/2989 2990/2990/2990 2988/2988/2988
f 2993/2993/2993 2992/2992/2992 2991/2991/2991
f 2994/2994/2994 2993/2993/2993 2991/2991/2991
f 2995/2995/2995 2993/2993/2993 2994/2994/2994
f 2996/2996/2996 2995/2995/2995 2994/2994/2994
f 2997/2997/2997 2995/2995/2995 2996/2996/2996
f 2998/2998/2998 2997/2997/2997 2996/2996/2996
f 2999/2999/2999 2997/2997/2997 2998/2998/2998
f 3000/3000/3000 2999/2999/2999 2998/2998/2998
f 3001/3001/3001 2999/2999/2999 3000/3000/3000
f 3002/3002/3002 3001/3001/3001 3000/3000/3000
f 3003/3003/3003 3001/3001/3001 3002/3002/3002
f 3004/3004/3004 3003/3003/3003 3002/3002/3002
f 3005/3005/3005 3003/3003/3003 3004/3004/3004
f 3006/3006/3006 3005/3005/3005 3004/3004/3004
f 3007/3007/3007 3005/3005/3005 3006/3006/3006
f 3008/3008/3008 3007/3007/3007 3006/3006/3006
f 3009/3009/3009 3007/3007/3007 3008/3008/3008
f 3010/3010/3010 3009/3009/3009 3008/3008/3008
f 3011/3011/3011 3009/3009/3009 3010/3010/3010
f 3012/3012/3012 3011/3011/3011 3010/3010/3010
f 3014/3014/3014 3011/3011/3011 3013/3013/3013
f 3015/3015/3015 3014/3014/3014 3013/3013/3013
f 3018/3018/3018 3017/3017/3017 3016/3016/3016
f 3019/3019/3019 3018/3018/3018 3016/3016/3016
f 3021/3021/3021 3016/3016/3016 3020/3020/3020
f 3022/3022/3022 3021/3021/3021 3020/3020/3020
f 3025/3025/3025 3024/3024/3024 3023/3023/3023
f 3026/3026/3026 3025/3025/3025 3023/3023/3023
f 3027/3027/3027 3026/3026/3026 3023/3023/3023
f 3028/3028/3028 3027/3027/3027 3023/3023/3023
f 3030/3030/3030 3027/3027/3027 3029/3029/3029
f 3031/3031/3031 3030/3030/3030 3029/3029/3029
f 3032/3032/3032 3030/3030/3030 3031/3031/3031
f 3033/3033/3033 3032/3032/3032 3031/3031/3031
f 3034/3034/3034 3032/3032/3032 3033/3033/3033
f 3035/3035/3035 3034/3034/3034 3033/3033/3033
f 3036/3036/3036 3034/3034/3034 3035/3035/3035
f 3037/3037/3037 3036/3036/3036 3035/3035/3035
f 3040/3040/3040 3039/3039/3039 3038/3038/3038
f 3039/3039/3039 3041/3041/3041 3038/3038/3038
f 3041/3041/3041 3039/3039/3039 3042/3042/3042
f 3039/3039/3039 3043/3043/3043 3042/3042/3042
f 3046/3046/3046 3045/3045/3045 3044/3044/3044
f 3045/3045/3045 3047/3047/3047 3044/3044/3044
f 3044/3044/3044 3047/3047/3047 3048/3048/3048
f 3047/3047/3047 3049/3049/3049 3048/3048/3048
f 3048/3048/3048 3049/3049/3049 3050/3050/3050
f 3049/3049/3049 3051/3051/3051 3050/3050/3050
f 3054/3054/3054 3053/3053/3053 3052/3052/3052
f 3055/3055/3055 3054/3054/3054 3052/3052/3052
f 3052/3052/3052 3057/3057/3057 3056/3056/3056
f 3057/3057/3057 3058/3058/3058 3056/3056/3056
f 3061/3061/3061 3060/3060/3060 3059/3059/3059
f 3062/3062/3062 3061/3061/3061 3059/3059/3059
f 3064/3064/3064 3059/3059/3059 3063/3063/3063
f 3065/3065/3065 3064/3064/3064 3063/3063/3063
f 3068/3068/3068 3067/3067/3067 3066/3066/3066
f 3069/3069/3069 3068/3068/3068 3066/3066/3066
f 3072/3072/3072 3071/3071/3071 3070/3070/3070
f 3073/3073/3073 3072/3072/3072 3070/3070/3070
f 3074/3074/3074 3072/3072/3072 3073/3073/3073
f 3075/3075/3075 3074/3074/3074 3073/3073/3073
f 3076/3076/3076 3074/3074/3074 3075/3075/3075
f 3077/3077/3077 3076/3076/3076 3075/3075/3075
f 3078/3078/3078 3076/3076/3076 3077/3077/3077
f 3079/3079/3079 3078/3078/3078 3077/3077/3077
f 3080/3080/3080 3078/3078/3078 3079/3079/3079
f 3081/3081/3081 3080/3080/3080 3079/3079/3079
f 3084/3084/3084 3083/3083/3083 3082/3082/3082
f 3085/3085/3085 3084/3084/3084 3082/3082/3082
f 3088/3088/3088 3087/3087/3087 3086/3086/3086
f 3089/3089/3089 3088/3088/3088 3086/3086/3086
f 3092/3092/3092 3091/3091/3091 3090/3090/3090
f 3093/3093/3093 3092/3092/3092 3090/3090/3090
f 3094/3094/3094 3092/3092/3092 3093/3093/3093
f 3095/3095/3095 3094/3094/3094 3093/3093/3093
f 3096/3096/3096 3094/3094/3094 3095/3095/3095
f 3097/3097/3097 3096/3096/3096 3095/3095/3095
f 3098/3098/3098 3096/3096/3096 3097/3097/3097
f 3099/3099/3099 3098/3098/3098 3097/3097/3097
f 3102/3102/3102 3101/3101/3101 3100/3100/3100
f 3101/3101/3101 3103/3103/3103 3100/3100/3100
f 3101/3101/3101 3104/3104/3104 3103/3103/3103
f 3104/3104/3104 3105/3105/3105 3103/3103/3103
f 3108/3108/3108 3107/3107/3107 3106/3106/3106
f 3106/3106/3106 3109/3109/3109 3108/3108/3108
f 3111/3111/3111 3106/3106/3106 3110/3110/3110
f 3112/3112/3112 3111/3111/3111 3110/3110/3110
f 3115/3115/3115 3114/3114/3114 3113/3113/3113
f 3116/3116/3116 3115/3115/3115 3113/3113/3113
f 3119/3119/3119 3118/3118/3118 3117/3117/3117
f 3120/3120/3120 3119/3119/3119 3117/3117/3117
f 3121/3121/3121 3119/3119/3119 3120/3120/3120
f 3122/3122/3122 3121/3121/3121 3120/3120/3120
f 3123/3123/3123 3121/3121/3121 3122/3122/3122
f 3124/3124/3124 3123/3123/3123 3122/3122/3122
f 3125/3125/3125 3123/3123/3123 3124/3124/3124
f 3126/3126/3126 3125/3125/3125 3124/3124/3124
f 3127/3127/3127 3125/3125/3125 3126/3126/3126
f 3128/3128/3128 3127/3127/3127 3126/3126/3126
f 3131/3131/3131 3130/3130/3130 3129/3129/3129
f 3132/3132/3132 3131/3131/3131 3129/3129/3129
f 3135/3135/3135 3134/3134/3134 3133/3133/3133
f 3136/3136/3136 3135/3135/3135 3133/3133/3133
f 3137/3137/3137 3135/3135/3135 3136/3136/3136
f 3138/3138/3138 3137/3137/3137 3136/3136/3136
f 3139/3139/3139 3137/3137/3137 3138/3138/3138
f 3140/3140/3140 3139/3139/3139 3138/3138/3138
f 3140/3140/3140 3138/3138/3138 3141/3141/3141
f 3142/3142/3142 3139/3139/3139 3140/3140/3140
f 3143/3143/3143 3140/3140/3140 3141/3141/3141
f 3143/3143/3143 3141/3141/3141 3144/3144/3144
f 3145/3145/3145 3142/3142/3142 3140/3140/3140
f 3145/3145/3145 3140/3140/3140 3143/3143/3143
f 3146/3146/3146 3142/3142/3142 3145/3145/3145
f 3147/3147/3147 3146/3146/3146 3145/3145/3145
f 3148/3148/3148 3146/3146/3146 3147/3147/3147
f 3149/3149/3149 3145/3145/3145 3143/3143/3143
f 3147/3147/3147 3145/3145/3145 3149/3149/3149
f 3150/3150/3150 3143/3143/3143 3144/3144/3144
f 3149/3149/3149 3143/3143/3143 3150/3150/3150
f 3151/3151/3151 3148/3148/3148 3147/3147/3147
f 3152/3152/3152 3148/3148/3148 3151/3151/3151
f 3153/3153/3153 3150/3150/3150 3144/3144/3144
f 3154/3154/3154 3153/3153/3153 3144/3144/3144
f 3153/3153/3153 3155/3155/3155 3150/3150/3150
f 3155/3155/3155 3156/3156/3156 3150/3150/3150
f 3156/3156/3156 3149/3149/3149 3150/3150/3150
f 3155/3155/3155 3157/3157/3157 3156/3156/3156
f 3158/3158/3158 3147/3147/3147 3149/3149/3149
f 3158/3158/3158 3149/3149/3149 3156/3156/3156
f 3151/3151/3151 3147/3147/3147 3158/3158/3158
f 3157/3157/3157 3159/3159/3159 3156/3156/3156
f 3159/3159/3159 3158/3158/3158 3156/3156/3156
f 3157/3157/3157 3160/3160/3160 3159/3159/3159
f 3161/3161/3161 3152/3152/3152 3151/3151/3151
f 3162/3162/3162 3152/3152/3152 3161/3161/3161
f 3163/3163/3163 3151/3151/3151 3158/3158/3158
f 3163/3163/3163 3158/3158/3158 3159/3159/3159
f 3161/3161/3161 3151/3151/3151 3163/3163/3163
f 3160/3160/3160 3164/3164/3164 3159/3159/3159
f 3164/3164/3164 3163/3163/3163 3159/3159/3159
f 3160/3160/3160 3165/3165/3165 3164/3164/3164
f 3166/3166/3166 3162/3162/3162 3161/3161/3161
f 3167/3167/3167 3162/3162/3162 3166/3166/3166
f 3168/3168/3168 3161/3161/3161 3163/3163/3163
f 3168/3168/3168 3163/3163/3163 3164/3164/3164
f 3166/3166/3166 3161/3161/3161 3168/3168/3168
f 3169/3169/3169 3167/3167/3167 3166/3166/3166
f 3170/3170/3170 3167/3167/3167 3169/3169/3169
f 3171/3171/3171 3170/3170/3170 3169/3169/3169
f 3172/3172/3172 3166/3166/3166 3168/3168/3168
f 3165/3165/3165 3173/3173/3173 3164/3164/3164
f 3173/3173/3173 3168/3168/3168 3164/3164/3164
f 3172/3172/3172 3168/3168/3168 3173/3173/3173
f 3165/3165/3165 3174/3174/3174 3173/3173/3173
f 3175/3175/3175 3172/3172/3172 3173/3173/3173
f 3174/3174/3174 3175/3175/3175 3173/3173/3173
f 3178/3178/3178 3177/3177/3177 3176/3176/3176
f 3177/3177/3177 3179/3179/3179 3176/3176/3176
f 3177/3177/3177 3180/3180/3180 3179/3179/3179
f 3180/3180/3180 3181/3181/3181 3179/3179/3179
f 3176/3176/3176 3179/3179/3179 3182/3182/3182
f 3176/3176/3176 3182/3182/3182 3183/3183/3183
f 3184/3184/3184 3176/3176/3176 3183/3183/3183
f 3184/3184/3184 3183/3183/3183 3185/3185/3185
f 3186/3186/3186 3184/3184/3184 3185/3185/3185
f 3186/3186/3186 3185/3185/3185 3187/3187/3187
f 3188/3188/3188 3186/3186/3186 3187/3187/3187
f 3188/3188/3188 3187/3187/3187 3189/3189/3189
f 3190/3190/3190 3188/3188/3188 3189/3189/3189
f 3190/3190/3190 3189/3189/3189 3191/3191/3191
f 3192/3192/3192 3190/3190/3190 3191/3191/3191
f 3179/3179/3179 3193/3193/3193 3182/3182/3182
f 3179/3179/3179 3181/3181/3181 3193/3193/3193
f 3192/3192/3192 3191/3191/3191 3194/3194/3194
f 3195/3195/3195 3192/3192/3192 3194/3194/3194
f 3181/3181/3181 3196/3196/3196 3193/3193/3193
f 3197/3197/3197 3193/3193/3193 3196/3196/3196
f 3181/3181/3181 3198/3198/3198 3196/3196/3196
f 3199/3199/3199 3197/3197/3197 3196/3196/3196
f 3198/3198/3198 3200/3200/3200 3196/3196/3196
f 3199/3199/3199 3196/3196/3196 3200/3200/3200
f 3198/3198/3198 3201/3201/3201 3200/3200/3200
f 3202/3202/3202 3199/3199/3199 3200/3200/3200
f 3203/3203/3203 3199/3199/3199 3202/3202/3202
f 3204/3204/3204 3203/3203/3203 3202/3202/3202
f 3201/3201/3201 3205/3205/3205 3200/3200/3200
f 3201/3201/3201 3206/3206/3206 3205/3205/3205
f 3206/3206/3206 3207/3207/3207 3205/3205/3205
f 3206/3206/3206 3208/3208/3208 3207/3207/3207
f 3209/3209/3209 3205/3205/3205 3207/3207/3207
f 3208/3208/3208 3210/3210/3210 3207/3207/3207
f 3208/3208/3208 3211/3211/3211 3210/3210/3210
f 3207/3207/3207 3212/3212/3212 3209/3209/3209
f 3212/3212/3212 3213/3213/3213 3209/3209/3209
f 3209/3209/3209 3215/3215/3215 3214/3214/3214
f 3215/3215/3215 3216/3216/3216 3214/3214/3214
f 3219/3219/3219 3218/3218/3218 3217/3217/3217
f 3218/3218/3218 3220/3220/3220 3217/3217/3217
f 3218/3218/3218 3221/3221/3221 3220/3220/3220
f 3221/3221/3221 3222/3222/3222 3220/3220/3220
f 3220/3220/3220 3223/3223/3223 3217/3217/3217
f 3223/3223/3223 3224/3224/3224 3217/3217/3217
f 3225/3225/3225 3223/3223/3223 3220/3220/3220
f 3222/3222/3222 3225/3225/3225 3220/3220/3220
f 3217/3217/3217 3224/3224/3224 3226/3226/3226
f 3227/3227/3227 3225/3225/3225 3222/3222/3222
f 3224/3224/3224 3228/3228/3228 3226/3226/3226
f 3229/3229/3229 3227/3227/3227 3222/3222/3222
f 3230/3230/3230 3227/3227/3227 3229/3229/3229
f 3231/3231/3231 3230/3230/3230 3229/3229/3229
f 3226/3226/3226 3228/3228/3228 3232/3232/3232
f 3228/3228/3228 3233/3233/3233 3232/3232/3232
f 3232/3232/3232 3233/3233/3233 3234/3234/3234
f 3233/3233/3233 3235/3235/3235 3234/3234/3234
f 3234/3234/3234 3235/3235/3235 3236/3236/3236
f 3235/3235/3235 3237/3237/3237 3236/3236/3236
f 3236/3236/3236 3237/3237/3237 3238/3238/3238
f 3237/3237/3237 3239/3239/3239 3238/3238/3238
f 3238/3238/3238 3239/3239/3239 3240/3240/3240
f 3239/3239/3239 3241/3241/3241 3240/3240/3240
f 3240/3240/3240 3241/3241/3241 3242/3242/3242
f 3241/3241/3241 3243/3243/3243 3242/3242/3242
f 3246/3246/3246 3245/3245/3245 3244/3244/3244
f 3247/3247/3247 3246/3246/3246 3244/3244/3244
f 3248/3248/3248 3246/3246/3246 3247/3247/3247
f 3249/3249/3249 3248/3248/3248 3247/3247/3247
f 3250/3250/3250 3248/3248/3248 3249/3249/3249
f 3251/3251/3251 3250/3250/3250 3249/3249/3249
f 3252/3252/3252 3250/3250/3250 3251/3251/3251
f 3253/3253/3253 3252/3252/3252 3251/3251/3251
f 3254/3254/3254 3252/3252/3252 3253/3253/3253
f 3255/3255/3255 3254/3254/3254 3253/3253/3253
f 3256/3256/3256 3254/3254/3254 3255/3255/3255
f 3257/3257/3257 3256/3256/3256 3255/3255/3255
f 3258/3258/3258 3256/3256/3256 3257/3257/3257
f 3259/3259/3259 3258/3258/3258 3257/3257/3257
f 3262/3262/3262 3261/3261/3261 3260/3260/3260
f 3263/3263/3263 3262/3262/3262 3260/3260/3260
f 3263/3263/3263 3260/3260/3260 3264/3264/3264
f 3265/3265/3265 3263/3263/3263 3264/3264/3264
f 3266/3266/3266 3263/3263/3263 3265/3265/3265
f 3267/3267/3267 3266/3266/3266 3265/3265/3265
f 3267/3267/3267 3265/3265/3265 3268/3268/3268
f 3269/3269/3269 3267/3267/3267 3268/3268/3268
f 3268/3268/3268 3271/3271/3271 3270/3270/3270
f 3272/3272/3272 3268/3268/3268 3270/3270/3270
f 3268/3268/3268 3274/3274/3274 3273/3273/3273
f 3274/3274/3274 3275/3275/3275 3273/3273/3273
f 3278/3278/3278 3277/3277/3277 3276/3276/3276
f 3276/3276/3276 3279/3279/3279 3278/3278/3278
f 3279/3279/3279 3280/3280/3280 3278/3278/3278
f 3281/3281/3281 3278/3278/3278 3280/3280/3280
f 3279/3279/3279 3195/3195/3195 3280/3280/3280
f 3282/3282/3282 3281/3281/3281 3280/3280/3280
f 3195/3195/3195 3194/3194/3194 3280/3280/3280
f 3282/3282/3282 3280/3280/3280 3194/3194/3194
f 3283/3283/3283 3282/3282/3282 3194/3194/3194
f 3286/3286/3286 3285/3285/3285 3284/3284/3284
f 3287/3287/3287 3286/3286/3286 3284/3284/3284
f 3288/3288/3288 3286/3286/3286 3287/3287/3287
f 3289/3289/3289 3288/3288/3288 3287/3287/3287
f 3292/3292/3292 3291/3291/3291 3290/3290/3290
f 3291/3291/3291 3293/3293/3293 3290/3290/3290
f 3290/3290/3290 3293/3293/3293 3294/3294/3294
f 3293/3293/3293 3295/3295/3295 3294/3294/3294
f 3294/3294/3294 3295/3295/3295 3296/3296/3296
f 3295/3295/3295 3297/3297/3297 3296/3296/3296
f 3296/3296/3296 3297/3297/3297 3298/3298/3298
f 3297/3297/3297 3299/3299/3299 3298/3298/3298
f 3302/3302/3302 3301/3301/3301 3300/3300/3300
f 3303/3303/3303 3302/3302/3302 3300/3300/3300
f 3304/3304/3304 3302/3302/3302 3303/3303/3303
f 3305/3305/3305 3304/3304/3304 3303/3303/3303
f 3308/3308/3308 3307/3307/3307 3306/3306/3306
f 3307/3307/3307 3309/3309/3309 3306/3306/3306
f 3307/3307/3307 3310/3310/3310 3309/3309/3309
f 3310/3310/3310 3311/3311/3311 3309/3309/3309
f 3309/3309/3309 3312/3312/3312 3306/3306/3306
f 3312/3312/3312 3313/3313/3313 3306/3306/3306
f 3306/3306/3306 3313/3313/3313 3314/3314/3314
f 3313/3313/3313 3315/3315/3315 3314/3314/3314
f 3316/3316/3316 3312/3312/3312 3309/3309/3309
f 3311/3311/3311 3316/3316/3316 3309/3309/3309
f 3317/3317/3317 3316/3316/3316 3311/3311/3311
f 3318/3318/3318 3317/3317/3317 3311/3311/3311
f 3319/3319/3319 3317/3317/3317 3318/3318/3318
f 3320/3320/3320 3319/3319/3319 3318/3318/3318
f 3323/3323/3323 3322/3322/3322 3321/3321/3321
f 3324/3324/3324 3323/3323/3323 3321/3321/3321
f 3327/3327/3327 3326/3326/3326 3325/3325/3325
f 3328/3328/3328 3327/3327/3327 3325/3325/3325
f 3329/3329/3329 3327/3327/3327 3328/3328/3328
f 3330/3330/3330 3329/3329/3329 3328/3328/3328
f 3333/3333/3333 3332/3332/3332 3331/3331/3331
f 3334/3334/3334 3333/3333/3333 3331/3331/3331
f 3337/3337/3337 3336/3336/3336 3335/3335/3335
f 3338/3338/3338 3337/3337/3337 3335/3335/3335
f 3341/3341/3341 3340/3340/3340 3339/3339/3339
f 3342/3342/3342 3341/3341/3341 3339/3339/3339
f 3345/3345/3345 3344/3344/3344 3343/3343/3343
f 3343/3343/3343 3346/3346/3346 3345/3345/3345
f 3343/3343/3343 3347/3347/3347 3346/3346/3346
f 3350/3350/3350 3349/3349/3349 3348/3348/3348
f 3348/3348/3348 3351/3351/3351 3350/3350/3350
f 3348/3348/3348 3352/3352/3352 3351/3351/3351
f 3348/3348/3348 3353/3353/3353 3352/3352/3352
f 3353/3353/3353 3354/3354/3354 3352/3352/3352
f 3357/3357/3357 3356/3356/3356 3355/3355/3355
f 3358/3358/3358 3357/3357/3357 3355/3355/3355
f 3361/3361/3361 3360/3360/3360 3359/3359/3359
f 3362/3362/3362 3361/3361/3361 3359/3359/3359
f 3363/3363/3363 3361/3361/3361 3362/3362/3362
f 3364/3364/3364 3363/3363/3363 3362/3362/3362
f 3367/3367/3367 3366/3366/3366 3365/3365/3365
f 3368/3368/3368 3367/3367/3367 3365/3365/3365
f 3371/3371/3371 3370/3370/3370 3369/3369/3369
f 3372/3372/3372 3371/3371/3371 3369/3369/3369
f 3375/3375/3375 3374/3374/3374 3373/3373/3373
f 3376/3376/3376 3375/3375/3375 3373/3373/3373
f 3379/3379/3379 3378/3378/3378 3377/3377/3377
f 3380/3380/3380 3379/3379/3379 3377/3377/3377
f 3380/3380/3380 3377/3377/3377 3381/3381/3381
f 3382/3382/3382 3380/3380/3380 3381/3381/3381
f 3382/3382/3382 3381/3381/3381 3383/3383/3383
f 3384/3384/3384 3382/3382/3382 3383/3383/3383
f 3384/3384/3384 3383/3383/3383 3385/3385/3385
f 3386/3386/3386 3384/3384/3384 3385/3385/3385
f 3386/3386/3386 3385/3385/3385 3387/3387/3387
f 3388/3388/3388 3386/3386/3386 3387/3387/3387
f 3388/3388/3388 3387/3387/3387 3389/3389/3389
f 3390/3390/3390 3388/3388/3388 3389/3389/3389
f 3390/3390/3390 3389/3389/3389 3391/3391/3391
f 3392/3392/3392 3390/3390/3390 3391/3391/3391
f 3392/3392/3392 3391/3391/3391 3393/3393/3393
f 3394/3394/3394 3392/3392/3392 3393/3393/3393
f 3394/3394/3394 3393/3393/3393 3395/3395/3395
f 3396/3396/3396 3394/3394/3394 3395/3395/3395
f 3396/3396/3396 3395/3395/3395 3397/3397/3397
f 3398/3398/3398 3396/3396/3396 3397/3397/3397
f 3398/3398/3398 3397/3397/3397 3399/3399/3399
f 3400/3400/3400 3398/3398/3398 3399/3399/3399
f 3403/3403/3403 3402/3402/3402 3401/3401/3401
f 3404/3404/3404 3403/3403/3403 3401/3401/3401
f 3404/3404/3404 3401/3401/3401 3405/3405/3405
f 3406/3406/3406 3404/3404/3404 3405/3405/3405
f 3406/3406/3406 3405/3405/3405 3407/3407/3407
f 3408/3408/3408 3406/3406/3406 3407/3407/3407
f 3408/3408/3408 3407/3407/3407 3409/3409/3409
f 3410/3410/3410 3408/3408/3408 3409/3409/3409
f 3410/3410/3410 3409/3409/3409 3411/3411/3411
f 3412/3412/3412 3410/3410/3410 3411/3411/3411
f 3412/3412/3412 3411/3411/3411 3413/3413/3413
f 3414/3414/3414 3412/3412/3412 3413/3413/3413
f 3414/3414/3414 3413/3413/3413 3415/3415/3415
f 3416/3416/3416 3414/3414/3414 3415/3415/3415
f 3419/3419/3419 3418/3418/3418 3417/3417/3417
f 3418/3418/3418 3420/3420/3420 3417/3417/3417
f 3418/3418/3418 3421/3421/3421 3420/3420/3420
f 3420/3420/3420 3422/3422/3422 3417/3417/3417
f 3422/3422/3422 3423/3423/3423 3417/3417/3417
f 3424/3424/3424 3422/3422/3422 3420/3420/3420
f 3421/3421/3421 3425/3425/3425 3420/3420/3420
f 3425/3425/3425 3424/3424/3424 3420/3420/3420
f 3421/3421/3421 3426/3426/3426 3425/3425/3425
f 3427/3427/3427 3424/3424/3424 3425/3425/3425
f 3426/3426/3426 3428/3428/3428 3425/3425/3425
f 3428/3428/3428 3427/3427/3427 3425/3425/3425
f 3429/3429/3429 3427/3427/3427 3428/3428/3428
f 3426/3426/3426 3430/3430/3430 3428/3428/3428
f 3431/3431/3431 3429/3429/3429 3428/3428/3428
f 3430/3430/3430 3431/3431/3431 3428/3428/3428
f 3430/3430/3430 3432/3432/3432 3431/3431/3431
f 3432/3432/3432 3433/3433/3433 3431/3431/3431
f 3432/3432/3432 3434/3434/3434 3433/3433/3433
f 3434/3434/3434 3435/3435/3435 3433/3433/3433
f 3438/3438/3438 3437/3437/3437 3436/3436/3436
f 3439/3439/3439 3438/3438/3438 3436/3436/3436
f 3441/3441/3441 3439/3439/3439 3440/3440/3440
f 3442/3442/3442 3441/3441/3441 3440/3440/3440
f 3444/3444/3444 3441/3441/3441 3443/3443/3443
f 3445/3445/3445 3444/3444/3444 3443/3443/3443
f 3436/3436/3436 3447/3447/3447 3446/3446/3446
f 3447/3447/3447 3448/3448/3448 3446/3446/3446
f 3436/3436/3436 3450/3450/3450 3449/3449/3449
f 3451/3451/3451 3436/3436/3436 3449/3449/3449
f 3453/3453/3453 3450/3450/3450 3452/3452/3452
f 3450/3450/3450 3454/3454/3454 3452/3452/3452
f 3454/3454/3454 3456/3456/3456 3455/3455/3455
f 3456/3456/3456 3457/3457/3457 3455/3455/3455
f 3455/3455/3455 3457/3457/3457 3458/3458/3458
f 3457/3457/3457 3459/3459/3459 3458/3458/3458
f 3458/3458/3458 3459/3459/3459 3460/3460/3460
f 3459/3459/3459 3461/3461/3461 3460/3460/3460
f 3463/3463/3463 3462/3462/3462 3451/3451/3451
f 3464/3464/3464 3463/3463/3463 3451/3451/3451
f 3466/3466/3466 3465/3465/3465 3463/3463/3463
f 3467/3467/3467 3466/3466/3466 3463/3463/3463
f 3469/3469/3469 3468/3468/3468 3467/3467/3467
f 3470/3470/3470 3469/3469/3469 3467/3467/3467
f 3471/3471/3471 3469/3469/3469 3470/3470/3470
f 3472/3472/3472 3471/3471/3471 3470/3470/3470
f 3472/3472/3472 3470/3470/3470 3445/3445/3445
f 3473/3473/3473 3471/3471/3471 3472/3472/3472
f 3474/3474/3474 3472/3472/3472 3445/3445/3445
f 3475/3475/3475 3473/3473/3473 3472/3472/3472
f 3475/3475/3475 3472/3472/3472 3474/3474/3474
f 3476/3476/3476 3475/3475/3475 3474/3474/3474
f 3479/3479/3479 3478/3478/3478 3477/3477/3477
f 3480/3480/3480 3479/3479/3479 3477/3477/3477
f 3482/3482/3482 3477/3477/3477 3481/3481/3481
f 3483/3483/3483 3482/3482/3482 3481/3481/3481
f 3486/3486/3486 3485/3485/3485 3484/3484/3484
f 3487/3487/3487 3486/3486/3486 3484/3484/3484
f 3489/3489/3489 3488/3488/3488 3487/3487/3487
f 3490/3490/3490 3489/3489/3489 3487/3487/3487
f 3492/3492/3492 3487/3487/3487 3491/3491/3491
f 3493/3493/3493 3492/3492/3492 3491/3491/3491
f 3494/3494/3494 3490/3490/3490 3493/3493/3493
f 3495/3495/3495 3494/3494/3494 3493/3493/3493
f 3491/3491/3491 3497/3497/3497 3496/3496/3496
f 3497/3497/3497 3498/3498/3498 3496/3496/3496
f 3500/3500/3500 3489/3489/3489 3499/3499/3499
f 3501/3501/3501 3500/3500/3500 3499/3499/3499
f 3503/3503/3503 3500/3500/3500 3502/3502/3502
f 3504/3504/3504 3503/3503/3503 3502/3502/3502
f 3504/3504/3504 3505/3505/3505 3495/3495/3495
f 3506/3506/3506 3504/3504/3504 3495/3495/3495
f 3507/3507/3507 3503/3503/3503 3504/3504/3504
f 3508/3508/3508 3507/3507/3507 3504/3504/3504
f 3508/3508/3508 3504/3504/3504 3509/3509/3509
f 3510/3510/3510 3507/3507/3507 3508/3508/3508
f 3511/3511/3511 3508/3508/3508 3509/3509/3509
f 3512/3512/3512 3510/3510/3510 3508/3508/3508
f 3512/3512/3512 3508/3508/3508 3511/3511/3511
f 3513/3513/3513 3510/3510/3510 3512/3512/3512
f 3514/3514/3514 3513/3513/3513 3512/3512/3512
f 3515/3515/3515 3512/3512/3512 3511/3511/3511
f 3517/3517/3517 3514/3514/3514 3516/3516/3516
f 3518/3518/3518 3517/3517/3517 3516/3516/3516
f 3520/3520/3520 3519/3519/3519 3515/3515/3515
f 3521/3521/3521 3520/3520/3520 3515/3515/3515
f 3523/3523/3523 3522/3522/3522 3520/3520/3520
f 3524/3524/3524 3523/3523/3523 3520/3520/3520
f 3527/3527/3527 3526/3526/3526 3525/3525/3525
f 3528/3528/3528 3527/3527/3527 3525/3525/3525
f 3529/3529/3529 3527/3527/3527 3528/3528/3528
f 3530/3530/3530 3529/3529/3529 3528/3528/3528
f 3532/3532/3532 3528/3528/3528 3531/3531/3531
f 3533/3533/3533 3532/3532/3532 3531/3531/3531
f 3536/3536/3536 3535/3535/3535 3534/3534/3534
f 3537/3537/3537 3536/3536/3536 3534/3534/3534
f 3539/3539/3539 3534/3534/3534 3538/3538/3538
f 3534/3534/3534 3540/3540/3540 3538/3538/3538
f 3538/3538/3538 3540/3540/3540 3541/3541/3541
f 3540/3540/3540 3542/3542/3542 3541/3541/3541
f 3541/3541/3541 3542/3542/3542 3543/3543/3543
f 3542/3542/3542 3544/3544/3544 3543/3543/3543
f 3547/3547/3547 3546/3546/3546 3545/3545/3545
f 3546/3546/3546 3548/3548/3548 3545/3545/3545
f 3545/3545/3545 3548/3548/3548 3549/3549/3549
f 3548/3548/3548 3550/3550/3550 3549/3549/3549
f 3553/3553/3553 3552/3552/3552 3551/3551/3551
f 3552/3552/3552 3554/3554/3554 3551/3551/3551
f 3551/3551/3551 3554/3554/3554 3555/3555/3555
f 3554/3554/3554 3556/3556/3556 3555/3555/3555
f 3559/3559/3559 3558/3558/3558 3557/3557/3557
f 3558/3558/3558 3560/3560/3560 3557/3557/3557
f 3558/3558/3558 3561/3561/3561 3560/3560/3560
f 3561/3561/3561 3562/3562/3562 3560/3560/3560
f 3565/3565/3565 3564/3564/3564 3563/3563/3563
f 3566/3566/3566 3565/3565/3565 3563/3563/3563
f 3567/3567/3567 3565/3565/3565 3566/3566/3566
f 3568/3568/3568 3567/3567/3567 3566/3566/3566
f 3569/3569/3569 3567/3567/3567 3568/3568/3568
f 3570/3570/3570 3569/3569/3569 3568/3568/3568
f 3571/3571/3571 3569/3569/3569 3570/3570/3570
f 3572/3572/3572 3571/3571/3571 3570/3570/3570
f 3573/3573/3573 3571/3571/3571 3572/3572/3572
f 3574/3574/3574 3573/3573/3573 3572/3572/3572
f 3575/3575/3575 3573/3573/3573 3574/3574/3574
f 3576/3576/3576 3575/3575/3575 3574/3574/3574
f 3577/3577/3577 3575/3575/3575 3576/3576/3576
f 3578/3578/3578 3577/3577/3577 3576/3576/3576
f 3579/3579/3579 3577/3577/3577 3578/3578/3578
f 3580/3580/3580 3579/3579/3579 3578/3578/3578
f 3581/3581/3581 3579/3579/3579 3580/3580/3580
f 3582/3582/3582 3581/3581/3581 3580/3580/3580
f 3583/3583/3583 3581/3581/3581 3582/3582/3582
f 3584/3584/3584 3583/3583/3583 3582/3582/3582
f 3586/3586/3586 3583/3583/3583 3585/3585/3585
f 3587/3587/3587 3586/3586/3586 3585/3585/3585
f 3590/3590/3590 3589/3589/3589 3588/3588/3588
f 3591/3591/3591 3590/3590/3590 3588/3588/3588
f 3593/3593/3593 3588/3588/3588 3592/3592/3592
f 3594/3594/3594 3593/3593/3593 3592/3592/3592
f 3597/3597/3597 3596/3596/3596 3595/3595/3595
f 3598/3598/3598 3597/3597/3597 3595/3595/3595
f 3599/3599/3599 3598/3598/3598 3595/3595/3595
f 3600/3600/3600 3599/3599/3599 3595/3595/3595
f 3602/3602/3602 3599/3599/3599 3601/3601/3601
f 3603/3603/3603 3602/3602/3602 3601/3601/3601
f 3604/3604/3604 3602/3602/3602 3603/3603/3603
f 3605/3605/3605 3604/3604/3604 3603/3603/3603
f 3606/3606/3606 3604/3604/3604 3605/3605/3605
f 3607/3607/3607 3606/3606/3606 3605/3605/3605
f 3608/3608/3608 3606/3606/3606 3607/3607/3607
f 3609/3609/3609 3608/3608/3608 3607/3607/3607
f 3612/3612/3612 3611/3611/3611 3610/3610/3610
f 3611/3611/3611 3613/3613/3613 3610/3610/3610
f 3613/3613/3613 3611/3611/3611 3614/3614/3614
f 3611/3611/3611 3615/3615/3615 3614/3614/3614
f 3618/3618/3618 3617/3617/3617 3616/3616/3616
f 3617/3617/3617 3619/3619/3619 3616/3616/3616
f 3616/3616/3616 3619/3619/3619 3620/3620/3620
f 3619/3619/3619 3621/3621/3621 3620/3620/3620
f 3620/3620/3620 3621/3621/3621 3622/3622/3622
f 3621/3621/3621 3623/3623/3623 3622/3622/3622
f 3626/3626/3626 3625/3625/3625 3624/3624/3624
f 3627/3627/3627 3626/3626/3626 3624/3624/3624
f 3624/3624/3624 3629/3629/3629 3628/3628/3628
f 3629/3629/3629 3630/3630/3630 3628/3628/3628
f 3633/3633/3633 3632/3632/3632 3631/3631/3631
f 3634/3634/3634 3633/3633/3633 3631/3631/3631
f 3636/3636/3636 3631/3631/3631 3635/3635/3635
f 3637/3637/3637 3636/3636/3636 3635/3635/3635
f 3640/3640/3640 3639/3639/3639 3638/3638/3638
f 3641/3641/3641 3640/3640/3640 3638/3638/3638
f 3644/3644/3644 3643/3643/3643 3642/3642/3642
f 3645/3645/3645 3644/3644/3644 3642/3642/3642
f 3646/3646/3646 3644/3644/3644 3645/3645/3645
f 3647/3647/3647 3646/3646/3646 3645/3645/3645
f 3648/3648/3648 3646/3646/3646 3647/3647/3647
f 3649/3649/3649 3648/3648/3648 3647/3647/3647
f 3650/3650/3650 3648/3648/3648 3649/3649/3649
f 3651/3651/3651 3650/3650/3650 3649/3649/3649
f 3652/3652/3652 3650/3650/3650 3651/3651/3651
f 3653/3653/3653 3652/3652/3652 3651/3651/3651
f 3656/3656/3656 3655/3655/3655 3654/3654/3654
f 3657/3657/3657 3656/3656/3656 3654/3654/3654
f 3660/3660/3660 3659/3659/3659 3658/3658/3658
f 3661/3661/3661 3660/3660/3660 3658/3658/3658
f 3664/3664/3664 3663/3663/3663 3662/3662/3662
f 3665/3665/3665 3664/3664/3664 3662/3662/3662
f 3666/3666/3666 3664/3664/3664 3665/3665/3665
f 3667/3667/3667 3666/3666/3666 3665/3665/3665
f 3668/3668/3668 3666/3666/3666 3667/3667/3667
f 3669/3669/3669 3668/3668/3668 3667/3667/3667
f 3670/3670/3670 3668/3668/3668 3669/3669/3669
f 3671/3671/3671 3670/3670/3670 3669/3669/3669
f 3674/3674/3674 3673/3673/3673 3672/3672/3672
f 3673/3673/3673 3675/3675/3675 3672/3672/3672
f 3673/3673/3673 3676/3676/3676 3675/3675/3675
f 3676/3676/3676 3677/3677/3677 3675/3675/3675
f 3680/3680/3680 3679/3679/3679 3678/3678/3678
f 3678/3678/3678 3681/3681/3681 3680/3680/3680
f 3684/3684/3684 3683/3683/3683 3682/3682/3682
f 3685/3685/3685 3684/3684/3684 3682/3682/3682
f 3688/3688/3688 3687/3687/3687 3686/3686/3686
f 3687/3687/3687 3689/3689/3689 3686/3686/3686
f 3687/3687/3687 3690/3690/3690 3689/3689/3689
f 3690/3690/3690 3691/3691/3691 3689/3689/3689
f 3690/3690/3690 3692/3692/3692 3691/3691/3691
f 3692/3692/3692 3693/3693/3693 3691/3691/3691
f 3692/3692/3692 3694/3694/3694 3693/3693/3693
f 3694/3694/3694 3695/3695/3695 3693/3693/3693
f 3694/3694/3694 3696/3696/3696 3695/3695/3695
f 3696/3696/3696 3697/3697/3697 3695/3695/3695
f 3700/3700/3700 3699/3699/3699 3698/3698/3698
f 3701/3701/3701 3700/3700/3700 3698/3698/3698
f 3704/3704/3704 3703/3703/3703 3702/3702/3702
f 3703/3703/3703 3705/3705/3705 3702/3702/3702
f 3703/3703/3703 3706/3706/3706 3705/3705/3705
f 3706/3706/3706 3707/3707/3707 3705/3705/3705
f 3706/3706/3706 3708/3708/3708 3707/3707/3707
f 3708/3708/3708 3709/3709/3709 3707/3707/3707
f 3707/3707/3707 3709/3709/3709 3710/3710/3710
f 3708/3708/3708 3711/3711/3711 3709/3709/3709
f 3709/3709/3709 3712/3712/3712 3710/3710/3710
f 3710/3710/3710 3712/3712/3712 3713/3713/3713
f 3711/3711/3711 3714/3714/3714 3709/3709/3709
f 3709/3709/3709 3714/3714/3714 3712/3712/3712
f 3711/3711/3711 3715/3715/3715 3714/3714/3714
f 3715/3715/3715 3716/3716/3716 3714/3714/3714
f 3715/3715/3715 3717/3717/3717 3716/3716/3716
f 3714/3714/3714 3718/3718/3718 3712/3712/3712
f 3714/3714/3714 3716/3716/3716 3718/3718/3718
f 3712/3712/3712 3719/3719/3719 3713/3713/3713
f 3712/3712/3712 3718/3718/3718 3719/3719/3719
f 3717/3717/3717 3720/3720/3720 3716/3716/3716
f 3717/3717/3717 3721/3721/3721 3720/3720/3720
f 3719/3719/3719 3722/3722/3722 3713/3713/3713
f 3722/3722/3722 3723/3723/3723 3713/3713/3713
f 3724/3724/3724 3722/3722/3722 3719/3719/3719
f 3725/3725/3725 3724/3724/3724 3719/3719/3719
f 3718/3718/3718 3725/3725/3725 3719/3719/3719
f 3726/3726/3726 3724/3724/3724 3725/3725/3725
f 3716/3716/3716 3727/3727/3727 3718/3718/3718
f 3718/3718/3718 3727/3727/3727 3725/3725/3725
f 3716/3716/3716 3720/3720/3720 3727/3727/3727
f 3728/3728/3728 3726/3726/3726 3725/3725/3725
f 3727/3727/3727 3728/3728/3728 3725/3725/3725
f 3729/3729/3729 3726/3726/3726 3728/3728/3728
f 3721/3721/3721 3730/3730/3730 3720/3720/3720
f 3721/3721/3721 3731/3731/3731 3730/3730/3730
f 3720/3720/3720 3732/3732/3732 3727/3727/3727
f 3727/3727/3727 3732/3732/3732 3728/3728/3728
f 3720/3720/3720 3730/3730/3730 3732/3732/3732
f 3733/3733/3733 3729/3729/3729 3728/3728/3728
f 3732/3732/3732 3733/3733/3733 3728/3728/3728
f 3734/3734/3734 3729/3729/3729 3733/3733/3733
f 3731/3731/3731 3735/3735/3735 3730/3730/3730
f 3731/3731/3731 3736/3736/3736 3735/3735/3735
f 3730/3730/3730 3737/3737/3737 3732/3732/3732
f 3732/3732/3732 3737/3737/3737 3733/3733/3733
f 3730/3730/3730 3735/3735/3735 3737/3737/3737
f 3736/3736/3736 3738/3738/3738 3735/3735/3735
f 3736/3736/3736 3739/3739/3739 3738/3738/3738
f 3739/3739/3739 3740/3740/3740 3738/3738/3738
f 3735/3735/3735 3741/3741/3741 3737/3737/3737
f 3742/3742/3742 3734/3734/3734 3733/3733/3733
f 3737/3737/3737 3742/3742/3742 3733/3733/3733
f 3737/3737/3737 3741/3741/3741 3742/3742/3742
f 3743/3743/3743 3734/3734/3734 3742/3742/3742
f 3741/3741/3741 3744/3744/3744 3742/3742/3742
f 3744/3744/3744 3743/3743/3743 3742/3742/3742
f 3747/3747/3747 3746/3746/3746 3745/3745/3745
f 3748/3748/3748 3747/3747/3747 3745/3745/3745
f 3749/3749/3749 3747/3747/3747 3748/3748/3748
f 3750/3750/3750 3749/3749/3749 3748/3748/3748
f 3748/3748/3748 3745/3745/3745 3751/3751/3751
f 3745/3745/3745 3752/3752/3752 3751/3751/3751
f 3745/3745/3745 3753/3753/3753 3752/3752/3752
f 3753/3753/3753 3754/3754/3754 3752/3752/3752
f 3753/3753/3753 3755/3755/3755 3754/3754/3754
f 3755/3755/3755 3756/3756/3756 3754/3754/3754
f 3755/3755/3755 3757/3757/3757 3756/3756/3756
f 3757/3757/3757 3758/3758/3758 3756/3756/3756
f 3757/3757/3757 3759/3759/3759 3758/3758/3758
f 3759/3759/3759 3760/3760/3760 3758/3758/3758
f 3759/3759/3759 3761/3761/3761 3760/3760/3760
f 3761/3761/3761 3762/3762/3762 3760/3760/3760
f 3761/3761/3761 3763/3763/3763 3762/3762/3762
f 3763/3763/3763 3764/3764/3764 3762/3762/3762
f 3763/3763/3763 3765/3765/3765 3764/3764/3764
f 3765/3765/3765 3766/3766/3766 3764/3764/3764
f 3765/3765/3765 3767/3767/3767 3766/3766/3766
f 3766/3766/3766 3768/3768/3768 3764/3764/3764
f 3768/3768/3768 3769/3769/3769 3764/3764/3764
f 3770/3770/3770 3768/3768/3768 3766/3766/3766
f 3771/3771/3771 3770/3770/3770 3766/3766/3766
f 3767/3767/3767 3771/3771/3771 3766/3766/3766
f 3767/3767/3767 3772/3772/3772 3771/3771/3771
f 3775/3775/3775 3774/3774/3774 3773/3773/3773
f 3776/3776/3776 3775/3775/3775 3773/3773/3773
f 3777/3777/3777 3775/3775/3775 3776/3776/3776
f 3778/3778/3778 3777/3777/3777 3776/3776/3776
f 3779/3779/3779 3776/3776/3776 3773/3773/3773
f 3780/3780/3780 3779/3779/3779 3773/3773/3773
f 3779/3779/3779 3781/3781/3781 3776/3776/3776
f 3781/3781/3781 3778/3778/3778 3776/3776/3776
f 3780/3780/3780 3773/3773/3773 3782/3782/3782
f 3781/3781/3781 3783/3783/3783 3778/3778/3778
f 3784/3784/3784 3780/3780/3780 3782/3782/3782
f 3783/3783/3783 3785/3785/3785 3778/3778/3778
f 3783/3783/3783 3786/3786/3786 3785/3785/3785
f 3786/3786/3786 3787/3787/3787 3785/3785/3785
f 3784/3784/3784 3782/3782/3782 3788/3788/3788
f 3789/3789/3789 3784/3784/3784 3788/3788/3788
f 3789/3789/3789 3788/3788/3788 3790/3790/3790
f 3791/3791/3791 3789/3789/3789 3790/3790/3790
f 3791/3791/3791 3790/3790/3790 3792/3792/3792
f 3793/3793/3793 3791/3791/3791 3792/3792/3792
f 3793/3793/3793 3792/3792/3792 3794/3794/3794
f 3795/3795/3795 3793/3793/3793 3794/3794/3794
f 3795/3795/3795 3794/3794/3794 3796/3796/3796
f 3797/3797/3797 3795/3795/3795 3796/3796/3796
f 3797/3797/3797 3796/3796/3796 3798/3798/3798
f 3799/3799/3799 3797/3797/3797 3798/3798/3798
f 3802/3802/3802 3801/3801/3801 3800/3800/3800
f 3801/3801/3801 3803/3803/3803 3800/3800/3800
f 3801/3801/3801 3804/3804/3804 3803/3803/3803
f 3804/3804/3804 3805/3805/3805 3803/3803/3803
f 3804/3804/3804 3806/3806/3806 3805/3805/3805
f 3806/3806/3806 3807/3807/3807 3805/3805/3805
f 3806/3806/3806 3808/3808/3808 3807/3807/3807
f 3808/3808/3808 3809/3809/3809 3807/3807/3807
f 3808/3808/3808 3810/3810/3810 3809/3809/3809
f 3810/3810/3810 3811/3811/3811 3809/3809/3809
f 3810/3810/3810 3812/3812/3812 3811/3811/3811
f 3812/3812/3812 3813/3813/3813 3811/3811/3811
f 3812/3812/3812 3814/3814/3814 3813/3813/3813
f 3814/3814/3814 3815/3815/3815 3813/3813/3813
f 3818/3818/3818 3817/3817/3817 3816/3816/3816
f 3817/3817/3817 3819/3819/3819 3816/3816/3816
f 3816/3816/3816 3819/3819/3819 3820/3820/3820
f 3819/3819/3819 3821/3821/3821 3820/3820/3820
f 3819/3819/3819 3822/3822/3822 3821/3821/3821
f 3822/3822/3822 3823/3823/3823 3821/3821/3821
f 3821/3821/3821 3823/3823/3823 3824/3824/3824
f 3823/3823/3823 3825/3825/3825 3824/3824/3824
f 3824/3824/3824 3827/3827/3827 3826/3826/3826
f 3828/3828/3828 3824/3824/3824 3826/3826/3826
f 3830/3830/3830 3824/3824/3824 3829/3829/3829
f 3831/3831/3831 3830/3830/3830 3829/3829/3829
f 3834/3834/3834 3833/3833/3833 3832/3832/3832
f 3832/3832/3832 3835/3835/3835 3834/3834/3834
f 3832/3832/3832 3836/3836/3836 3835/3835/3835
f 3837/3837/3837 3836/3836/3836 3832/3832/3832
f 3838/3838/3838 3837/3837/3837 3832/3832/3832
f 3837/3837/3837 3839/3839/3839 3836/3836/3836
f 3838/3838/3838 3832/3832/3832 3840/3840/3840
f 3841/3841/3841 3838/3838/3838 3840/3840/3840
f 3840/3840/3840 3842/3842/3842 3841/3841/3841
f 3839/3839/3839 3843/3843/3843 3836/3836/3836
f 3839/3839/3839 3750/3750/3750 3843/3843/3843
f 3750/3750/3750 3844/3844/3844 3843/3843/3843
f 3750/3750/3750 3748/3748/3748 3844/3844/3844
f 3748/3748/3748 3751/3751/3751 3844/3844/3844
f 3751/3751/3751 3845/3845/3845 3844/3844/3844
f 3845/3845/3845 3846/3846/3846 3844/3844/3844
f 3844/3844/3844 3846/3846/3846 3843/3843/3843
f 3846/3846/3846 3847/3847/3847 3843/3843/3843
f 3846/3846/3846 3848/3848/3848 3847/3847/3847
f 3848/3848/3848 3849/3849/3849 3847/3847/3847
f 3852/3852/3852 3851/3851/3851 3850/3850/3850
f 3851/3851/3851 3853/3853/3853 3850/3850/3850
f 3851/3851/3851 3854/3854/3854 3853/3853/3853
f 3854/3854/3854 3855/3855/3855 3853/3853/3853
f 3858/3858/3858 3857/3857/3857 3856/3856/3856
f 3859/3859/3859 3858/3858/3858 3856/3856/3856
f 3859/3859/3859 3856/3856/3856 3860/3860/3860
f 3861/3861/3861 3859/3859/3859 3860/3860/3860
f 3861/3861/3861 3860/3860/3860 3862/3862/3862
f 3863/3863/3863 3861/3861/3861 3862/3862/3862
f 3863/3863/3863 3862/3862/3862 3864/3864/3864
f 3865/3865/3865 3863/3863/3863 3864/3864/3864
f 3868/3868/3868 3867/3867/3867 3866/3866/3866
f 3867/3867/3867 3869/3869/3869 3866/3866/3866
f 3867/3867/3867 3870/3870/3870 3869/3869/3869
f 3870/3870/3870 3871/3871/3871 3869/3869/3869
f 3874/3874/3874 3873/3873/3873 3872/3872/3872
f 3875/3875/3875 3874/3874/3874 3872/3872/3872
f 3876/3876/3876 3874/3874/3874 3875/3875/3875
f 3877/3877/3877 3876/3876/3876 3875/3875/3875
f 3878/3878/3878 3875/3875/3875 3872/3872/3872
f 3879/3879/3879 3878/3878/3878 3872/3872/3872
f 3879/3879/3879 3872/3872/3872 3880/3880/3880
f 3881/3881/3881 3879/3879/3879 3880/3880/3880
f 3878/3878/3878 3882/3882/3882 3875/3875/3875
f 3882/3882/3882 3877/3877/3877 3875/3875/3875
f 3882/3882/3882 3883/3883/3883 3877/3877/3877
f 3883/3883/3883 3884/3884/3884 3877/3877/3877
f 3883/3883/3883 3885/3885/3885 3884/3884/3884
f 3885/3885/3885 3886/3886/3886 3884/3884/3884
f 3889/3889/3889 3888/3888/3888 3887/3887/3887
f 3890/3890/3890 3889/3889/3889 3887/3887/3887
f 3893/3893/3893 3892/3892/3892 3891/3891/3891
f 3892/3892/3892 3894/3894/3894 3891/3891/3891
f 3892/3892/3892 3895/3895/3895 3894/3894/3894
f 3895/3895/3895 3896/3896/3896 3894/3894/3894
f 3899/3899/3899 3898/3898/3898 3897/3897/3897
f 3900/3900/3900 3899/3899/3899 3897/3897/3897
f 3903/3903/3903 3902/3902/3902 3901/3901/3901
f 3904/3904/3904 3903/3903/3903 3901/3901/3901
f 3907/3907/3907 3906/3906/3906 3905/3905/3905
f 3908/3908/3908 3907/3907/3907 3905/3905/3905
f 3911/3911/3911 3910/3910/3910 3909/3909/3909
f 3909/3909/3909 3912/3912/3912 3911/3911/3911
f 3909/3909/3909 3913/3913/3913 3912/3912/3912
f 3916/3916/3916 3915/3915/3915 3914/3914/3914
f 3914/3914/3914 3917/3917/3917 3916/3916/3916
f 3914/3914/3914 3918/3918/3918 3917/3917/3917
f 3919/3919/3919 3917/3917/3917 3918/3918/3918
f 3920/3920/3920 3919/3919/3919 3918/3918/3918
f 3923/3923/3923 3922/3922/3922 3921/3921/3921
f 3924/3924/3924 3923/3923/3923 3921/3921/3921
f 3927/3927/3927 3926/3926/3926 3925/3925/3925
f 3926/3926/3926 3835/3835/3835 3925/3925/3925
f 3930/3930/3930 3929/3929/3929 3928/3928/3928
f 3929/3929/3929 3931/3931/3931 3928/3928/3928
f 3929/3929/3929 3932/3932/3932 3931/3931/3931
f 3932/3932/3932 3933/3933/3933 3931/3931/3931
f 3936/3936/3936 3935/3935/3935 3934/3934/3934
f 3937/3937/3937 3936/3936/3936 3934/3934/3934
f 3940/3940/3940 3939/3939/3939 3938/3938/3938
f 3941/3941/3941 3940/3940/3940 3938/3938/3938
f 3944/3944/3944 3943/3943/3943 3942/3942/3942
f 3945/3945/3945 3944/3944/3944 3942/3942/3942
f 3948/3948/3948 3947/3947/3947 3946/3946/3946
f 3947/3947/3947 3949/3949/3949 3946/3946/3946
f 3947/3947/3947 3950/3950/3950 3949/3949/3949
f 3950/3950/3950 3951/3951/3951 3949/3949/3949
f 3950/3950/3950 3952/3952/3952 3951/3951/3951
f 3952/3952/3952 3953/3953/3953 3951/3951/3951
f 3952/3952/3952 3954/3954/3954 3953/3953/3953
f 3954/3954/3954 3955/3955/3955 3953/3953/3953
f 3957/3957/3957 3956/3956/3956 3953/3953/3953
f 3958/3958/3958 3957/3957/3957 3953/3953/3953
f 3960/3960/3960 3959/3959/3959 3957/3957/3957
f 3961/3961/3961 3960/3960/3960 3957/3957/3957
f 3963/3963/3963 3953/3953/3953 3962/3962/3962
f 3964/3964/3964 3963/3963/3963 3962/3962/3962
f 3964/3964/3964 3962/3962/3962 3965/3965/3965
f 3966/3966/3966 3964/3964/3964 3965/3965/3965
f 3967/3967/3967 3963/3963/3963 3964/3964/3964
f 3967/3967/3967 3968/3968/3968 3963/3963/3963
f 3968/3968/3968 3969/3969/3969 3963/3963/3963
f 3970/3970/3970 3967/3967/3967 3964/3964/3964
f 3970/3970/3970 3964/3964/3964 3966/3966/3966
f 3971/3971/3971 3970/3970/3970 3966/3966/3966
f 3971/3971/3971 3966/3966/3966 3972/3972/3972
f 3973/3973/3973 3971/3971/3971 3972/3972/3972
f 3969/3969/3969 3975/3975/3975 3974/3974/3974
f 3975/3975/3975 3976/3976/3976 3974/3974/3974
f 3973/3973/3973 3978/3978/3978 3977/3977/3977
f 3979/3979/3979 3973/3973/3973 3977/3977/3977
f 3966/3966/3966 3981/3981/3981 3980/3980/3980
f 3982/3982/3982 3966/3966/3966 3980/3980/3980
f 3984/3984/3984 3980/3980/3980 3983/3983/3983
f 3985/3985/3985 3984/3984/3984 3983/3983/3983
f 3979/3979/3979 3985/3985/3985 3986/3986/3986
f 3987/3987/3987 3979/3979/3979 3986/3986/3986
f 3989/3989/3989 3983/3983/3983 3988/3988/3988
f 3986/3986/3986 3989/3989/3989 3988/3988/3988
f 3991/3991/3991 3988/3988/3988 3990/3990/3990
f 3992/3992/3992 3991/3991/3991 3990/3990/3990
f 3994/3994/3994 3986/3986/3986 3993/3993/3993
f 3995/3995/3995 3994/3994/3994 3993/3993/3993
f 3998/3998/3998 3997/3997/3997 3996/3996/3996
f 3997/3997/3997 3999/3999/3999 3996/3996/3996
f 3996/3996/3996 3999/3999/3999 4000/4000/4000
f 3999/3999/3999 4001/4001/4001 4000/4000/4000
f 4000/4000/4000 4001/4001/4001 4002/4002/4002
f 4001/4001/4001 4003/4003/4003 4002/4002/4002
f 4002/4002/4002 4003/4003/4003 4004/4004/4004
f 4003/4003/4003 4005/4005/4005 4004/4004/4004
f 4004/4004/4004 4005/4005/4005 4006/4006/4006
f 4005/4005/4005 4007/4007/4007 4006/4006/4006
f 4006/4006/4006 4007/4007/4007 4008/4008/4008
f 4007/4007/4007 4009/4009/4009 4008/4008/4008
f 4008/4008/4008 4009/4009/4009 4010/4010/4010
f 4009/4009/4009 4011/4011/4011 4010/4010/4010
f 4010/4010/4010 4011/4011/4011 4012/4012/4012
f 4011/4011/4011 4013/4013/4013 4012/4012/4012
f 4012/4012/4012 4013/4013/4013 4014/4014/4014
f 4013/4013/4013 4015/4015/4015 4014/4014/4014
f 4014/4014/4014 4015/4015/4015 4016/4016/4016
f 4015/4015/4015 4017/4017/4017 4016/4016/4016
f 4016/4016/4016 4017/4017/4017 4018/4018/4018
f 4017/4017/4017 4019/4019/4019 4018/4018/4018
f 4022/4022/4022 4021/4021/4021 4020/4020/4020
f 4021/4021/4021 4023/4023/4023 4020/4020/4020
f 4020/4020/4020 4023/4023/4023 4024/4024/4024
f 4023/4023/4023 4025/4025/4025 4024/4024/4024
f 4024/4024/4024 4025/4025/4025 4026/4026/4026
f 4025/4025/4025 4027/4027/4027 4026/4026/4026
f 4026/4026/4026 4027/4027/4027 4028/4028/4028
f 4027/4027/4027 4029/4029/4029 4028/4028/4028
f 4028/4028/4028 4029/4029/4029 4030/4030/4030
f 4029/4029/4029 4031/4031/4031 4030/4030/4030
f 4030/4030/4030 4031/4031/4031 4032/4032/4032
f 4031/4031/4031 4033/4033/4033 4032/4032/4032
f 4032/4032/4032 4033/4033/4033 4034/4034/4034
f 4033/4033/4033 4035/4035/4035 4034/4034/4034
f 4038/4038/4038 4037/4037/4037 4036/4036/4036
f 4039/4039/4039 4038/4038/4038 4036/4036/4036
f 4040/4040/4040 4038/4038/4038 4039/4039/4039
f 4041/4041/4041 4039/4039/4039 4036/4036/4036
f 4042/4042/4042 4041/4041/4041 4036/4036/4036
f 4041/4041/4041 4043/4043/4043 4039/4039/4039
f 4044/4044/4044 4040/4040/4040 4039/4039/4039
f 4043/4043/4043 4044/4044/4044 4039/4039/4039
f 4045/4045/4045 4040/4040/4040 4044/4044/4044
f 4043/4043/4043 4046/4046/4046 4044/4044/4044
f 4047/4047/4047 4045/4045/4045 4044/4044/4044
f 4046/4046/4046 4047/4047/4047 4044/4044/4044
f 4046/4046/4046 4048/4048/4048 4047/4047/4047
f 4049/4049/4049 4045/4045/4045 4047/4047/4047
f 4048/4048/4048 4050/4050/4050 4047/4047/4047
f 4050/4050/4050 4049/4049/4049 4047/4047/4047
f 4051/4051/4051 4049/4049/4049 4050/4050/4050
f 4052/4052/4052 4051/4051/4051 4050/4050/4050
f 4053/4053/4053 4051/4051/4051 4052/4052/4052
f 4054/4054/4054 4053/4053/4053 4052/4052/4052
f 4057/4057/4057 4056/4056/4056 4055/4055/4055
f 4056/4056/4056 4058/4058/4058 4055/4055/4055
f 4058/4058/4058 4060/4060/4060 4059/4059/4059
f 4060/4060/4060 4061/4061/4061 4059/4059/4059
f 4060/4060/4060 4063/4063/4063 4062/4062/4062
f 4063/4063/4063 4064/4064/4064 4062/4062/4062
f 4066/4066/4066 4055/4055/4055 4065/4065/4065
f 4067/4067/4067 4066/4066/4066 4065/4065/4065
f 4055/4055/4055 4069/4069/4069 4068/4068/4068
f 4070/4070/4070 4055/4055/4055 4068/4068/4068
f 4070/4070/4070 4072/4072/4072 4071/4071/4071
f 4073/4073/4073 4070/4070/4070 4071/4071/4071
f 4075/4075/4075 4073/4073/4073 4074/4074/4074
f 4076/4076/4076 4075/4075/4075 4074/4074/4074
f 4076/4076/4076 4074/4074/4074 4077/4077/4077
f 4078/4078/4078 4076/4076/4076 4077/4077/4077
f 4078/4078/4078 4077/4077/4077 4079/4079/4079
f 4080/4080/4080 4078/4078/4078 4079/4079/4079
f 4082/4082/4082 4081/4081/4081 4069/4069/4069
f 4083/4083/4083 4082/4082/4082 4069/4069/4069
f 4085/4085/4085 4084/4084/4084 4082/4082/4082
f 4084/4084/4084 4086/4086/4086 4082/4082/4082
f 4088/4088/4088 4087/4087/4087 4086/4086/4086
f 4087/4087/4087 4089/4089/4089 4086/4086/4086
f 4087/4087/4087 4090/4090/4090 4089/4089/4089
f 4090/4090/4090 4091/4091/4091 4089/4089/4089
f 4089/4089/4089 4091/4091/4091 4064/4064/4064
f 4090/4090/4090 4092/4092/4092 4091/4091/4091
f 4091/4091/4091 4093/4093/4093 4064/4064/4064
f 4092/4092/4092 4094/4094/4094 4091/4091/4091
f 4091/4091/4091 4094/4094/4094 4093/4093/4093
f 4094/4094/4094 4095/4095/4095 4093/4093/4093
f 4098/4098/4098 4097/4097/4097 4096/4096/4096
f 4099/4099/4099 4098/4098/4098 4096/4096/4096
f 4096/4096/4096 4101/4101/4101 4100/4100/4100
f 4101/4101/4101 4102/4102/4102 4100/4100/4100
f 4105/4105/4105 4104/4104/4104 4103/4103/4103
f 4104/4104/4104 4106/4106/4106 4103/4103/4103
f 4104/4104/4104 4107/4107/4107 4106/4106/4106
f 4107/4107/4107 4108/4108/4108 4106/4106/4106
f 4106/4106/4106 4110/4110/4110 4109/4109/4109
f 4110/4110/4110 4111/4111/4111 4109/4109/4109
f 4114/4114/4114 4113/4113/4113 4112/4112/4112
f 4115/4115/4115 4114/4114/4114 4112/4112/4112
f 4112/4112/4112 4117/4117/4117 4116/4116/4116
f 4118/4118/4118 4112/4112/4112 4116/4116/4116
f 4118/4118/4118 4116/4116/4116 4119/4119/4119
f 4120/4120/4120 4118/4118/4118 4119/4119/4119
f 4120/4120/4120 4119/4119/4119 4121/4121/4121
f 4122/4122/4122 4120/4120/4120 4121/4121/4121
f 4125/4125/4125 4124/4124/4124 4123/4123/4123
f 4126/4126/4126 4125/4125/4125 4123/4123/4123
f 4126/4126/4126 4123/4123/4123 4127/4127/4127
f 4128/4128/4128 4126/4126/4126 4127/4127/4127
f 4131/4131/4131 4130/4130/4130 4129/4129/4129
f 4132/4132/4132 4131/4131/4131 4129/4129/4129
f 4132/4132/4132 4129/4129/4129 4133/4133/4133
f 4134/4134/4134 4132/4132/4132 4133/4133/4133
f 4137/4137/4137 4136/4136/4136 4135/4135/4135
f 4138/4138/4138 4137/4137/4137 4135/4135/4135
f 4139/4139/4139 4137/4137/4137 4138/4138/4138
f 4140/4140/4140 4139/4139/4139 4138/4138/4138
f 4141/4141/4141 4139/4139/4139 4140/4140/4140
f 4142/4142/4142 4141/4141/4141 4140/4140/4140
f 4143/4143/4143 4141/4141/4141 4142/4142/4142
f 4144/4144/4144 4143/4143/4143 4142/4142/4142
f 4145/4145/4145 4143/4143/4143 4144/4144/4144
f 4146/4146/4146 4145/4145/4145 4144/4144/4144
f 4147/4147/4147 4145/4145/4145 4146/4146/4146
f 4148/4148/4148 4147/4147/4147 4146/4146/4146
f 4149/4149/4149 4147/4147/4147 4148/4148/4148
f 4150/4150/4150 4149/4149/4149 4148/4148/4148
f 4151/4151/4151 4149/4149/4149 4150/4150/4150
f 4152/4152/4152 4151/4151/4151 4150/4150/4150
f 4153/4153/4153 4151/4151/4151 4152/4152/4152
f 4154/4154/4154 4153/4153/4153 4152/4152/4152
f 4155/4155/4155 4153/4153/4153 4154/4154/4154
f 4156/4156/4156 4155/4155/4155 4154/4154/4154
f 4157/4157/4157 4155/4155/4155 4156/4156/4156
f 4158/4158/4158 4157/4157/4157 4156/4156/4156
f 4159/4159/4159 4157/4157/4157 4158/4158/4158
f 4160/4160/4160 4159/4159/4159 4158/4158/4158
f 4161/4161/4161 4159/4159/4159 4160/4160/4160
f 4162/4162/4162 4161/4161/4161 4160/4160/4160
f 4163/4163/4163 4161/4161/4161 4162/4162/4162
f 4164/4164/4164 4163/4163/4163 4162/4162/4162
f 4165/4165/4165 4163/4163/4163 4164/4164/4164
f 4166/4166/4166 4165/4165/4165 4164/4164/4164
f 4167/4167/4167 4165/4165/4165 4166/4166/4166
f 4168/4168/4168 4167/4167/4167 4166/4166/4166
f 4169/4169/4169 4167/4167/4167 4168/4168/4168
f 4170/4170/4170 4169/4169/4169 4168/4168/4168
f 4171/4171/4171 4169/4169/4169 4170/4170/4170
f 4172/4172/4172 4171/4171/4171 4170/4170/4170
f 4173/4173/4173 4171/4171/4171 4172/4172/4172
f 4174/4174/4174 4173/4173/4173 4172/4172/4172
f 4175/4175/4175 4173/4173/4173 4174/4174/4174
f 4176/4176/4176 4175/4175/4175 4174/4174/4174
f 4177/4177/4177 4175/4175/4175 4176/4176/4176
f 4178/4178/4178 4177/4177/4177 4176/4176/4176
f 4179/4179/4179 4177/4177/4177 4178/4178/4178
f 4180/4180/4180 4179/4179/4179 4178/4178/4178
f 4181/4181/4181 4179/4179/4179 4180/4180/4180
f 4182/4182/4182 4181/4181/4181 4180/4180/4180
f 4183/4183/4183 4181/4181/4181 4182/4182/4182
f 4184/4184/4184 4183/4183/4183 4182/4182/4182
f 4185/4185/4185 4183/4183/4183 4184/4184/4184
f 4186/4186/4186 4185/4185/4185 4184/4184/4184
f 4187/4187/4187 4185/4185/4185 4186/4186/4186
f 4188/4188/4188 4187/4187/4187 4186/4186/4186
f 4189/4189/4189 4187/4187/4187 4188/4188/4188
f 4190/4190/4190 4189/4189/4189 4188/4188/4188
f 4191/4191/4191 4189/4189/4189 4190/4190/4190
f 4192/4192/4192 4191/4191/4191 4190/4190/4190
f 4195/4195/4195 4194/4194/4194 4193/4193/4193
f 4196/4196/4196 4195/4195/4195 4193/4193/4193
f 4197/4197/4197 4195/4195/4195 4196/4196/4196
f 4198/4198/4198 4197/4197/4197 4196/4196/4196
f 4201/4201/4201 4200/4200/4200 4199/4199/4199
f 4200/4200/4200 4202/4202/4202 4199/4199/4199
f 4200/4200/4200 4203/4203/4203 4202/4202/4202
f 4203/4203/4203 4204/4204/4204 4202/4202/4202
f 4203/4203/4203 4205/4205/4205 4204/4204/4204
f 4205/4205/4205 4206/4206/4206 4204/4204/4204
f 4205/4205/4205 4207/4207/4207 4206/4206/4206
f 4207/4207/4207 4208/4208/4208 4206/4206/4206
f 4207/4207/4207 4209/4209/4209 4208/4208/4208
f 4209/4209/4209 4210/4210/4210 4208/4208/4208
f 4209/4209/4209 4211/4211/4211 4210/4210/4210
f 4211/4211/4211 4212/4212/4212 4210/4210/4210
f 4211/4211/4211 4213/4213/4213 4212/4212/4212
f 4213/4213/4213 4214/4214/4214 4212/4212/4212
f 4213/4213/4213 4215/4215/4215 4214/4214/4214
f 4215/4215/4215 4216/4216/4216 4214/4214/4214
f 4215/4215/4215 4217/4217/4217 4216/4216/4216
f 4217/4217/4217 4218/4218/4218 4216/4216/4216
f 4217/4217/4217 4219/4219/4219 4218/4218/4218
f 4219/4219/4219 4220/4220/4220 4218/4218/4218
f 4219/4219/4219 4222/4222/4222 4221/4221/4221
f 4222/4222/4222 4223/4223/4223 4221/4221/4221
f 4226/4226/4226 4225/4225/4225 4224/4224/4224
f 4227/4227/4227 4226/4226/4226 4224/4224/4224
f 4224/4224/4224 4229/4229/4229 4228/4228/4228
f 4229/4229/4229 4230/4230/4230 4228/4228/4228
f 4233/4233/4233 4232/4232/4232 4231/4231/4231
f 4232/4232/4232 4234/4234/4234 4231/4231/4231
f 4234/4234/4234 4235/4235/4235 4231/4231/4231
f 4235/4235/4235 4236/4236/4236 4231/4231/4231
f 4235/4235/4235 4238/4238/4238 4237/4237/4237
f 4238/4238/4238 4239/4239/4239 4237/4237/4237
f 4238/4238/4238 4240/4240/4240 4239/4239/4239
f 4240/4240/4240 4241/4241/4241 4239/4239/4239
f 4240/4240/4240 4242/4242/4242 4241/4241/4241
f 4242/4242/4242 4243/4243/4243 4241/4241/4241
f 4242/4242/4242 4244/4244/4244 4243/4243/4243
f 4244/4244/4244 4245/4245/4245 4243/4243/4243
f 4248/4248/4248 4247/4247/4247 4246/4246/4246
f 4249/4249/4249 4248/4248/4248 4246/4246/4246
f 4248/4248/4248 4249/4249/4249 4250/4250/4250
f 4251/4251/4251 4248/4248/4248 4250/4250/4250
f 4254/4254/4254 4253/4253/4253 4252/4252/4252
f 4255/4255/4255 4254/4254/4254 4252/4252/4252
f 4255/4255/4255 4252/4252/4252 4256/4256/4256
f 4257/4257/4257 4255/4255/4255 4256/4256/4256
f 4257/4257/4257 4256/4256/4256 4258/4258/4258
f 4259/4259/4259 4257/4257/4257 4258/4258/4258
f 4262/4262/4262 4261/4261/4261 4260/4260/4260
f 4263/4263/4263 4262/4262/4262 4260/4260/4260
f 4265/4265/4265 4260/4260/4260 4264/4264/4264
f 4266/4266/4266 4265/4265/4265 4264/4264/4264
f 4269/4269/4269 4268/4268/4268 4267/4267/4267
f 4270/4270/4270 4269/4269/4269 4267/4267/4267
f 4267/4267/4267 4272/4272/4272 4271/4271/4271
f 4272/4272/4272 4273/4273/4273 4271/4271/4271
f 4276/4276/4276 4275/4275/4275 4274/4274/4274
f 4277/4277/4277 4276/4276/4276 4274/4274/4274
f 4280/4280/4280 4279/4279/4279 4278/4278/4278
f 4279/4279/4279 4281/4281/4281 4278/4278/4278
f 4279/4279/4279 4282/4282/4282 4281/4281/4281
f 4282/4282/4282 4283/4283/4283 4281/4281/4281
f 4282/4282/4282 4284/4284/4284 4283/4283/4283
f 4284/4284/4284 4285/4285/4285 4283/4283/4283
f 4284/4284/4284 4286/4286/4286 4285/4285/4285
f 4286/4286/4286 4287/4287/4287 4285/4285/4285
f 4286/4286/4286 4288/4288/4288 4287/4287/4287
f 4288/4288/4288 4289/4289/4289 4287/4287/4287
f 4292/4292/4292 4291/4291/4291 4290/4290/4290
f 4293/4293/4293 4292/4292/4292 4290/4290/4290
f 4296/4296/4296 4295/4295/4295 4294/4294/4294
f 4297/4297/4297 4296/4296/4296 4294/4294/4294
f 4300/4300/4300 4299/4299/4299 4298/4298/4298
f 4299/4299/4299 4301/4301/4301 4298/4298/4298
f 4299/4299/4299 4302/4302/4302 4301/4301/4301
f 4302/4302/4302 4303/4303/4303 4301/4301/4301
f 4302/4302/4302 4304/4304/4304 4303/4303/4303
f 4304/4304/4304 4305/4305/4305 4303/4303/4303
f 4304/4304/4304 4306/4306/4306 4305/4305/4305
f 4306/4306/4306 4307/4307/4307 4305/4305/4305
f 4310/4310/4310 4309/4309/4309 4308/4308/4308
f 4311/4311/4311 4310/4310/4310 4308/4308/4308
f 4312/4312/4312 4310/4310/4310 4311/4311/4311
f 4313/4313/4313 4312/4312/4312 4311/4311/4311
f 4316/4316/4316 4315/4315/4315 4314/4314/4314
f 4314/4314/4314 4317/4317/4317 4316/4316/4316
f 4320/4320/4320 4319/4319/4319 4318/4318/4318
f 4321/4321/4321 4320/4320/4320 4318/4318/4318
f 4324/4324/4324 4323/4323/4323 4322/4322/4322
f 4325/4325/4325 4324/4324/4324 4322/4322/4322
f 4326/4326/4326 4324/4324/4324 4325/4325/4325
f 4325/4325/4325 4322/4322/4322 4327/4327/4327
f 4322/4322/4322 4328/4328/4328 4327/4327/4327
f 4329/4329/4329 4326/4326/4326 4325/4325/4325
f 4330/4330/4330 4326/4326/4326 4329/4329/4329
f 4325/4325/4325 4327/4327/4327 4331/4331/4331
f 4329/4329/4329 4325/4325/4325 4331/4331/4331
f 4327/4327/4327 4328/4328/4328 4332/4332/4332
f 4328/4328/4328 4333/4333/4333 4332/4332/4332
f 4334/4334/4334 4330/4330/4330 4329/4329/4329
f 4335/4335/4335 4330/4330/4330 4334/4334/4334
f 4329/4329/4329 4331/4331/4331 4336/4336/4336
f 4334/4334/4334 4329/4329/4329 4336/4336/4336
f 4331/4331/4331 4327/4327/4327 4337/4337/4337
f 4327/4327/4327 4332/4332/4332 4337/4337/4337
f 4332/4332/4332 4333/4333/4333 4338/4338/4338
f 4333/4333/4333 4339/4339/4339 4338/4338/4338
f 4340/4340/4340 4335/4335/4335 4334/4334/4334
f 4341/4341/4341 4335/4335/4335 4340/4340/4340
f 4334/4334/4334 4336/4336/4336 4342/4342/4342
f 4340/4340/4340 4334/4334/4334 4342/4342/4342
f 4336/4336/4336 4331/4331/4331 4343/4343/4343
f 4331/4331/4331 4337/4337/4337 4343/4343/4343
f 4337/4337/4337 4332/4332/4332 4344/4344/4344
f 4332/4332/4332 4338/4338/4338 4344/4344/4344
f 4338/4338/4338 4339/4339/4339 4345/4345/4345
f 4339/4339/4339 4346/4346/4346 4345/4345/4345
f 4347/4347/4347 4341/4341/4341 4340/4340/4340
f 4348/4348/4348 4341/4341/4341 4347/4347/4347
f 4338/4338/4338 4345/4345/4345 4349/4349/4349
f 4344/4344/4344 4338/4338/4338 4349/4349/4349
f 4350/4350/4350 4345/4345/4345 4346/4346/4346
f 4350/4350/4350 4349/4349/4349 4345/4345/4345
f 4346/4346/4346 4351/4351/4351 4350/4350/4350
f 4337/4337/4337 4344/4344/4344 4352/4352/4352
f 4343/4343/4343 4337/4337/4337 4352/4352/4352
f 4344/4344/4344 4349/4349/4349 4353/4353/4353
f 4350/4350/4350 4353/4353/4353 4349/4349/4349
f 4352/4352/4352 4344/4344/4344 4353/4353/4353
f 4354/4354/4354 4350/4350/4350 4351/4351/4351
f 4351/4351/4351 4355/4355/4355 4354/4354/4354
f 4355/4355/4355 4356/4356/4356 4354/4354/4354
f 4350/4350/4350 4357/4357/4357 4353/4353/4353
f 4352/4352/4352 4353/4353/4353 4357/4357/4357
f 4354/4354/4354 4358/4358/4358 4350/4350/4350
f 4350/4350/4350 4359/4359/4359 4357/4357/4357
f 4356/4356/4356 4360/4360/4360 4354/4354/4354
f 4354/4354/4354 4360/4360/4360 4358/4358/4358
f 4356/4356/4356 4361/4361/4361 4360/4360/4360
f 4362/4362/4362 4352/4352/4352 4357/4357/4357
f 4343/4343/4343 4352/4352/4352 4362/4362/4362
f 4362/4362/4362 4357/4357/4357 4359/4359/4359
f 4361/4361/4361 4363/4363/4363 4360/4360/4360
f 4361/4361/4361 4364/4364/4364 4363/4363/4363
f 4360/4360/4360 4365/4365/4365 4358/4358/4358
f 4360/4360/4360 4363/4363/4363 4365/4365/4365
f 4366/4366/4366 4343/4343/4343 4362/4362/4362
f 4336/4336/4336 4343/4343/4343 4366/4366/4366
f 4342/4342/4342 4336/4336/4336 4366/4366/4366
f 4367/4367/4367 4362/4362/4362 4359/4359/4359
f 4366/4366/4366 4362/4362/4362 4367/4367/4367
f 4364/4364/4364 4368/4368/4368 4363/4363/4363
f 4364/4364/4364 4369/4369/4369 4368/4368/4368
f 4342/4342/4342 4366/4366/4366 4370/4370/4370
f 4370/4370/4370 4366/4366/4366 4367/4367/4367
f 4367/4367/4367 4359/4359/4359 4371/4371/4371
f 4350/4350/4350 4371/4371/4371 4359/4359/4359
f 4372/4372/4372 4367/4367/4367 4371/4371/4371
f 4370/4370/4370 4367/4367/4367 4372/4372/4372
f 4373/4373/4373 4342/4342/4342 4370/4370/4370
f 4340/4340/4340 4342/4342/4342 4373/4373/4373
f 4347/4347/4347 4340/4340/4340 4373/4373/4373
f 4373/4373/4373 4370/4370/4370 4374/4374/4374
f 4374/4374/4374 4370/4370/4370 4372/4372/4372
f 4372/4372/4372 4371/4371/4371 4375/4375/4375
f 4350/4350/4350 4375/4375/4375 4371/4371/4371
f 4347/4347/4347 4373/4373/4373 4376/4376/4376
f 4376/4376/4376 4373/4373/4373 4374/4374/4374
f 4377/4377/4377 4372/4372/4372 4375/4375/4375
f 4374/4374/4374 4372/4372/4372 4377/4377/4377
f 4350/4350/4350 4378/4378/4378 4375/4375/4375
f 4377/4377/4377 4375/4375/4375 4378/4378/4378
f 4379/4379/4379 4374/4374/4374 4377/4377/4377
f 4376/4376/4376 4374/4374/4374 4379/4379/4379
f 4380/4380/4380 4347/4347/4347 4376/4376/4376
f 4380/4380/4380 4348/4348/4348 4347/4347/4347
f 4381/4381/4381 4348/4348/4348 4380/4380/4380
f 4382/4382/4382 4377/4377/4377 4378/4378/4378
f 4379/4379/4379 4377/4377/4377 4382/4382/4382
f 4383/4383/4383 4376/4376/4376 4379/4379/4379
f 4380/4380/4380 4376/4376/4376 4383/4383/4383
f 4384/4384/4384 4381/4381/4381 4380/4380/4380
f 4384/4384/4384 4380/4380/4380 4383/4383/4383
f 4385/4385/4385 4381/4381/4381 4384/4384/4384
f 4383/4383/4383 4379/4379/4379 4386/4386/4386
f 4386/4386/4386 4379/4379/4379 4382/4382/4382
f 4382/4382/4382 4378/4378/4378 4387/4387/4387
f 4350/4350/4350 4387/4387/4387 4378/4378/4378
f 4388/4388/4388 4385/4385/4385 4384/4384/4384
f 4388/4388/4388 4389/4389/4389 4385/4385/4385
f 4384/4384/4384 4383/4383/4383 4390/4390/4390
f 4390/4390/4390 4383/4383/4383 4386/4386/4386
f 4388/4388/4388 4384/4384/4384 4390/4390/4390
f 4391/4391/4391 4382/4382/4382 4387/4387/4387
f 4386/4386/4386 4382/4382/4382 4391/4391/4391
f 4350/4350/4350 4392/4392/4392 4387/4387/4387
f 4391/4391/4391 4387/4387/4387 4392/4392/4392
f 4390/4390/4390 4386/4386/4386 4393/4393/4393
f 4393/4393/4393 4386/4386/4386 4391/4391/4391
f 4388/4388/4388 4390/4390/4390 4394/4394/4394
f 4394/4394/4394 4390/4390/4390 4393/4393/4393
f 4389/4389/4389 4388/4388/4388 4395/4395/4395
f 4395/4395/4395 4388/4388/4388 4394/4394/4394
f 4395/4395/4395 4396/4396/4396 4389/4389/4389
f 4396/4396/4396 4397/4397/4397 4389/4389/4389
f 4396/4396/4396 4398/4398/4398 4397/4397/4397
f 4350/4350/4350 4399/4399/4399 4392/4392/4392
f 4350/4350/4350 4400/4400/4400 4399/4399/4399
f 4350/4350/4350 4401/4401/4401 4400/4400/4400
f 4350/4350/4350 4402/4402/4402 4401/4401/4401
f 4350/4350/4350 4403/4403/4403 4402/4402/4402
f 4350/4350/4350 4404/4404/4404 4403/4403/4403
f 4350/4350/4350 4405/4405/4405 4404/4404/4404
f 4350/4350/4350 4406/4406/4406 4405/4405/4405
f 4407/4407/4407 4392/4392/4392 4399/4399/4399
f 4407/4407/4407 4391/4391/4391 4392/4392/4392
f 4393/4393/4393 4391/4391/4391 4407/4407/4407
f 4408/4408/4408 4399/4399/4399 4400/4400/4400
f 4408/4408/4408 4407/4407/4407 4399/4399/4399
f 4409/4409/4409 4408/4408/4408 4400/4400/4400
f 4410/4410/4410 4393/4393/4393 4407/4407/4407
f 4410/4410/4410 4407/4407/4407 4408/4408/4408
f 4394/4394/4394 4393/4393/4393 4410/4410/4410
f 4411/4411/4411 4408/4408/4408 4409/4409/4409
f 4411/4411/4411 4410/4410/4410 4408/4408/4408
f 4412/4412/4412 4411/4411/4411 4409/4409/4409
f 4413/4413/4413 4394/4394/4394 4410/4410/4410
f 4413/4413/4413 4410/4410/4410 4411/4411/4411
f 4395/4395/4395 4394/4394/4394 4413/4413/4413
f 4414/4414/4414 4411/4411/4411 4412/4412/4412
f 4414/4414/4414 4413/4413/4413 4411/4411/4411
f 4415/4415/4415 4414/4414/4414 4412/4412/4412
f 4416/4416/4416 4395/4395/4395 4413/4413/4413
f 4416/4416/4416 4413/4413/4413 4414/4414/4414
f 4396/4396/4396 4395/4395/4395 4416/4416/4416
f 4417/4417/4417 4416/4416/4416 4414/4414/4414
f 4417/4417/4417 4414/4414/4414 4415/4415/4415
f 4418/4418/4418 4396/4396/4396 4416/4416/4416
f 4418/4418/4418 4416/4416/4416 4417/4417/4417
f 4419/4419/4419 4417/4417/4417 4415/4415/4415
f 4420/4420/4420 4419/4419/4419 4415/4415/4415
f 4420/4420/4420 4415/4415/4415 4421/4421/4421
f 4420/4420/4420 4421/4421/4421 4422/4422/4422
f 4422/4422/4422 4423/4423/4423 4420/4420/4420
f 4420/4420/4420 4423/4423/4423 4424/4424/4424
f 4425/4425/4425 4417/4417/4417 4419/4419/4419
f 4425/4425/4425 4418/4418/4418 4417/4417/4417
f 4426/4426/4426 4420/4420/4420 4424/4424/4424
f 4426/4426/4426 4424/4424/4424 4427/4427/4427
f 4428/4428/4428 4425/4425/4425 4419/4419/4419
f 4420/4420/4420 4428/4428/4428 4419/4419/4419
f 4429/4429/4429 4426/4426/4426 4427/4427/4427
f 4429/4429/4429 4427/4427/4427 4430/4430/4430
f 4431/4431/4431 4429/4429/4429 4430/4430/4430
f 4431/4431/4431 4430/4430/4430 4432/4432/4432
f 4433/4433/4433 4431/4431/4431 4432/4432/4432
f 4433/4433/4433 4432/4432/4432 4434/4434/4434
f 4435/4435/4435 4433/4433/4433 4434/4434/4434
f 4435/4435/4435 4434/4434/4434 4436/4436/4436
f 4437/4437/4437 4435/4435/4435 4436/4436/4436
f 4437/4437/4437 4436/4436/4436 4438/4438/4438
f 4439/4439/4439 4437/4437/4437 4438/4438/4438
f 4439/4439/4439 4438/4438/4438 4440/4440/4440
f 4441/4441/4441 4439/4439/4439 4440/4440/4440
f 4441/4441/4441 4440/4440/4440 4442/4442/4442
f 4443/4443/4443 4441/4441/4441 4442/4442/4442
f 4443/4443/4443 4442/4442/4442 4444/4444/4444
f 4445/4445/4445 4443/4443/4443 4444/4444/4444
f 4445/4445/4445 4444/4444/4444 4446/4446/4446
f 4446/4446/4446 4447/4447/4447 4445/4445/4445
f 4447/4447/4447 4448/4448/4448 4445/4445/4445
f 4448/4448/4448 4449/4449/4449 4445/4445/4445
f 4449/4449/4449 4450/4450/4450 4445/4445/4445
f 4451/4451/4451 4445/4445/4445 4450/4450/4450
f 4452/4452/4452 4451/4451/4451 4450/4450/4450
f 4453/4453/4453 4443/4443/4443 4445/4445/4445
f 4451/4451/4451 4453/4453/4453 4445/4445/4445
f 4454/4454/4454 4441/4441/4441 4443/4443/4443
f 4453/4453/4453 4454/4454/4454 4443/4443/4443
f 4455/4455/4455 4439/4439/4439 4441/4441/4441
f 4454/4454/4454 4455/4455/4455 4441/4441/4441
f 4456/4456/4456 4451/4451/4451 4452/4452/4452
f 4457/4457/4457 4456/4456/4456 4452/4452/4452
f 4458/4458/4458 4453/4453/4453 4451/4451/4451
f 4456/4456/4456 4458/4458/4458 4451/4451/4451
f 4459/4459/4459 4454/4454/4454 4453/4453/4453
f 4458/4458/4458 4459/4459/4459 4453/4453/4453
f 4455/4455/4455 4460/4460/4460 4439/4439/4439
f 4460/4460/4460 4437/4437/4437 4439/4439/4439
f 4461/4461/4461 4455/4455/4455 4454/4454/4454
f 4459/4459/4459 4461/4461/4461 4454/4454/4454
f 4460/4460/4460 4462/4462/4462 4437/4437/4437
f 4462/4462/4462 4435/4435/4435 4437/4437/4437
f 4463/4463/4463 4460/4460/4460 4455/4455/4455
f 4461/4461/4461 4463/4463/4463 4455/4455/4455
f 4462/4462/4462 4464/4464/4464 4435/4435/4435
f 4464/4464/4464 4433/4433/4433 4435/4435/4435
f 4465/4465/4465 4462/4462/4462 4460/4460/4460
f 4463/4463/4463 4465/4465/4465 4460/4460/4460
f 4464/4464/4464 4466/4466/4466 4433/4433/4433
f 4466/4466/4466 4431/4431/4431 4433/4433/4433
f 4467/4467/4467 4464/4464/4464 4462/4462/4462
f 4465/4465/4465 4467/4467/4467 4462/4462/4462
f 4466/4466/4466 4468/4468/4468 4431/4431/4431
f 4468/4468/4468 4429/4429/4429 4431/4431/4431
f 4469/4469/4469 4466/4466/4466 4464/4464/4464
f 4467/4467/4467 4469/4469/4469 4464/4464/4464
f 4468/4468/4468 4470/4470/4470 4429/4429/4429
f 4470/4470/4470 4426/4426/4426 4429/4429/4429
f 4471/4471/4471 4468/4468/4468 4466/4466/4466
f 4469/4469/4469 4471/4471/4471 4466/4466/4466
f 4470/4470/4470 4472/4472/4472 4426/4426/4426
f 4472/4472/4472 4420/4420/4420 4426/4426/4426
f 4473/4473/4473 4470/4470/4470 4468/4468/4468
f 4471/4471/4471 4473/4473/4473 4468/4468/4468
f 4472/4472/4472 4474/4474/4474 4420/4420/4420
f 4474/4474/4474 4428/4428/4428 4420/4420/4420
f 4475/4475/4475 4472/4472/4472 4470/4470/4470
f 4473/4473/4473 4475/4475/4475 4470/4470/4470
f 4474/4474/4474 4476/4476/4476 4428/4428/4428
f 4476/4476/4476 4425/4425/4425 4428/4428/4428
f 4477/4477/4477 4474/4474/4474 4472/4472/4472
f 4475/4475/4475 4477/4477/4477 4472/4472/4472
f 4476/4476/4476 4478/4478/4478 4425/4425/4425
f 4478/4478/4478 4418/4418/4418 4425/4425/4425
f 4479/4479/4479 4476/4476/4476 4474/4474/4474
f 4477/4477/4477 4479/4479/4479 4474/4474/4474
f 4478/4478/4478 4480/4480/4480 4418/4418/4418
f 4480/4480/4480 4396/4396/4396 4418/4418/4418
f 4481/4481/4481 4478/4478/4478 4476/4476/4476
f 4479/4479/4479 4481/4481/4481 4476/4476/4476
f 4482/4482/4482 4480/4480/4480 4478/4478/4478
f 4481/4481/4481 4482/4482/4482 4478/4478/4478
f 4483/4483/4483 4475/4475/4475 4473/4473/4473
f 4484/4484/4484 4477/4477/4477 4475/4475/4475
f 4483/4483/4483 4484/4484/4484 4475/4475/4475
f 4485/4485/4485 4479/4479/4479 4477/4477/4477
f 4484/4484/4484 4485/4485/4485 4477/4477/4477
f 4486/4486/4486 4481/4481/4481 4479/4479/4479
f 4485/4485/4485 4486/4486/4486 4479/4479/4479
f 4487/4487/4487 4482/4482/4482 4481/4481/4481
f 4486/4486/4486 4487/4487/4487 4481/4481/4481
f 4488/4488/4488 4483/4483/4483 4473/4473/4473
f 4488/4488/4488 4473/4473/4473 4471/4471/4471
f 4489/4489/4489 4488/4488/4488 4471/4471/4471
f 4489/4489/4489 4471/4471/4471 4469/4469/4469
f 4490/4490/4490 4489/4489/4489 4469/4469/4469
f 4490/4490/4490 4469/4469/4469 4467/4467/4467
f 4491/4491/4491 4490/4490/4490 4467/4467/4467
f 4491/4491/4491 4467/4467/4467 4465/4465/4465
f 4492/4492/4492 4491/4491/4491 4465/4465/4465
f 4492/4492/4492 4465/4465/4465 4463/4463/4463
f 4493/4493/4493 4492/4492/4492 4463/4463/4463
f 4493/4493/4493 4463/4463/4463 4461/4461/4461
f 4494/4494/4494 4493/4493/4493 4461/4461/4461
f 4494/4494/4494 4461/4461/4461 4459/4459/4459
f 4495/4495/4495 4494/4494/4494 4459/4459/4459
f 4495/4495/4495 4459/4459/4459 4458/4458/4458
f 4496/4496/4496 4495/4495/4495 4458/4458/4458
f 4496/4496/4496 4458/4458/4458 4456/4456/4456
f 4497/4497/4497 4496/4496/4496 4456/4456/4456
f 4497/4497/4497 4456/4456/4456 4457/4457/4457
f 4498/4498/4498 4490/4490/4490 4491/4491/4491
f 4499/4499/4499 4491/4491/4491 4492/4492/4492
f 4499/4499/4499 4498/4498/4498 4491/4491/4491
f 4500/4500/4500 4492/4492/4492 4493/4493/4493
f 4500/4500/4500 4499/4499/4499 4492/4492/4492
f 4501/4501/4501 4493/4493/4493 4494/4494/4494
f 4501/4501/4501 4500/4500/4500 4493/4493/4493
f 4502/4502/4502 4494/4494/4494 4495/4495/4495
f 4502/4502/4502 4501/4501/4501 4494/4494/4494
f 4503/4503/4503 4495/4495/4495 4496/4496/4496
f 4503/4503/4503 4502/4502/4502 4495/4495/4495
f 4504/4504/4504 4496/4496/4496 4497/4497/4497
f 4504/4504/4504 4503/4503/4503 4496/4496/4496
f 4498/4498/4498 4505/4505/4505 4490/4490/4490
f 4505/4505/4505 4489/4489/4489 4490/4490/4490
f 4505/4505/4505 4506/4506/4506 4489/4489/4489
f 4506/4506/4506 4488/4488/4488 4489/4489/4489
f 4506/4506/4506 4507/4507/4507 4488/4488/4488
f 4507/4507/4507 4483/4483/4483 4488/4488/4488
f 4507/4507/4507 4508/4508/4508 4483/4483/4483
f 4508/4508/4508 4484/4484/4484 4483/4483/4483
f 4508/4508/4508 4509/4509/4509 4484/4484/4484
f 4509/4509/4509 4485/4485/4485 4484/4484/4484
f 4509/4509/4509 4510/4510/4510 4485/4485/4485
f 4510/4510/4510 4486/4486/4486 4485/4485/4485
f 4510/4510/4510 4511/4511/4511 4486/4486/4486
f 4511/4511/4511 4487/4487/4487 4486/4486/4486
f 4512/4512/4512 4505/4505/4505 4498/4498/4498
f 4513/4513/4513 4506/4506/4506 4505/4505/4505
f 4512/4512/4512 4513/4513/4513 4505/4505/4505
f 4514/4514/4514 4507/4507/4507 4506/4506/4506
f 4513/4513/4513 4514/4514/4514 4506/4506/4506
f 4515/4515/4515 4508/4508/4508 4507/4507/4507
f 4514/4514/4514 4515/4515/4515 4507/4507/4507
f 4516/4516/4516 4509/4509/4509 4508/4508/4508
f 4515/4515/4515 4516/4516/4516 4508/4508/4508
f 4517/4517/4517 4510/4510/4510 4509/4509/4509
f 4516/4516/4516 4517/4517/4517 4509/4509/4509
f 4518/4518/4518 4511/4511/4511 4510/4510/4510
f 4517/4517/4517 4518/4518/4518 4510/4510/4510
f 4519/4519/4519 4512/4512/4512 4498/4498/4498
f 4519/4519/4519 4498/4498/4498 4499/4499/4499
f 4520/4520/4520 4519/4519/4519 4499/4499/4499
f 4520/4520/4520 4499/4499/4499 4500/4500/4500
f 4521/4521/4521 4520/4520/4520 4500/4500/4500
f 4521/4521/4521 4500/4500/4500 4501/4501/4501
f 4522/4522/4522 4521/4521/4521 4501/4501/4501
f 4522/4522/4522 4501/4501/4501 4502/4502/4502
f 4523/4523/4523 4522/4522/4522 4502/4502/4502
f 4523/4523/4523 4502/4502/4502 4503/4503/4503
f 4524/4524/4524 4523/4523/4523 4503/4503/4503
f 4524/4524/4524 4503/4503/4503 4504/4504/4504
f 4525/4525/4525 4512/4512/4512 4519/4519/4519
f 4526/4526/4526 4519/4519/4519 4520/4520/4520
f 4526/4526/4526 4525/4525/4525 4519/4519/4519
f 4527/4527/4527 4520/4520/4520 4521/4521/4521
f 4527/4527/4527 4526/4526/4526 4520/4520/4520
f 4528/4528/4528 4521/4521/4521 4522/4522/4522
f 4528/4528/4528 4527/4527/4527 4521/4521/4521
f 4529/4529/4529 4522/4522/4522 4523/4523/4523
f 4529/4529/4529 4528/4528/4528 4522/4522/4522
f 4525/4525/4525 4530/4530/4530 4512/4512/4512
f 4530/4530/4530 4513/4513/4513 4512/4512/4512
f 4531/4531/4531 4529/4529/4529 4523/4523/4523
f 4531/4531/4531 4523/4523/4523 4524/4524/4524
f 4530/4530/4530 4525/4525/4525 4532/4532/4532
f 4525/4525/4525 4526/4526/4526 4532/4532/4532
f 4530/4530/4530 4533/4533/4533 4513/4513/4513
f 4533/4533/4533 4530/4530/4530 4532/4532/4532
f 4533/4533/4533 4514/4514/4514 4513/4513/4513
f 4526/4526/4526 4534/4534/4534 4532/4532/4532
f 4533/4533/4533 4532/4532/4532 4535/4535/4535
f 4526/4526/4526 4536/4536/4536 4534/4534/4534
f 4526/4526/4526 4527/4527/4527 4536/4536/4536
f 4527/4527/4527 4528/4528/4528 4536/4536/4536
f 4528/4528/4528 4537/4537/4537 4536/4536/4536
f 4528/4528/4528 4538/4538/4538 4537/4537/4537
f 4528/4528/4528 4529/4529/4529 4538/4538/4538
f 4529/4529/4529 4531/4531/4531 4538/4538/4538
f 4531/4531/4531 4539/4539/4539 4538/4538/4538
f 4533/4533/4533 4535/4535/4535 4540/4540/4540
f 4533/4533/4533 4541/4541/4541 4514/4514/4514
f 4541/4541/4541 4533/4533/4533 4540/4540/4540
f 4541/4541/4541 4515/4515/4515 4514/4514/4514
f 4531/4531/4531 4542/4542/4542 4539/4539/4539
f 4542/4542/4542 4531/4531/4531 4524/4524/4524
f 4542/4542/4542 4543/4543/4543 4539/4539/4539
f 4544/4544/4544 4541/4541/4541 4540/4540/4540
f 4541/4541/4541 4544/4544/4544 4515/4515/4515
f 4544/4544/4544 4540/4540/4540 4545/4545/4545
f 4544/4544/4544 4516/4516/4516 4515/4515/4515
f 4546/4546/4546 4544/4544/4544 4545/4545/4545
f 4544/4544/4544 4546/4546/4546 4516/4516/4516
f 4546/4546/4546 4545/4545/4545 4547/4547/4547
f 4546/4546/4546 4517/4517/4517 4516/4516/4516
f 4546/4546/4546 4547/4547/4547 4548/4548/4548
f 4546/4546/4546 4549/4549/4549 4517/4517/4517
f 4549/4549/4549 4546/4546/4546 4548/4548/4548
f 4549/4549/4549 4548/4548/4548 4550/4550/4550
f 4549/4549/4549 4518/4518/4518 4517/4517/4517
f 4551/4551/4551 4549/4549/4549 4550/4550/4550
f 4549/4549/4549 4551/4551/4551 4518/4518/4518
f 4551/4551/4551 4550/4550/4550 4552/4552/4552
f 4551/4551/4551 4553/4553/4553 4518/4518/4518
f 4518/4518/4518 4553/4553/4553 4511/4511/4511
f 4554/4554/4554 4551/4551/4551 4552/4552/4552
f 4551/4551/4551 4554/4554/4554 4553/4553/4553
f 4554/4554/4554 4552/4552/4552 4555/4555/4555
f 4554/4554/4554 4555/4555/4555 4556/4556/4556
f 4553/4553/4553 4557/4557/4557 4511/4511/4511
f 4511/4511/4511 4557/4557/4557 4487/4487/4487
f 4558/4558/4558 4554/4554/4554 4556/4556/4556
f 4558/4558/4558 4556/4556/4556 4559/4559/4559
f 4558/4558/4558 4559/4559/4559 4560/4560/4560
f 4554/4554/4554 4561/4561/4561 4553/4553/4553
f 4553/4553/4553 4561/4561/4561 4557/4557/4557
f 4554/4554/4554 4558/4558/4558 4561/4561/4561
f 4557/4557/4557 4562/4562/4562 4487/4487/4487
f 4487/4487/4487 4562/4562/4562 4482/4482/4482
f 4563/4563/4563 4558/4558/4558 4560/4560/4560
f 4563/4563/4563 4560/4560/4560 4564/4564/4564
f 4563/4563/4563 4564/4564/4564 4565/4565/4565
f 4566/4566/4566 4563/4563/4563 4565/4565/4565
f 4566/4566/4566 4565/4565/4565 4567/4567/4567
f 4566/4566/4566 4567/4567/4567 4568/4568/4568
f 4566/4566/4566 4568/4568/4568 4569/4569/4569
f 4566/4566/4566 4569/4569/4569 4570/4570/4570
f 4566/4566/4566 4570/4570/4570 4571/4571/4571
f 4558/4558/4558 4563/4563/4563 4572/4572/4572
f 4558/4558/4558 4572/4572/4572 4561/4561/4561
f 4562/4562/4562 4573/4573/4573 4482/4482/4482
f 4482/4482/4482 4573/4573/4573 4480/4480/4480
f 4574/4574/4574 4566/4566/4566 4571/4571/4571
f 4574/4574/4574 4571/4571/4571 4575/4575/4575
f 4574/4574/4574 4575/4575/4575 4576/4576/4576
f 4574/4574/4574 4576/4576/4576 4577/4577/4577
f 4574/4574/4574 4577/4577/4577 4578/4578/4578
f 4574/4574/4574 4578/4578/4578 4579/4579/4579
f 4574/4574/4574 4579/4579/4579 4580/4580/4580
f 4574/4574/4574 4580/4580/4580 4581/4581/4581
f 4573/4573/4573 4582/4582/4582 4480/4480/4480
f 4480/4480/4480 4582/4582/4582 4396/4396/4396
f 4583/4583/4583 4574/4574/4574 4581/4581/4581
f 4581/4581/4581 4584/4584/4584 4583/4583/4583
f 4582/4582/4582 4585/4585/4585 4396/4396/4396
f 4396/4396/4396 4585/4585/4585 4398/4398/4398
f 4585/4585/4585 4586/4586/4586 4398/4398/4398
f 4586/4586/4586 4587/4587/4587 4398/4398/4398
f 4582/4582/4582 4588/4588/4588 4585/4585/4585
f 4588/4588/4588 4586/4586/4586 4585/4585/4585
f 4573/4573/4573 4589/4589/4589 4582/4582/4582
f 4589/4589/4589 4588/4588/4588 4582/4582/4582
f 4586/4586/4586 4590/4590/4590 4587/4587/4587
f 4590/4590/4590 4591/4591/4591 4587/4587/4587
f 4588/4588/4588 4592/4592/4592 4586/4586/4586
f 4592/4592/4592 4590/4590/4590 4586/4586/4586
f 4590/4590/4590 4593/4593/4593 4591/4591/4591
f 4593/4593/4593 4594/4594/4594 4591/4591/4591
f 4595/4595/4595 4589/4589/4589 4573/4573/4573
f 4562/4562/4562 4595/4595/4595 4573/4573/4573
f 4589/4589/4589 4596/4596/4596 4588/4588/4588
f 4596/4596/4596 4592/4592/4592 4588/4588/4588
f 4592/4592/4592 4597/4597/4597 4590/4590/4590
f 4597/4597/4597 4593/4593/4593 4590/4590/4590
f 4593/4593/4593 4598/4598/4598 4594/4594/4594
f 4598/4598/4598 4599/4599/4599 4594/4594/4594
f 4600/4600/4600 4595/4595/4595 4562/4562/4562
f 4557/4557/4557 4600/4600/4600 4562/4562/4562
f 4561/4561/4561 4600/4600/4600 4557/4557/4557
f 4561/4561/4561 4572/4572/4572 4600/4600/4600
f 4595/4595/4595 4601/4601/4601 4589/4589/4589
f 4601/4601/4601 4596/4596/4596 4589/4589/4589
f 4600/4600/4600 4602/4602/4602 4595/4595/4595
f 4572/4572/4572 4602/4602/4602 4600/4600/4600
f 4602/4602/4602 4601/4601/4601 4595/4595/4595
f 4572/4572/4572 4603/4603/4603 4602/4602/4602
f 4563/4563/4563 4603/4603/4603 4572/4572/4572
f 4563/4563/4563 4566/4566/4566 4603/4603/4603
f 4602/4602/4602 4604/4604/4604 4601/4601/4601
f 4603/4603/4603 4604/4604/4604 4602/4602/4602
f 4566/4566/4566 4605/4605/4605 4603/4603/4603
f 4603/4603/4603 4605/4605/4605 4604/4604/4604
f 4566/4566/4566 4574/4574/4574 4605/4605/4605
f 4601/4601/4601 4606/4606/4606 4596/4596/4596
f 4604/4604/4604 4606/4606/4606 4601/4601/4601
f 4574/4574/4574 4607/4607/4607 4605/4605/4605
f 4574/4574/4574 4583/4583/4583 4607/4607/4607
f 4605/4605/4605 4608/4608/4608 4604/4604/4604
f 4604/4604/4604 4608/4608/4608 4606/4606/4606
f 4605/4605/4605 4607/4607/4607 4608/4608/4608
f 4606/4606/4606 4609/4609/4609 4596/4596/4596
f 4596/4596/4596 4609/4609/4609 4592/4592/4592
f 4609/4609/4609 4597/4597/4597 4592/4592/4592
f 4608/4608/4608 4610/4610/4610 4606/4606/4606
f 4606/4606/4606 4610/4610/4610 4609/4609/4609
f 4607/4607/4607 4611/4611/4611 4608/4608/4608
f 4608/4608/4608 4611/4611/4611 4610/4610/4610
f 4583/4583/4583 4612/4612/4612 4607/4607/4607
f 4607/4607/4607 4612/4612/4612 4611/4611/4611
f 4609/4609/4609 4613/4613/4613 4597/4597/4597
f 4610/4610/4610 4613/4613/4613 4609/4609/4609
f 4611/4611/4611 4614/4614/4614 4610/4610/4610
f 4610/4610/4610 4614/4614/4614 4613/4613/4613
f 4613/4613/4613 4615/4615/4615 4597/4597/4597
f 4597/4597/4597 4615/4615/4615 4593/4593/4593
f 4615/4615/4615 4598/4598/4598 4593/4593/4593
f 4613/4613/4613 4616/4616/4616 4615/4615/4615
f 4614/4614/4614 4616/4616/4616 4613/4613/4613
f 4611/4611/4611 4617/4617/4617 4614/4614/4614
f 4612/4612/4612 4617/4617/4617 4611/4611/4611
f 4583/4583/4583 4618/4618/4618 4612/4612/4612
f 4618/4618/4618 4583/4583/4583 4584/4584/4584
f 4618/4618/4618 4584/4584/4584 4619/4619/4619
f 4615/4615/4615 4620/4620/4620 4598/4598/4598
f 4616/4616/4616 4620/4620/4620 4615/4615/4615
f 4614/4614/4614 4621/4621/4621 4616/4616/4616
f 4617/4617/4617 4621/4621/4621 4614/4614/4614
f 4612/4612/4612 4622/4622/4622 4617/4617/4617
f 4618/4618/4618 4622/4622/4622 4612/4612/4612
f 4620/4620/4620 4623/4623/4623 4598/4598/4598
f 4598/4598/4598 4623/4623/4623 4599/4599/4599
f 4623/4623/4623 4624/4624/4624 4599/4599/4599
f 4616/4616/4616 4625/4625/4625 4620/4620/4620
f 4621/4621/4621 4625/4625/4625 4616/4616/4616
f 4617/4617/4617 4626/4626/4626 4621/4621/4621
f 4622/4622/4622 4626/4626/4626 4617/4617/4617
f 4623/4623/4623 4627/4627/4627 4624/4624/4624
f 4627/4627/4627 4628/4628/4628 4624/4624/4624
f 4620/4620/4620 4629/4629/4629 4623/4623/4623
f 4625/4625/4625 4629/4629/4629 4620/4620/4620
f 4629/4629/4629 4627/4627/4627 4623/4623/4623
f 4621/4621/4621 4630/4630/4630 4625/4625/4625
f 4626/4626/4626 4630/4630/4630 4621/4621/4621
f 4627/4627/4627 4631/4631/4631 4628/4628/4628
f 4631/4631/4631 4632/4632/4632 4628/4628/4628
f 4625/4625/4625 4633/4633/4633 4629/4629/4629
f 4630/4630/4630 4633/4633/4633 4625/4625/4625
f 4629/4629/4629 4634/4634/4634 4627/4627/4627
f 4634/4634/4634 4631/4631/4631 4627/4627/4627
f 4633/4633/4633 4634/4634/4634 4629/4629/4629
f 4631/4631/4631 4635/4635/4635 4632/4632/4632
f 4635/4635/4635 4636/4636/4636 4632/4632/4632
f 4637/4637/4637 4635/4635/4635 4631/4631/4631
f 4634/4634/4634 4637/4637/4637 4631/4631/4631
f 4638/4638/4638 4637/4637/4637 4634/4634/4634
f 4633/4633/4633 4638/4638/4638 4634/4634/4634
f 4639/4639/4639 4638/4638/4638 4633/4633/4633
f 4630/4630/4630 4639/4639/4639 4633/4633/4633
f 4640/4640/4640 4639/4639/4639 4630/4630/4630
f 4626/4626/4626 4640/4640/4640 4630/4630/4630
f 4641/4641/4641 4640/4640/4640 4626/4626/4626
f 4622/4622/4622 4641/4641/4641 4626/4626/4626
f 4642/4642/4642 4641/4641/4641 4622/4622/4622
f 4618/4618/4618 4642/4642/4642 4622/4622/4622
f 4643/4643/4643 4642/4642/4642 4618/4618/4618
f 4618/4618/4618 4619/4619/4619 4643/4643/4643
f 4644/4644/4644 4643/4643/4643 4619/4619/4619
f 4619/4619/4619 4645/4645/4645 4644/4644/4644
f 4644/4644/4644 4645/4645/4645 4646/4646/4646
f 4647/4647/4647 4644/4644/4644 4646/4646/4646
f 4619/4619/4619 4648/4648/4648 4645/4645/4645
f 4619/4619/4619 4649/4649/4649 4648/4648/4648
f 4649/4649/4649 4650/4650/4650 4648/4648/4648
f 4649/4649/4649 4651/4651/4651 4650/4650/4650
f 4651/4651/4651 4652/4652/4652 4650/4650/4650
f 4652/4652/4652 4653/4653/4653 4650/4650/4650
f 4653/4653/4653 4654/4654/4654 4650/4650/4650
f 4654/4654/4654 4655/4655/4655 4650/4650/4650
f 4654/4654/4654 4656/4656/4656 4655/4655/4655
f 4656/4656/4656 4657/4657/4657 4655/4655/4655
f 4657/4657/4657 4658/4658/4658 4655/4655/4655
f 4645/4645/4645 4648/4648/4648 4659/4659/4659
f 4646/4646/4646 4645/4645/4645 4659/4659/4659
f 4647/4647/4647 4646/4646/4646 4660/4660/4660
f 4661/4661/4661 4647/4647/4647 4660/4660/4660
f 4648/4648/4648 4650/4650/4650 4662/4662/4662
f 4659/4659/4659 4648/4648/4648 4662/4662/4662
f 4646/4646/4646 4659/4659/4659 4663/4663/4663
f 4660/4660/4660 4646/4646/4646 4663/4663/4663
f 4661/4661/4661 4660/4660/4660 4664/4664/4664
f 4665/4665/4665 4661/4661/4661 4664/4664/4664
f 4658/4658/4658 4666/4666/4666 4655/4655/4655
f 4658/4658/4658 4667/4667/4667 4666/4666/4666
f 4650/4650/4650 4655/4655/4655 4668/4668/4668
f 4662/4662/4662 4650/4650/4650 4668/4668/4668
f 4659/4659/4659 4662/4662/4662 4669/4669/4669
f 4663/4663/4663 4659/4659/4659 4669/4669/4669
f 4660/4660/4660 4663/4663/4663 4670/4670/4670
f 4664/4664/4664 4660/4660/4660 4670/4670/4670
f 4665/4665/4665 4664/4664/4664 4671/4671/4671
f 4672/4672/4672 4665/4665/4665 4671/4671/4671
f 4667/4667/4667 4673/4673/4673 4666/4666/4666
f 4667/4667/4667 4674/4674/4674 4673/4673/4673
f 4674/4674/4674 4675/4675/4675 4673/4673/4673
f 4669/4669/4669 4662/4662/4662 4676/4676/4676
f 4662/4662/4662 4668/4668/4668 4676/4676/4676
f 4663/4663/4663 4669/4669/4669 4677/4677/4677
f 4670/4670/4670 4663/4663/4663 4677/4677/4677
f 4664/4664/4664 4670/4670/4670 4678/4678/4678
f 4671/4671/4671 4664/4664/4664 4678/4678/4678
f 4672/4672/4672 4671/4671/4671 4679/4679/4679
f 4680/4680/4680 4672/4672/4672 4679/4679/4679
f 4675/4675/4675 4681/4681/4681 4673/4673/4673
f 4675/4675/4675 4682/4682/4682 4681/4681/4681
f 4682/4682/4682 4683/4683/4683 4681/4681/4681
f 4677/4677/4677 4669/4669/4669 4684/4684/4684
f 4669/4669/4669 4676/4676/4676 4684/4684/4684
f 4670/4670/4670 4677/4677/4677 4685/4685/4685
f 4678/4678/4678 4670/4670/4670 4685/4685/4685
f 4671/4671/4671 4678/4678/4678 4686/4686/4686
f 4679/4679/4679 4671/4671/4671 4686/4686/4686
f 4680/4680/4680 4679/4679/4679 4687/4687/4687
f 4688/4688/4688 4680/4680/4680 4687/4687/4687
f 4688/4688/4688 4687/4687/4687 4689/4689/4689
f 4687/4687/4687 4690/4690/4690 4689/4689/4689
f 4687/4687/4687 4679/4679/4679 4691/4691/4691
f 4687/4687/4687 4691/4691/4691 4690/4690/4690
f 4679/4679/4679 4686/4686/4686 4691/4691/4691
f 4691/4691/4691 4692/4692/4692 4690/4690/4690
f 4691/4691/4691 4693/4693/4693 4692/4692/4692
f 4691/4691/4691 4686/4686/4686 4693/4693/4693
f 4693/4693/4693 4694/4694/4694 4692/4692/4692
f 4686/4686/4686 4678/4678/4678 4695/4695/4695
f 4686/4686/4686 4695/4695/4695 4693/4693/4693
f 4678/4678/4678 4685/4685/4685 4695/4695/4695
f 4693/4693/4693 4696/4696/4696 4694/4694/4694
f 4693/4693/4693 4695/4695/4695 4696/4696/4696
f 4696/4696/4696 4697/4697/4697 4694/4694/4694
f 4695/4695/4695 4685/4685/4685 4698/4698/4698
f 4695/4695/4695 4698/4698/4698 4696/4696/4696
f 4696/4696/4696 4699/4699/4699 4697/4697/4697
f 4696/4696/4696 4698/4698/4698 4699/4699/4699
f 4699/4699/4699 4700/4700/4700 4697/4697/4697
f 4685/4685/4685 4701/4701/4701 4698/4698/4698
f 4685/4685/4685 4677/4677/4677 4701/4701/4701
f 4677/4677/4677 4684/4684/4684 4701/4701/4701
f 4699/4699/4699 4702/4702/4702 4700/4700/4700
f 4702/4702/4702 4703/4703/4703 4700/4700/4700
f 4698/4698/4698 4704/4704/4704 4699/4699/4699
f 4698/4698/4698 4701/4701/4701 4704/4704/4704
f 4699/4699/4699 4704/4704/4704 4702/4702/4702
f 4701/4701/4701 4684/4684/4684 4705/4705/4705
f 4701/4701/4701 4705/4705/4705 4704/4704/4704
f 4702/4702/4702 4706/4706/4706 4703/4703/4703
f 4706/4706/4706 4707/4707/4707 4703/4703/4703
f 4704/4704/4704 4708/4708/4708 4702/4702/4702
f 4704/4704/4704 4705/4705/4705 4708/4708/4708
f 4702/4702/4702 4708/4708/4708 4706/4706/4706
f 4684/4684/4684 4709/4709/4709 4705/4705/4705
f 4684/4684/4684 4676/4676/4676 4709/4709/4709
f 4706/4706/4706 4710/4710/4710 4707/4707/4707
f 4710/4710/4710 4711/4711/4711 4707/4707/4707
f 4712/4712/4712 4711/4711/4711 4710/4710/4710
f 4705/4705/4705 4713/4713/4713 4708/4708/4708
f 4705/4705/4705 4709/4709/4709 4713/4713/4713
f 4708/4708/4708 4714/4714/4714 4706/4706/4706
f 4706/4706/4706 4714/4714/4714 4710/4710/4710
f 4708/4708/4708 4713/4713/4713 4714/4714/4714
f 4676/4676/4676 4715/4715/4715 4709/4709/4709
f 4676/4676/4676 4668/4668/4668 4715/4715/4715
f 4709/4709/4709 4716/4716/4716 4713/4713/4713
f 4709/4709/4709 4715/4715/4715 4716/4716/4716
f 4713/4713/4713 4717/4717/4717 4714/4714/4714
f 4713/4713/4713 4716/4716/4716 4717/4717/4717
f 4714/4714/4714 4718/4718/4718 4710/4710/4710
f 4714/4714/4714 4717/4717/4717 4718/4718/4718
f 4712/4712/4712 4710/4710/4710 4719/4719/4719
f 4710/4710/4710 4718/4718/4718 4719/4719/4719
f 4668/4668/4668 4720/4720/4720 4715/4715/4715
f 4668/4668/4668 4655/4655/4655 4720/4720/4720
f 4655/4655/4655 4666/4666/4666 4720/4720/4720
f 4715/4715/4715 4721/4721/4721 4716/4716/4716
f 4715/4715/4715 4720/4720/4720 4721/4721/4721
f 4720/4720/4720 4666/4666/4666 4722/4722/4722
f 4720/4720/4720 4722/4722/4722 4721/4721/4721
f 4666/4666/4666 4673/4673/4673 4722/4722/4722
f 4716/4716/4716 4723/4723/4723 4717/4717/4717
f 4716/4716/4716 4721/4721/4721 4723/4723/4723
f 4717/4717/4717 4724/4724/4724 4718/4718/4718
f 4717/4717/4717 4723/4723/4723 4724/4724/4724
f 4722/4722/4722 4673/4673/4673 4725/4725/4725
f 4673/4673/4673 4681/4681/4681 4725/4725/4725
f 4721/4721/4721 4722/4722/4722 4726/4726/4726
f 4721/4721/4721 4726/4726/4726 4723/4723/4723
f 4722/4722/4722 4725/4725/4725 4726/4726/4726
f 4723/4723/4723 4726/4726/4726 4727/4727/4727
f 4723/4723/4723 4727/4727/4727 4724/4724/4724
f 4718/4718/4718 4724/4724/4724 4728/4728/4728
f 4718/4718/4718 4728/4728/4728 4719/4719/4719
f 4726/4726/4726 4725/4725/4725 4729/4729/4729
f 4726/4726/4726 4729/4729/4729 4727/4727/4727
f 4725/4725/4725 4681/4681/4681 4730/4730/4730
f 4725/4725/4725 4730/4730/4730 4729/4729/4729
f 4724/4724/4724 4727/4727/4727 4731/4731/4731
f 4724/4724/4724 4731/4731/4731 4728/4728/4728
f 4727/4727/4727 4729/4729/4729 4732/4732/4732
f 4727/4727/4727 4732/4732/4732 4731/4731/4731
f 4681/4681/4681 4733/4733/4733 4730/4730/4730
f 4683/4683/4683 4733/4733/4733 4681/4681/4681
f 4683/4683/4683 4734/4734/4734 4733/4733/4733
f 4734/4734/4734 4735/4735/4735 4733/4733/4733
f 4729/4729/4729 4730/4730/4730 4736/4736/4736
f 4729/4729/4729 4736/4736/4736 4732/4732/4732
f 4735/4735/4735 4737/4737/4737 4733/4733/4733
f 4735/4735/4735 4738/4738/4738 4737/4737/4737
f 4738/4738/4738 4739/4739/4739 4737/4737/4737
f 4730/4730/4730 4733/4733/4733 4740/4740/4740
f 4730/4730/4730 4740/4740/4740 4736/4736/4736
f 4733/4733/4733 4737/4737/4737 4740/4740/4740
f 4739/4739/4739 4741/4741/4741 4737/4737/4737
f 4739/4739/4739 4742/4742/4742 4741/4741/4741
f 4740/4740/4740 4737/4737/4737 4743/4743/4743
f 4737/4737/4737 4741/4741/4741 4743/4743/4743
f 4736/4736/4736 4740/4740/4740 4744/4744/4744
f 4740/4740/4740 4743/4743/4743 4744/4744/4744
f 4732/4732/4732 4736/4736/4736 4745/4745/4745
f 4736/4736/4736 4744/4744/4744 4745/4745/4745
f 4742/4742/4742 4746/4746/4746 4741/4741/4741
f 4742/4742/4742 4747/4747/4747 4746/4746/4746
f 4743/4743/4743 4741/4741/4741 4748/4748/4748
f 4741/4741/4741 4746/4746/4746 4748/4748/4748
f 4744/4744/4744 4743/4743/4743 4749/4749/4749
f 4743/4743/4743 4748/4748/4748 4749/4749/4749
f 4747/4747/4747 4750/4750/4750 4746/4746/4746
f 4747/4747/4747 4751/4751/4751 4750/4750/4750
f 4748/4748/4748 4746/4746/4746 4752/4752/4752
f 4746/4746/4746 4750/4750/4750 4752/4752/4752
f 4751/4751/4751 4753/4753/4753 4750/4750/4750
f 4751/4751/4751 4754/4754/4754 4753/4753/4753
f 4732/4732/4732 4745/4745/4745 4755/4755/4755
f 4731/4731/4731 4732/4732/4732 4755/4755/4755
f 4745/4745/4745 4744/4744/4744 4756/4756/4756
f 4744/4744/4744 4749/4749/4749 4756/4756/4756
f 4749/4749/4749 4748/4748/4748 4757/4757/4757
f 4748/4748/4748 4752/4752/4752 4757/4757/4757
f 4752/4752/4752 4750/4750/4750 4758/4758/4758
f 4750/4750/4750 4753/4753/4753 4758/4758/4758
f 4731/4731/4731 4755/4755/4755 4759/4759/4759
f 4728/4728/4728 4731/4731/4731 4759/4759/4759
f 4755/4755/4755 4745/4745/4745 4760/4760/4760
f 4745/4745/4745 4756/4756/4756 4760/4760/4760
f 4756/4756/4756 4749/4749/4749 4761/4761/4761
f 4749/4749/4749 4757/4757/4757 4761/4761/4761
f 4757/4757/4757 4752/4752/4752 4762/4762/4762
f 4752/4752/4752 4758/4758/4758 4762/4762/4762
f 4759/4759/4759 4755/4755/4755 4763/4763/4763
f 4755/4755/4755 4760/4760/4760 4763/4763/4763
f 4728/4728/4728 4759/4759/4759 4764/4764/4764
f 4719/4719/4719 4728/4728/4728 4764/4764/4764
f 4760/4760/4760 4756/4756/4756 4765/4765/4765
f 4756/4756/4756 4761/4761/4761 4765/4765/4765
f 4761/4761/4761 4757/4757/4757 4766/4766/4766
f 4757/4757/4757 4762/4762/4762 4766/4766/4766
f 4763/4763/4763 4760/4760/4760 4767/4767/4767
f 4760/4760/4760 4765/4765/4765 4767/4767/4767
f 4759/4759/4759 4763/4763/4763 4768/4768/4768
f 4764/4764/4764 4759/4759/4759 4768/4768/4768
f 4765/4765/4765 4761/4761/4761 4769/4769/4769
f 4761/4761/4761 4766/4766/4766 4769/4769/4769
f 4767/4767/4767 4765/4765/4765 4770/4770/4770
f 4765/4765/4765 4769/4769/4769 4770/4770/4770
f 4763/4763/4763 4767/4767/4767 4771/4771/4771
f 4768/4768/4768 4763/4763/4763 4771/4771/4771
f 4771/4771/4771 4767/4767/4767 4772/4772/4772
f 4767/4767/4767 4770/4770/4770 4772/4772/4772
f 4768/4768/4768 4771/4771/4771 4773/4773/4773
f 4771/4771/4771 4772/4772/4772 4773/4773/4773
f 4772/4772/4772 4774/4774/4774 4773/4773/4773
f 4775/4775/4775 4773/4773/4773 4774/4774/4774
f 4776/4776/4776 4768/4768/4768 4773/4773/4773
f 4764/4764/4764 4768/4768/4768 4776/4776/4776
f 4776/4776/4776 4773/4773/4773 4775/4775/4775
f 4777/4777/4777 4764/4764/4764 4776/4776/4776
f 4719/4719/4719 4764/4764/4764 4777/4777/4777
f 4778/4778/4778 4776/4776/4776 4775/4775/4775
f 4777/4777/4777 4776/4776/4776 4778/4778/4778
f 4779/4779/4779 4719/4719/4719 4777/4777/4777
f 4712/4712/4712 4719/4719/4719 4779/4779/4779
f 4779/4779/4779 4780/4780/4780 4712/4712/4712
f 4781/4781/4781 4780/4780/4780 4779/4779/4779
f 4779/4779/4779 4777/4777/4777 4782/4782/4782
f 4782/4782/4782 4777/4777/4777 4778/4778/4778
f 4781/4781/4781 4779/4779/4779 4783/4783/4783
f 4783/4783/4783 4779/4779/4779 4782/4782/4782
f 4784/4784/4784 4781/4781/4781 4783/4783/4783
f 4778/4778/4778 4775/4775/4775 4785/4785/4785
f 4785/4785/4785 4775/4775/4775 4774/4774/4774
f 4782/4782/4782 4778/4778/4778 4786/4786/4786
f 4786/4786/4786 4778/4778/4778 4785/4785/4785
f 4787/4787/4787 4785/4785/4785 4774/4774/4774
f 4788/4788/4788 4787/4787/4787 4774/4774/4774
f 4774/4774/4774 4789/4789/4789 4788/4788/4788
f 4789/4789/4789 4774/4774/4774 4790/4790/4790
f 4786/4786/4786 4785/4785/4785 4791/4791/4791
f 4774/4774/4774 4792/4792/4792 4790/4790/4790
f 4790/4790/4790 4792/4792/4792 4793/4793/4793
f 4774/4774/4774 4772/4772/4772 4792/4792/4792
f 4794/4794/4794 4782/4782/4782 4786/4786/4786
f 4783/4783/4783 4782/4782/4782 4794/4794/4794
f 4795/4795/4795 4786/4786/4786 4791/4791/4791
f 4794/4794/4794 4786/4786/4786 4795/4795/4795
f 4795/4795/4795 4791/4791/4791 4796/4796/4796
f 4792/4792/4792 4797/4797/4797 4793/4793/4793
f 4793/4793/4793 4797/4797/4797 4798/4798/4798
f 4772/4772/4772 4799/4799/4799 4792/4792/4792
f 4792/4792/4792 4799/4799/4799 4797/4797/4797
f 4772/4772/4772 4770/4770/4770 4799/4799/4799
f 4800/4800/4800 4795/4795/4795 4796/4796/4796
f 4800/4800/4800 4796/4796/4796 4801/4801/4801
f 4802/4802/4802 4794/4794/4794 4795/4795/4795
f 4802/4802/4802 4795/4795/4795 4800/4800/4800
f 4803/4803/4803 4783/4783/4783 4794/4794/4794
f 4803/4803/4803 4794/4794/4794 4802/4802/4802
f 4797/4797/4797 4804/4804/4804 4798/4798/4798
f 4798/4798/4798 4804/4804/4804 4805/4805/4805
f 4799/4799/4799 4806/4806/4806 4797/4797/4797
f 4797/4797/4797 4806/4806/4806 4804/4804/4804
f 4770/4770/4770 4807/4807/4807 4799/4799/4799
f 4799/4799/4799 4807/4807/4807 4806/4806/4806
f 4770/4770/4770 4769/4769/4769 4807/4807/4807
f 4804/4804/4804 4808/4808/4808 4805/4805/4805
f 4805/4805/4805 4808/4808/4808 4809/4809/4809
f 4806/4806/4806 4810/4810/4810 4804/4804/4804
f 4804/4804/4804 4810/4810/4810 4808/4808/4808
f 4769/4769/4769 4811/4811/4811 4807/4807/4807
f 4769/4769/4769 4766/4766/4766 4811/4811/4811
f 4807/4807/4807 4812/4812/4812 4806/4806/4806
f 4806/4806/4806 4812/4812/4812 4810/4810/4810
f 4807/4807/4807 4811/4811/4811 4812/4812/4812
f 4808/4808/4808 4813/4813/4813 4809/4809/4809
f 4809/4809/4809 4813/4813/4813 4814/4814/4814
f 4766/4766/4766 4815/4815/4815 4811/4811/4811
f 4766/4766/4766 4762/4762/4762 4815/4815/4815
f 4810/4810/4810 4816/4816/4816 4808/4808/4808
f 4808/4808/4808 4816/4816/4816 4813/4813/4813
f 4811/4811/4811 4817/4817/4817 4812/4812/4812
f 4811/4811/4811 4815/4815/4815 4817/4817/4817
f 4812/4812/4812 4818/4818/4818 4810/4810/4810
f 4810/4810/4810 4818/4818/4818 4816/4816/4816
f 4812/4812/4812 4817/4817/4817 4818/4818/4818
f 4813/4813/4813 4819/4819/4819 4814/4814/4814
f 4814/4814/4814 4819/4819/4819 4820/4820/4820
f 4762/4762/4762 4821/4821/4821 4815/4815/4815
f 4762/4762/4762 4758/4758/4758 4821/4821/4821
f 4816/4816/4816 4822/4822/4822 4813/4813/4813
f 4813/4813/4813 4822/4822/4822 4819/4819/4819
f 4818/4818/4818 4823/4823/4823 4816/4816/4816
f 4816/4816/4816 4823/4823/4823 4822/4822/4822
f 4817/4817/4817 4824/4824/4824 4818/4818/4818
f 4818/4818/4818 4824/4824/4824 4823/4823/4823
f 4815/4815/4815 4825/4825/4825 4817/4817/4817
f 4815/4815/4815 4821/4821/4821 4825/4825/4825
f 4817/4817/4817 4825/4825/4825 4824/4824/4824
f 4819/4819/4819 4826/4826/4826 4820/4820/4820
f 4820/4820/4820 4826/4826/4826 4827/4827/4827
f 4758/4758/4758 4828/4828/4828 4821/4821/4821
f 4758/4758/4758 4753/4753/4753 4828/4828/4828
f 4822/4822/4822 4829/4829/4829 4819/4819/4819
f 4819/4819/4819 4829/4829/4829 4826/4826/4826
f 4823/4823/4823 4830/4830/4830 4822/4822/4822
f 4822/4822/4822 4830/4830/4830 4829/4829/4829
f 4824/4824/4824 4831/4831/4831 4823/4823/4823
f 4823/4823/4823 4831/4831/4831 4830/4830/4830
f 4821/4821/4821 4832/4832/4832 4825/4825/4825
f 4821/4821/4821 4828/4828/4828 4832/4832/4832
f 4825/4825/4825 4833/4833/4833 4824/4824/4824
f 4824/4824/4824 4833/4833/4833 4831/4831/4831
f 4825/4825/4825 4832/4832/4832 4833/4833/4833
f 4753/4753/4753 4834/4834/4834 4828/4828/4828
f 4754/4754/4754 4834/4834/4834 4753/4753/4753
f 4828/4828/4828 4835/4835/4835 4832/4832/4832
f 4828/4828/4828 4834/4834/4834 4835/4835/4835
f 4754/4754/4754 4836/4836/4836 4834/4834/4834
f 4834/4834/4834 4836/4836/4836 4835/4835/4835
f 4754/4754/4754 4837/4837/4837 4836/4836/4836
f 4837/4837/4837 4838/4838/4838 4836/4836/4836
f 4832/4832/4832 4839/4839/4839 4833/4833/4833
f 4832/4832/4832 4835/4835/4835 4839/4839/4839
f 4833/4833/4833 4840/4840/4840 4831/4831/4831
f 4833/4833/4833 4839/4839/4839 4840/4840/4840
f 4835/4835/4835 4836/4836/4836 4841/4841/4841
f 4835/4835/4835 4841/4841/4841 4839/4839/4839
f 4838/4838/4838 4842/4842/4842 4836/4836/4836
f 4836/4836/4836 4842/4842/4842 4841/4841/4841
f 4839/4839/4839 4841/4841/4841 4843/4843/4843
f 4839/4839/4839 4843/4843/4843 4840/4840/4840
f 4831/4831/4831 4840/4840/4840 4844/4844/4844
f 4831/4831/4831 4844/4844/4844 4830/4830/4830
f 4838/4838/4838 4845/4845/4845 4842/4842/4842
f 4838/4838/4838 4846/4846/4846 4845/4845/4845
f 4841/4841/4841 4842/4842/4842 4847/4847/4847
f 4841/4841/4841 4847/4847/4847 4843/4843/4843
f 4842/4842/4842 4845/4845/4845 4847/4847/4847
f 4840/4840/4840 4843/4843/4843 4848/4848/4848
f 4840/4840/4840 4848/4848/4848 4844/4844/4844
f 4830/4830/4830 4844/4844/4844 4849/4849/4849
f 4830/4830/4830 4849/4849/4849 4829/4829/4829
f 4846/4846/4846 4850/4850/4850 4845/4845/4845
f 4846/4846/4846 4851/4851/4851 4850/4850/4850
f 4847/4847/4847 4845/4845/4845 4852/4852/4852
f 4845/4845/4845 4850/4850/4850 4852/4852/4852
f 4843/4843/4843 4847/4847/4847 4853/4853/4853
f 4843/4843/4843 4853/4853/4853 4848/4848/4848
f 4847/4847/4847 4852/4852/4852 4853/4853/4853
f 4844/4844/4844 4848/4848/4848 4854/4854/4854
f 4844/4844/4844 4854/4854/4854 4849/4849/4849
f 4829/4829/4829 4849/4849/4849 4855/4855/4855
f 4829/4829/4829 4855/4855/4855 4826/4826/4826
f 4851/4851/4851 4856/4856/4856 4850/4850/4850
f 4851/4851/4851 4857/4857/4857 4856/4856/4856
f 4848/4848/4848 4853/4853/4853 4858/4858/4858
f 4848/4848/4848 4858/4858/4858 4854/4854/4854
f 4852/4852/4852 4850/4850/4850 4859/4859/4859
f 4850/4850/4850 4856/4856/4856 4859/4859/4859
f 4853/4853/4853 4852/4852/4852 4860/4860/4860
f 4853/4853/4853 4860/4860/4860 4858/4858/4858
f 4852/4852/4852 4859/4859/4859 4860/4860/4860
f 4849/4849/4849 4854/4854/4854 4861/4861/4861
f 4849/4849/4849 4861/4861/4861 4855/4855/4855
f 4826/4826/4826 4855/4855/4855 4862/4862/4862
f 4826/4826/4826 4862/4862/4862 4827/4827/4827
f 4827/4827/4827 4862/4862/4862 4863/4863/4863
f 4854/4854/4854 4858/4858/4858 4864/4864/4864
f 4854/4854/4854 4864/4864/4864 4861/4861/4861
f 4858/4858/4858 4860/4860/4860 4865/4865/4865
f 4858/4858/4858 4865/4865/4865 4864/4864/4864
f 4860/4860/4860 4859/4859/4859 4866/4866/4866
f 4860/4860/4860 4866/4866/4866 4865/4865/4865
f 4855/4855/4855 4867/4867/4867 4862/4862/4862
f 4855/4855/4855 4861/4861/4861 4867/4867/4867
f 4862/4862/4862 4868/4868/4868 4863/4863/4863
f 4862/4862/4862 4867/4867/4867 4868/4868/4868
f 4863/4863/4863 4868/4868/4868 4869/4869/4869
f 4868/4868/4868 4870/4870/4870 4869/4869/4869
f 4871/4871/4871 4869/4869/4869 4870/4870/4870
f 4870/4870/4870 4872/4872/4872 4871/4871/4871
f 4870/4870/4870 4873/4873/4873 4872/4872/4872
f 4870/4870/4870 4874/4874/4874 4873/4873/4873
f 4870/4870/4870 4875/4875/4875 4874/4874/4874
f 4876/4876/4876 4875/4875/4875 4870/4870/4870
f 4861/4861/4861 4877/4877/4877 4867/4867/4867
f 4861/4861/4861 4864/4864/4864 4877/4877/4877
f 4867/4867/4867 4878/4878/4878 4868/4868/4868
f 4868/4868/4868 4878/4878/4878 4870/4870/4870
f 4867/4867/4867 4877/4877/4877 4878/4878/4878
f 4879/4879/4879 4876/4876/4876 4870/4870/4870
f 4878/4878/4878 4879/4879/4879 4870/4870/4870
f 4864/4864/4864 4880/4880/4880 4877/4877/4877
f 4864/4864/4864 4865/4865/4865 4880/4880/4880
f 4877/4877/4877 4881/4881/4881 4878/4878/4878
f 4878/4878/4878 4881/4881/4881 4879/4879/4879
f 4877/4877/4877 4880/4880/4880 4881/4881/4881
f 4879/4879/4879 4882/4882/4882 4876/4876/4876
f 4881/4881/4881 4882/4882/4882 4879/4879/4879
f 4882/4882/4882 4883/4883/4883 4876/4876/4876
f 4865/4865/4865 4884/4884/4884 4880/4880/4880
f 4865/4865/4865 4866/4866/4866 4884/4884/4884
f 4880/4880/4880 4885/4885/4885 4881/4881/4881
f 4881/4881/4881 4885/4885/4885 4882/4882/4882
f 4880/4880/4880 4884/4884/4884 4885/4885/4885
f 4882/4882/4882 4886/4886/4886 4883/4883/4883
f 4885/4885/4885 4886/4886/4886 4882/4882/4882
f 4886/4886/4886 4887/4887/4887 4883/4883/4883
f 4884/4884/4884 4888/4888/4888 4885/4885/4885
f 4885/4885/4885 4888/4888/4888 4886/4886/4886
f 4866/4866/4866 4889/4889/4889 4884/4884/4884
f 4884/4884/4884 4889/4889/4889 4888/4888/4888
f 4888/4888/4888 4890/4890/4890 4886/4886/4886
f 4886/4886/4886 4890/4890/4890 4887/4887/4887
f 4866/4866/4866 4891/4891/4891 4889/4889/4889
f 4859/4859/4859 4891/4891/4891 4866/4866/4866
f 4859/4859/4859 4856/4856/4856 4891/4891/4891
f 4889/4889/4889 4892/4892/4892 4888/4888/4888
f 4888/4888/4888 4892/4892/4892 4890/4890/4890
f 4856/4856/4856 4893/4893/4893 4891/4891/4891
f 4857/4857/4857 4893/4893/4893 4856/4856/4856
f 4891/4891/4891 4894/4894/4894 4889/4889/4889
f 4891/4891/4891 4893/4893/4893 4894/4894/4894
f 4889/4889/4889 4894/4894/4894 4892/4892/4892
f 4857/4857/4857 4895/4895/4895 4893/4893/4893
f 4893/4893/4893 4895/4895/4895 4894/4894/4894
f 4857/4857/4857 4896/4896/4896 4895/4895/4895
f 4894/4894/4894 4897/4897/4897 4892/4892/4892
f 4894/4894/4894 4895/4895/4895 4897/4897/4897
f 4892/4892/4892 4898/4898/4898 4890/4890/4890
f 4892/4892/4892 4897/4897/4897 4898/4898/4898
f 4896/4896/4896 4899/4899/4899 4895/4895/4895
f 4895/4895/4895 4899/4899/4899 4897/4897/4897
f 4896/4896/4896 4900/4900/4900 4899/4899/4899
f 4896/4896/4896 4901/4901/4901 4900/4900/4900
f 4901/4901/4901 4902/4902/4902 4900/4900/4900
f 4897/4897/4897 4899/4899/4899 4903/4903/4903
f 4897/4897/4897 4903/4903/4903 4898/4898/4898
f 4899/4899/4899 4900/4900/4900 4903/4903/4903
f 4890/4890/4890 4898/4898/4898 4904/4904/4904
f 4890/4890/4890 4904/4904/4904 4887/4887/4887
f 4898/4898/4898 4903/4903/4903 4905/4905/4905
f 4898/4898/4898 4905/4905/4905 4904/4904/4904
f 4903/4903/4903 4900/4900/4900 4906/4906/4906
f 4903/4903/4903 4906/4906/4906 4905/4905/4905
f 4902/4902/4902 4907/4907/4907 4900/4900/4900
f 4900/4900/4900 4907/4907/4907 4906/4906/4906
f 4887/4887/4887 4904/4904/4904 4908/4908/4908
f 4904/4904/4904 4905/4905/4905 4909/4909/4909
f 4904/4904/4904 4909/4909/4909 4908/4908/4908
f 4905/4905/4905 4906/4906/4906 4910/4910/4910
f 4905/4905/4905 4910/4910/4910 4909/4909/4909
f 4906/4906/4906 4907/4907/4907 4911/4911/4911
f 4906/4906/4906 4911/4911/4911 4910/4910/4910
f 4902/4902/4902 4912/4912/4912 4907/4907/4907
f 4907/4907/4907 4912/4912/4912 4911/4911/4911
f 4887/4887/4887 4908/4908/4908 4913/4913/4913
f 4914/4914/4914 4887/4887/4887 4913/4913/4913
f 4914/4914/4914 4913/4913/4913 4915/4915/4915
f 4916/4916/4916 4914/4914/4914 4915/4915/4915
f 4916/4916/4916 4915/4915/4915 4917/4917/4917
f 4918/4918/4918 4916/4916/4916 4917/4917/4917
f 4918/4918/4918 4917/4917/4917 4919/4919/4919
f 4920/4920/4920 4918/4918/4918 4919/4919/4919
f 4920/4920/4920 4919/4919/4919 4921/4921/4921
f 4922/4922/4922 4920/4920/4920 4921/4921/4921
f 4922/4922/4922 4921/4921/4921 4923/4923/4923
f 4924/4924/4924 4922/4922/4922 4923/4923/4923
f 4924/4924/4924 4923/4923/4923 4925/4925/4925
f 4926/4926/4926 4924/4924/4924 4925/4925/4925
f 4926/4926/4926 4925/4925/4925 4927/4927/4927
f 4928/4928/4928 4926/4926/4926 4927/4927/4927
f 4927/4927/4927 4929/4929/4929 4928/4928/4928
f 4930/4930/4930 4929/4929/4929 4927/4927/4927
f 4931/4931/4931 4930/4930/4930 4927/4927/4927
f 4927/4927/4927 4925/4925/4925 4932/4932/4932
f 4931/4931/4931 4927/4927/4927 4932/4932/4932
f 4925/4925/4925 4923/4923/4923 4933/4933/4933
f 4925/4925/4925 4933/4933/4933 4932/4932/4932
f 4931/4931/4931 4932/4932/4932 4934/4934/4934
f 4932/4932/4932 4933/4933/4933 4934/4934/4934
f 4935/4935/4935 4931/4931/4931 4934/4934/4934
f 4923/4923/4923 4921/4921/4921 4936/4936/4936
f 4923/4923/4923 4936/4936/4936 4933/4933/4933
f 4933/4933/4933 4937/4937/4937 4934/4934/4934
f 4933/4933/4933 4936/4936/4936 4937/4937/4937
f 4935/4935/4935 4934/4934/4934 4938/4938/4938
f 4934/4934/4934 4937/4937/4937 4938/4938/4938
f 4935/4935/4935 4938/4938/4938 4350/4350/4350
f 4939/4939/4939 4935/4935/4935 4350/4350/4350
f 4940/4940/4940 4939/4939/4939 4350/4350/4350
f 4941/4941/4941 4940/4940/4940 4350/4350/4350
f 4942/4942/4942 4941/4941/4941 4350/4350/4350
f 4943/4943/4943 4942/4942/4942 4350/4350/4350
f 4801/4801/4801 4943/4943/4943 4350/4350/4350
f 4921/4921/4921 4944/4944/4944 4936/4936/4936
f 4921/4921/4921 4919/4919/4919 4944/4944/4944
f 4936/4936/4936 4945/4945/4945 4937/4937/4937
f 4936/4936/4936 4944/4944/4944 4945/4945/4945
f 4937/4937/4937 4946/4946/4946 4938/4938/4938
f 4937/4937/4937 4945/4945/4945 4946/4946/4946
f 4947/4947/4947 4801/4801/4801 4350/4350/4350
f 4947/4947/4947 4800/4800/4800 4801/4801/4801
f 4938/4938/4938 4948/4948/4948 4350/4350/4350
f 4938/4938/4938 4946/4946/4946 4948/4948/4948
f 4949/4949/4949 4947/4947/4947 4350/4350/4350
f 4948/4948/4948 4950/4950/4950 4350/4350/4350
f 4951/4951/4951 4800/4800/4800 4947/4947/4947
f 4949/4949/4949 4951/4951/4951 4947/4947/4947
f 4951/4951/4951 4802/4802/4802 4800/4800/4800
f 4946/4946/4946 4952/4952/4952 4948/4948/4948
f 4948/4948/4948 4952/4952/4952 4950/4950/4950
f 4945/4945/4945 4953/4953/4953 4946/4946/4946
f 4946/4946/4946 4953/4953/4953 4952/4952/4952
f 4954/4954/4954 4802/4802/4802 4951/4951/4951
f 4954/4954/4954 4803/4803/4803 4802/4802/4802
f 4955/4955/4955 4951/4951/4951 4949/4949/4949
f 4955/4955/4955 4954/4954/4954 4951/4951/4951
f 4956/4956/4956 4949/4949/4949 4350/4350/4350
f 4956/4956/4956 4955/4955/4955 4949/4949/4949
f 4945/4945/4945 4957/4957/4957 4953/4953/4953
f 4944/4944/4944 4957/4957/4957 4945/4945/4945
f 4944/4944/4944 4958/4958/4958 4957/4957/4957
f 4919/4919/4919 4958/4958/4958 4944/4944/4944
f 4919/4919/4919 4917/4917/4917 4958/4958/4958
f 4917/4917/4917 4959/4959/4959 4958/4958/4958
f 4917/4917/4917 4915/4915/4915 4959/4959/4959
f 4958/4958/4958 4960/4960/4960 4957/4957/4957
f 4958/4958/4958 4959/4959/4959 4960/4960/4960
f 4957/4957/4957 4961/4961/4961 4953/4953/4953
f 4957/4957/4957 4960/4960/4960 4961/4961/4961
f 4915/4915/4915 4962/4962/4962 4959/4959/4959
f 4915/4915/4915 4913/4913/4913 4962/4962/4962
f 4959/4959/4959 4963/4963/4963 4960/4960/4960
f 4959/4959/4959 4962/4962/4962 4963/4963/4963
f 4913/4913/4913 4964/4964/4964 4962/4962/4962
f 4913/4913/4913 4908/4908/4908 4964/4964/4964
f 4953/4953/4953 4961/4961/4961 4965/4965/4965
f 4953/4953/4953 4965/4965/4965 4952/4952/4952
f 4960/4960/4960 4966/4966/4966 4961/4961/4961
f 4960/4960/4960 4963/4963/4963 4966/4966/4966
f 4962/4962/4962 4967/4967/4967 4963/4963/4963
f 4962/4962/4962 4964/4964/4964 4967/4967/4967
f 4908/4908/4908 4968/4968/4968 4964/4964/4964
f 4908/4908/4908 4909/4909/4909 4968/4968/4968
f 4952/4952/4952 4965/4965/4965 4969/4969/4969
f 4952/4952/4952 4969/4969/4969 4950/4950/4950
f 4961/4961/4961 4970/4970/4970 4965/4965/4965
f 4961/4961/4961 4966/4966/4966 4970/4970/4970
f 4963/4963/4963 4971/4971/4971 4966/4966/4966
f 4963/4963/4963 4967/4967/4967 4971/4971/4971
f 4964/4964/4964 4972/4972/4972 4967/4967/4967
f 4964/4964/4964 4968/4968/4968 4972/4972/4972
f 4909/4909/4909 4973/4973/4973 4968/4968/4968
f 4909/4909/4909 4910/4910/4910 4973/4973/4973
f 4950/4950/4950 4969/4969/4969 4974/4974/4974
f 4950/4950/4950 4974/4974/4974 4350/4350/4350
f 4966/4966/4966 4975/4975/4975 4970/4970/4970
f 4966/4966/4966 4971/4971/4971 4975/4975/4975
f 4967/4967/4967 4976/4976/4976 4971/4971/4971
f 4967/4967/4967 4972/4972/4972 4976/4976/4976
f 4968/4968/4968 4977/4977/4977 4972/4972/4972
f 4968/4968/4968 4973/4973/4973 4977/4977/4977
f 4910/4910/4910 4978/4978/4978 4973/4973/4973
f 4910/4910/4910 4911/4911/4911 4978/4978/4978
f 4971/4971/4971 4979/4979/4979 4975/4975/4975
f 4971/4971/4971 4976/4976/4976 4979/4979/4979
f 4972/4972/4972 4980/4980/4980 4976/4976/4976
f 4972/4972/4972 4977/4977/4977 4980/4980/4980
f 4973/4973/4973 4981/4981/4981 4977/4977/4977
f 4973/4973/4973 4978/4978/4978 4981/4981/4981
f 4911/4911/4911 4982/4982/4982 4978/4978/4978
f 4911/4911/4911 4912/4912/4912 4982/4982/4982
f 4976/4976/4976 4983/4983/4983 4979/4979/4979
f 4976/4976/4976 4980/4980/4980 4983/4983/4983
f 4977/4977/4977 4984/4984/4984 4980/4980/4980
f 4977/4977/4977 4981/4981/4981 4984/4984/4984
f 4978/4978/4978 4985/4985/4985 4981/4981/4981
f 4978/4978/4978 4982/4982/4982 4985/4985/4985
f 4912/4912/4912 4986/4986/4986 4982/4982/4982
f 4902/4902/4902 4986/4986/4986 4912/4912/4912
f 4982/4982/4982 4986/4986/4986 4987/4987/4987
f 4982/4982/4982 4987/4987/4987 4985/4985/4985
f 4902/4902/4902 4988/4988/4988 4986/4986/4986
f 4986/4986/4986 4988/4988/4988 4987/4987/4987
f 4902/4902/4902 4989/4989/4989 4988/4988/4988
f 4981/4981/4981 4985/4985/4985 4990/4990/4990
f 4981/4981/4981 4990/4990/4990 4984/4984/4984
f 4980/4980/4980 4984/4984/4984 4991/4991/4991
f 4980/4980/4980 4991/4991/4991 4983/4983/4983
f 4985/4985/4985 4987/4987/4987 4992/4992/4992
f 4985/4985/4985 4992/4992/4992 4990/4990/4990
f 4987/4987/4987 4988/4988/4988 4993/4993/4993
f 4987/4987/4987 4993/4993/4993 4992/4992/4992
f 4989/4989/4989 4994/4994/4994 4988/4988/4988
f 4988/4988/4988 4994/4994/4994 4993/4993/4993
f 4984/4984/4984 4990/4990/4990 4995/4995/4995
f 4984/4984/4984 4995/4995/4995 4991/4991/4991
f 4990/4990/4990 4992/4992/4992 4996/4996/4996
f 4990/4990/4990 4996/4996/4996 4995/4995/4995
f 4989/4989/4989 4997/4997/4997 4994/4994/4994
f 4989/4989/4989 4998/4998/4998 4997/4997/4997
f 4993/4993/4993 4994/4994/4994 4999/4999/4999
f 4994/4994/4994 4997/4997/4997 4999/4999/4999
f 4992/4992/4992 4993/4993/4993 5000/5000/5000
f 4992/4992/4992 5000/5000/5000 4996/4996/4996
f 4993/4993/4993 4999/4999/4999 5000/5000/5000
f 4998/4998/4998 5001/5001/5001 4997/4997/4997
f 4998/4998/4998 5002/5002/5002 5001/5001/5001
f 4999/4999/4999 4997/4997/4997 5003/5003/5003
f 4997/4997/4997 5001/5001/5001 5003/5003/5003
f 5000/5000/5000 4999/4999/4999 5004/5004/5004
f 4999/4999/4999 5003/5003/5003 5004/5004/5004
f 4996/4996/4996 5000/5000/5000 5005/5005/5005
f 5000/5000/5000 5004/5004/5004 5005/5005/5005
f 4995/4995/4995 4996/4996/4996 5006/5006/5006
f 4996/4996/4996 5005/5005/5005 5006/5006/5006
f 5002/5002/5002 5007/5007/5007 5001/5001/5001
f 5002/5002/5002 5008/5008/5008 5007/5007/5007
f 5003/5003/5003 5001/5001/5001 5009/5009/5009
f 5001/5001/5001 5007/5007/5007 5009/5009/5009
f 5004/5004/5004 5003/5003/5003 5010/5010/5010
f 5003/5003/5003 5009/5009/5009 5010/5010/5010
f 5005/5005/5005 5004/5004/5004 5011/5011/5011
f 5004/5004/5004 5010/5010/5010 5011/5011/5011
f 4995/4995/4995 5006/5006/5006 5012/5012/5012
f 4991/4991/4991 4995/4995/4995 5012/5012/5012
f 5006/5006/5006 5005/5005/5005 5013/5013/5013
f 5005/5005/5005 5011/5011/5011 5013/5013/5013
f 5012/5012/5012 5006/5006/5006 5014/5014/5014
f 5006/5006/5006 5013/5013/5013 5014/5014/5014
f 4991/4991/4991 5012/5012/5012 5015/5015/5015
f 4983/4983/4983 4991/4991/4991 5015/5015/5015
f 5012/5012/5012 5014/5014/5014 5016/5016/5016
f 5015/5015/5015 5012/5012/5012 5016/5016/5016
f 4983/4983/4983 5015/5015/5015 5017/5017/5017
f 4979/4979/4979 4983/4983/4983 5017/5017/5017
f 5015/5015/5015 5016/5016/5016 5018/5018/5018
f 5017/5017/5017 5015/5015/5015 5018/5018/5018
f 4979/4979/4979 5017/5017/5017 5019/5019/5019
f 4975/4975/4975 4979/4979/4979 5019/5019/5019
f 5017/5017/5017 5018/5018/5018 5020/5020/5020
f 5019/5019/5019 5017/5017/5017 5020/5020/5020
f 4975/4975/4975 5019/5019/5019 5021/5021/5021
f 4970/4970/4970 4975/4975/4975 5021/5021/5021
f 5019/5019/5019 5020/5020/5020 5022/5022/5022
f 5021/5021/5021 5019/5019/5019 5022/5022/5022
f 4970/4970/4970 5021/5021/5021 5023/5023/5023
f 4965/4965/4965 4970/4970/4970 5023/5023/5023
f 4965/4965/4965 5023/5023/5023 4969/4969/4969
f 5023/5023/5023 5021/5021/5021 5024/5024/5024
f 5021/5021/5021 5022/5022/5022 5024/5024/5024
f 4969/4969/4969 5023/5023/5023 5025/5025/5025
f 5023/5023/5023 5024/5024/5024 5025/5025/5025
f 4969/4969/4969 5025/5025/5025 4974/4974/4974
f 4974/4974/4974 5025/5025/5025 5026/5026/5026
f 4974/4974/4974 5026/5026/5026 4350/4350/4350
f 5025/5025/5025 5024/5024/5024 5027/5027/5027
f 5025/5025/5025 5027/5027/5027 5026/5026/5026
f 5024/5024/5024 5022/5022/5022 5028/5028/5028
f 5024/5024/5024 5028/5028/5028 5027/5027/5027
f 5022/5022/5022 5020/5020/5020 5029/5029/5029
f 5022/5022/5022 5029/5029/5029 5028/5028/5028
f 5026/5026/5026 5027/5027/5027 5030/5030/5030
f 5026/5026/5026 5030/5030/5030 4350/4350/4350
f 5027/5027/5027 5028/5028/5028 5031/5031/5031
f 5027/5027/5027 5031/5031/5031 5030/5030/5030
f 5030/5030/5030 5032/5032/5032 4350/4350/4350
f 5030/5030/5030 5031/5031/5031 5032/5032/5032
f 5028/5028/5028 5033/5033/5033 5031/5031/5031
f 5028/5028/5028 5029/5029/5029 5033/5033/5033
f 5020/5020/5020 5034/5034/5034 5029/5029/5029
f 5020/5020/5020 5018/5018/5018 5034/5034/5034
f 5032/5032/5032 5035/5035/5035 4350/4350/4350
f 5035/5035/5035 5036/5036/5036 4350/4350/4350
f 5036/5036/5036 5037/5037/5037 4350/4350/4350
f 5031/5031/5031 5038/5038/5038 5032/5032/5032
f 5032/5032/5032 5038/5038/5038 5035/5035/5035
f 5031/5031/5031 5033/5033/5033 5038/5038/5038
f 5029/5029/5029 5039/5039/5039 5033/5033/5033
f 5029/5029/5029 5034/5034/5034 5039/5039/5039
f 5018/5018/5018 5040/5040/5040 5034/5034/5034
f 5018/5018/5018 5016/5016/5016 5040/5040/5040
f 5035/5035/5035 5041/5041/5041 5036/5036/5036
f 5038/5038/5038 5041/5041/5041 5035/5035/5035
f 5033/5033/5033 5042/5042/5042 5038/5038/5038
f 5033/5033/5033 5039/5039/5039 5042/5042/5042
f 5038/5038/5038 5042/5042/5042 5041/5041/5041
f 5034/5034/5034 5043/5043/5043 5039/5039/5039
f 5034/5034/5034 5040/5040/5040 5043/5043/5043
f 5016/5016/5016 5044/5044/5044 5040/5040/5040
f 5016/5016/5016 5014/5014/5014 5044/5044/5044
f 5041/5041/5041 5045/5045/5045 5036/5036/5036
f 5036/5036/5036 5045/5045/5045 5037/5037/5037
f 5042/5042/5042 5046/5046/5046 5041/5041/5041
f 5041/5041/5041 5046/5046/5046 5045/5045/5045
f 5039/5039/5039 5047/5047/5047 5042/5042/5042
f 5039/5039/5039 5043/5043/5043 5047/5047/5047
f 5042/5042/5042 5047/5047/5047 5046/5046/5046
f 5040/5040/5040 5048/5048/5048 5043/5043/5043
f 5040/5040/5040 5044/5044/5044 5048/5048/5048
f 5014/5014/5014 5049/5049/5049 5044/5044/5044
f 5014/5014/5014 5013/5013/5013 5049/5049/5049
f 5043/5043/5043 5050/5050/5050 5047/5047/5047
f 5043/5043/5043 5048/5048/5048 5050/5050/5050
f 5047/5047/5047 5051/5051/5051 5046/5046/5046
f 5047/5047/5047 5050/5050/5050 5051/5051/5051
f 5046/5046/5046 5052/5052/5052 5045/5045/5045
f 5046/5046/5046 5051/5051/5051 5052/5052/5052
f 5044/5044/5044 5053/5053/5053 5048/5048/5048
f 5044/5044/5044 5049/5049/5049 5053/5053/5053
f 5013/5013/5013 5054/5054/5054 5049/5049/5049
f 5013/5013/5013 5011/5011/5011 5054/5054/5054
f 5048/5048/5048 5055/5055/5055 5050/5050/5050
f 5048/5048/5048 5053/5053/5053 5055/5055/5055
f 5050/5050/5050 5056/5056/5056 5051/5051/5051
f 5050/5050/5050 5055/5055/5055 5056/5056/5056
f 5049/5049/5049 5057/5057/5057 5053/5053/5053
f 5049/5049/5049 5054/5054/5054 5057/5057/5057
f 5011/5011/5011 5058/5058/5058 5054/5054/5054
f 5011/5011/5011 5010/5010/5010 5058/5058/5058
f 5053/5053/5053 5059/5059/5059 5055/5055/5055
f 5053/5053/5053 5057/5057/5057 5059/5059/5059
f 5054/5054/5054 5060/5060/5060 5057/5057/5057
f 5054/5054/5054 5058/5058/5058 5060/5060/5060
f 5010/5010/5010 5061/5061/5061 5058/5058/5058
f 5010/5010/5010 5009/5009/5009 5061/5061/5061
f 5051/5051/5051 5056/5056/5056 5062/5062/5062
f 5051/5051/5051 5062/5062/5062 5052/5052/5052
f 5055/5055/5055 5063/5063/5063 5056/5056/5056
f 5055/5055/5055 5059/5059/5059 5063/5063/5063
f 5057/5057/5057 5064/5064/5064 5059/5059/5059
f 5057/5057/5057 5060/5060/5060 5064/5064/5064
f 5058/5058/5058 5065/5065/5065 5060/5060/5060
f 5058/5058/5058 5061/5061/5061 5065/5065/5065
f 5009/5009/5009 5066/5066/5066 5061/5061/5061
f 5009/5009/5009 5007/5007/5007 5066/5066/5066
f 5056/5056/5056 5067/5067/5067 5062/5062/5062
f 5056/5056/5056 5063/5063/5063 5067/5067/5067
f 5059/5059/5059 5068/5068/5068 5063/5063/5063
f 5059/5059/5059 5064/5064/5064 5068/5068/5068
f 5060/5060/5060 5069/5069/5069 5064/5064/5064
f 5060/5060/5060 5065/5065/5065 5069/5069/5069
f 5061/5061/5061 5070/5070/5070 5065/5065/5065
f 5061/5061/5061 5066/5066/5066 5070/5070/5070
f 5007/5007/5007 5071/5071/5071 5066/5066/5066
f 5008/5008/5008 5071/5071/5071 5007/5007/5007
f 5066/5066/5066 5071/5071/5071 5072/5072/5072
f 5066/5066/5066 5072/5072/5072 5070/5070/5070
f 5008/5008/5008 5073/5073/5073 5071/5071/5071
f 5071/5071/5071 5073/5073/5073 5072/5072/5072
f 5008/5008/5008 5074/5074/5074 5073/5073/5073
f 5074/5074/5074 5075/5075/5075 5073/5073/5073
f 5065/5065/5065 5070/5070/5070 5076/5076/5076
f 5065/5065/5065 5076/5076/5076 5069/5069/5069
f 5064/5064/5064 5069/5069/5069 5077/5077/5077
f 5064/5064/5064 5077/5077/5077 5068/5068/5068
f 5070/5070/5070 5072/5072/5072 5078/5078/5078
f 5070/5070/5070 5078/5078/5078 5076/5076/5076
f 5075/5075/5075 5079/5079/5079 5073/5073/5073
f 5075/5075/5075 5080/5080/5080 5079/5079/5079
f 5080/5080/5080 5081/5081/5081 5079/5079/5079
f 5081/5081/5081 5082/5082/5082 5079/5079/5079
f 5081/5081/5081 5083/5083/5083 5082/5082/5082
f 5083/5083/5083 5084/5084/5084 5082/5082/5082
f 5084/5084/5084 5085/5085/5085 5082/5082/5082
f 5085/5085/5085 5086/5086/5086 5082/5082/5082
f 5085/5085/5085 5087/5087/5087 5086/5086/5086
f 5087/5087/5087 5088/5088/5088 5086/5086/5086
f 5072/5072/5072 5073/5073/5073 5089/5089/5089
f 5073/5073/5073 5079/5079/5079 5089/5089/5089
f 5072/5072/5072 5089/5089/5089 5078/5078/5078
f 5079/5079/5079 5082/5082/5082 5090/5090/5090
f 5089/5089/5089 5079/5079/5079 5090/5090/5090
f 5078/5078/5078 5089/5089/5089 5091/5091/5091
f 5089/5089/5089 5090/5090/5090 5091/5091/5091
f 5090/5090/5090 5082/5082/5082 5092/5092/5092
f 5082/5082/5082 5086/5086/5086 5092/5092/5092
f 5093/5093/5093 5086/5086/5086 5088/5088/5088
f 5088/5088/5088 5094/5094/5094 5093/5093/5093
f 5095/5095/5095 5093/5093/5093 5094/5094/5094
f 5095/5095/5095 5094/5094/5094 5096/5096/5096
f 5095/5095/5095 5096/5096/5096 5097/5097/5097
f 5098/5098/5098 5095/5095/5095 5097/5097/5097
f 5098/5098/5098 5097/5097/5097 5099/5099/5099
f 5098/5098/5098 5099/5099/5099 5100/5100/5100
f 5098/5098/5098 5100/5100/5100 5101/5101/5101
f 5102/5102/5102 5098/5098/5098 5101/5101/5101
f 5102/5102/5102 5101/5101/5101 5103/5103/5103
f 5102/5102/5102 5103/5103/5103 5104/5104/5104
f 5102/5102/5102 5104/5104/5104 5105/5105/5105
f 5093/5093/5093 5106/5106/5106 5086/5086/5086
f 5095/5095/5095 5107/5107/5107 5093/5093/5093
f 5106/5106/5106 5108/5108/5108 5086/5086/5086
f 5106/5106/5106 5109/5109/5109 5108/5108/5108
f 5109/5109/5109 5110/5110/5110 5108/5108/5108
f 5110/5110/5110 5111/5111/5111 5108/5108/5108
f 5110/5110/5110 5112/5112/5112 5111/5111/5111
f 5112/5112/5112 5113/5113/5113 5111/5111/5111
f 5086/5086/5086 5108/5108/5108 5114/5114/5114
f 5092/5092/5092 5086/5086/5086 5114/5114/5114
f 5115/5115/5115 5102/5102/5102 5105/5105/5105
f 5115/5115/5115 5105/5105/5105 5116/5116/5116
f 5107/5107/5107 5095/5095/5095 5117/5117/5117
f 5117/5117/5117 5118/5118/5118 5107/5107/5107
f 5117/5117/5117 5119/5119/5119 5118/5118/5118
f 5117/5117/5117 5120/5120/5120 5119/5119/5119
f 5120/5120/5120 5121/5121/5121 5119/5119/5119
f 5120/5120/5120 5122/5122/5122 5121/5121/5121
f 5120/5120/5120 5123/5123/5123 5122/5122/5122
f 5124/5124/5124 5115/5115/5115 5116/5116/5116
f 5124/5124/5124 5116/5116/5116 5125/5125/5125
f 5120/5120/5120 5126/5126/5126 5123/5123/5123
f 5127/5127/5127 5123/5123/5123 5126/5126/5126
f 5128/5128/5128 5127/5127/5127 5126/5126/5126
f 5129/5129/5129 5128/5128/5128 5126/5126/5126
f 5129/5129/5129 5126/5126/5126 5130/5130/5130
f 5130/5130/5130 5131/5131/5131 5129/5129/5129
f 5132/5132/5132 5130/5130/5130 5126/5126/5126
f 5126/5126/5126 5133/5133/5133 5132/5132/5132
f 5126/5126/5126 5134/5134/5134 5133/5133/5133
f 5126/5126/5126 5135/5135/5135 5134/5134/5134
f 5126/5126/5126 5136/5136/5136 5135/5135/5135
f 5126/5126/5126 5113/5113/5113 5136/5136/5136
f 5113/5113/5113 5126/5126/5126 5111/5111/5111
f 5126/5126/5126 5120/5120/5120 5137/5137/5137
f 5111/5111/5111 5126/5126/5126 5137/5137/5137
f 5120/5120/5120 5138/5138/5138 5137/5137/5137
f 5120/5120/5120 5139/5139/5139 5138/5138/5138
f 5120/5120/5120 5117/5117/5117 5139/5139/5139
f 5117/5117/5117 5140/5140/5140 5139/5139/5139
f 5117/5117/5117 5095/5095/5095 5140/5140/5140
f 5095/5095/5095 5141/5141/5141 5140/5140/5140
f 5095/5095/5095 5098/5098/5098 5141/5141/5141
f 5098/5098/5098 5142/5142/5142 5141/5141/5141
f 5098/5098/5098 5102/5102/5102 5142/5142/5142
f 5102/5102/5102 5143/5143/5143 5142/5142/5142
f 5102/5102/5102 5115/5115/5115 5143/5143/5143
f 5115/5115/5115 5144/5144/5144 5143/5143/5143
f 5115/5115/5115 5124/5124/5124 5144/5144/5144
f 5145/5145/5145 5111/5111/5111 5137/5137/5137
f 5145/5145/5145 5137/5137/5137 5146/5146/5146
f 5137/5137/5137 5138/5138/5138 5146/5146/5146
f 5147/5147/5147 5111/5111/5111 5145/5145/5145
f 5108/5108/5108 5111/5111/5111 5147/5147/5147
f 5114/5114/5114 5108/5108/5108 5147/5147/5147
f 5141/5141/5141 5142/5142/5142 5148/5148/5148
f 5142/5142/5142 5143/5143/5143 5149/5149/5149
f 5142/5142/5142 5149/5149/5149 5148/5148/5148
f 5143/5143/5143 5144/5144/5144 5150/5150/5150
f 5143/5143/5143 5150/5150/5150 5149/5149/5149
f 5141/5141/5141 5148/5148/5148 5151/5151/5151
f 5140/5140/5140 5141/5141/5141 5151/5151/5151
f 5140/5140/5140 5151/5151/5151 5152/5152/5152
f 5139/5139/5139 5140/5140/5140 5152/5152/5152
f 5139/5139/5139 5152/5152/5152 5153/5153/5153
f 5139/5139/5139 5153/5153/5153 5138/5138/5138
f 5138/5138/5138 5153/5153/5153 5154/5154/5154
f 5138/5138/5138 5154/5154/5154 5146/5146/5146
f 5148/5148/5148 5149/5149/5149 5155/5155/5155
f 5151/5151/5151 5148/5148/5148 5156/5156/5156
f 5148/5148/5148 5155/5155/5155 5156/5156/5156
f 5152/5152/5152 5151/5151/5151 5157/5157/5157
f 5151/5151/5151 5156/5156/5156 5157/5157/5157
f 5152/5152/5152 5158/5158/5158 5153/5153/5153
f 5152/5152/5152 5157/5157/5157 5158/5158/5158
f 5153/5153/5153 5159/5159/5159 5154/5154/5154
f 5153/5153/5153 5158/5158/5158 5159/5159/5159
f 5149/5149/5149 5160/5160/5160 5155/5155/5155
f 5149/5149/5149 5150/5150/5150 5160/5160/5160
f 5146/5146/5146 5154/5154/5154 5161/5161/5161
f 5154/5154/5154 5159/5159/5159 5162/5162/5162
f 5154/5154/5154 5162/5162/5162 5161/5161/5161
f 5163/5163/5163 5146/5146/5146 5161/5161/5161
f 5163/5163/5163 5145/5145/5145 5146/5146/5146
f 5164/5164/5164 5145/5145/5145 5163/5163/5163
f 5164/5164/5164 5147/5147/5147 5145/5145/5145
f 5165/5165/5165 5147/5147/5147 5164/5164/5164
f 5114/5114/5114 5147/5147/5147 5165/5165/5165
f 5166/5166/5166 5114/5114/5114 5165/5165/5165
f 5092/5092/5092 5114/5114/5114 5166/5166/5166
f 5167/5167/5167 5092/5092/5092 5166/5166/5166
f 5090/5090/5090 5092/5092/5092 5167/5167/5167
f 5091/5091/5091 5090/5090/5090 5167/5167/5167
f 5168/5168/5168 5163/5163/5163 5161/5161/5161
f 5169/5169/5169 5164/5164/5164 5163/5163/5163
f 5169/5169/5169 5163/5163/5163 5168/5168/5168
f 5170/5170/5170 5165/5165/5165 5164/5164/5164
f 5170/5170/5170 5164/5164/5164 5169/5169/5169
f 5166/5166/5166 5165/5165/5165 5171/5171/5171
f 5171/5171/5171 5165/5165/5165 5170/5170/5170
f 5167/5167/5167 5166/5166/5166 5172/5172/5172
f 5172/5172/5172 5166/5166/5166 5171/5171/5171
f 5091/5091/5091 5167/5167/5167 5173/5173/5173
f 5173/5173/5173 5167/5167/5167 5172/5172/5172
f 5168/5168/5168 5161/5161/5161 5174/5174/5174
f 5161/5161/5161 5162/5162/5162 5174/5174/5174
f 5175/5175/5175 5091/5091/5091 5173/5173/5173
f 5078/5078/5078 5091/5091/5091 5175/5175/5175
f 5076/5076/5076 5078/5078/5078 5175/5175/5175
f 5076/5076/5076 5175/5175/5175 5176/5176/5176
f 5069/5069/5069 5076/5076/5076 5176/5176/5176
f 5069/5069/5069 5176/5176/5176 5077/5077/5077
f 5175/5175/5175 5173/5173/5173 5177/5177/5177
f 5176/5176/5176 5175/5175/5175 5177/5177/5177
f 5173/5173/5173 5172/5172/5172 5178/5178/5178
f 5177/5177/5177 5173/5173/5173 5178/5178/5178
f 5077/5077/5077 5176/5176/5176 5179/5179/5179
f 5176/5176/5176 5177/5177/5177 5179/5179/5179
f 5178/5178/5178 5172/5172/5172 5180/5180/5180
f 5172/5172/5172 5171/5171/5171 5180/5180/5180
f 5177/5177/5177 5178/5178/5178 5181/5181/5181
f 5179/5179/5179 5177/5177/5177 5181/5181/5181
f 5077/5077/5077 5179/5179/5179 5182/5182/5182
f 5068/5068/5068 5077/5077/5077 5182/5182/5182
f 5178/5178/5178 5180/5180/5180 5183/5183/5183
f 5181/5181/5181 5178/5178/5178 5183/5183/5183
f 5180/5180/5180 5171/5171/5171 5184/5184/5184
f 5184/5184/5184 5171/5171/5171 5170/5170/5170
f 5179/5179/5179 5181/5181/5181 5185/5185/5185
f 5182/5182/5182 5179/5179/5179 5185/5185/5185
f 5068/5068/5068 5182/5182/5182 5186/5186/5186
f 5063/5063/5063 5068/5068/5068 5186/5186/5186
f 5063/5063/5063 5186/5186/5186 5067/5067/5067
f 5186/5186/5186 5182/5182/5182 5187/5187/5187
f 5182/5182/5182 5185/5185/5185 5187/5187/5187
f 5186/5186/5186 5187/5187/5187 5188/5188/5188
f 5067/5067/5067 5186/5186/5186 5188/5188/5188
f 5187/5187/5187 5185/5185/5185 5189/5189/5189
f 5185/5185/5185 5181/5181/5181 5190/5190/5190
f 5185/5185/5185 5190/5190/5190 5189/5189/5189
f 5181/5181/5181 5183/5183/5183 5190/5190/5190
f 5184/5184/5184 5170/5170/5170 5191/5191/5191
f 5191/5191/5191 5170/5170/5170 5169/5169/5169
f 5067/5067/5067 5188/5188/5188 5192/5192/5192
f 5062/5062/5062 5067/5067/5067 5192/5192/5192
f 5191/5191/5191 5169/5169/5169 5193/5193/5193
f 5193/5193/5193 5169/5169/5169 5168/5168/5168
f 5062/5062/5062 5192/5192/5192 5194/5194/5194
f 5052/5052/5052 5062/5062/5062 5194/5194/5194
f 5193/5193/5193 5168/5168/5168 5195/5195/5195
f 5195/5195/5195 5168/5168/5168 5174/5174/5174
f 5195/5195/5195 5174/5174/5174 5196/5196/5196
f 5196/5196/5196 5174/5174/5174 5197/5197/5197
f 5162/5162/5162 5197/5197/5197 5174/5174/5174
f 5198/5198/5198 5193/5193/5193 5195/5195/5195
f 5198/5198/5198 5195/5195/5195 5196/5196/5196
f 5199/5199/5199 5191/5191/5191 5193/5193/5193
f 5199/5199/5199 5193/5193/5193 5198/5198/5198
f 5052/5052/5052 5194/5194/5194 5200/5200/5200
f 5045/5045/5045 5052/5052/5052 5200/5200/5200
f 5045/5045/5045 5200/5200/5200 5037/5037/5037
f 5037/5037/5037 5200/5200/5200 5201/5201/5201
f 5037/5037/5037 5201/5201/5201 4350/4350/4350
f 5200/5200/5200 5194/5194/5194 5202/5202/5202
f 5200/5200/5200 5202/5202/5202 5201/5201/5201
f 5197/5197/5197 5203/5203/5203 5196/5196/5196
f 5197/5197/5197 5204/5204/5204 5203/5203/5203
f 5196/5196/5196 5203/5203/5203 5205/5205/5205
f 5206/5206/5206 5198/5198/5198 5196/5196/5196
f 5206/5206/5206 5199/5199/5199 5198/5198/5198
f 5207/5207/5207 5206/5206/5206 5196/5196/5196
f 5201/5201/5201 5208/5208/5208 4350/4350/4350
f 5208/5208/5208 5201/5201/5201 5202/5202/5202
f 5194/5194/5194 5209/5209/5209 5202/5202/5202
f 5194/5194/5194 5192/5192/5192 5209/5209/5209
f 5210/5210/5210 5204/5204/5204 5197/5197/5197
f 5162/5162/5162 5210/5210/5210 5197/5197/5197
f 5159/5159/5159 5210/5210/5210 5162/5162/5162
f 5159/5159/5159 5211/5211/5211 5210/5210/5210
f 5158/5158/5158 5211/5211/5211 5159/5159/5159
f 5210/5210/5210 5212/5212/5212 5204/5204/5204
f 5211/5211/5211 5212/5212/5212 5210/5210/5210
f 5158/5158/5158 5213/5213/5213 5211/5211/5211
f 5157/5157/5157 5213/5213/5213 5158/5158/5158
f 5214/5214/5214 5208/5208/5208 5202/5202/5202
f 5214/5214/5214 5202/5202/5202 5209/5209/5209
f 5192/5192/5192 5215/5215/5215 5209/5209/5209
f 5192/5192/5192 5188/5188/5188 5215/5215/5215
f 5212/5212/5212 5216/5216/5216 5204/5204/5204
f 5204/5204/5204 5216/5216/5216 5203/5203/5203
f 5211/5211/5211 5217/5217/5217 5212/5212/5212
f 5213/5213/5213 5217/5217/5217 5211/5211/5211
f 5157/5157/5157 5218/5218/5218 5213/5213/5213
f 5157/5157/5157 5156/5156/5156 5218/5218/5218
f 5219/5219/5219 5214/5214/5214 5209/5209/5209
f 5219/5219/5219 5209/5209/5209 5215/5215/5215
f 5188/5188/5188 5220/5220/5220 5215/5215/5215
f 5220/5220/5220 5188/5188/5188 5187/5187/5187
f 5221/5221/5221 5215/5215/5215 5220/5220/5220
f 5221/5221/5221 5219/5219/5219 5215/5215/5215
f 5217/5217/5217 5222/5222/5222 5212/5212/5212
f 5212/5212/5212 5222/5222/5222 5216/5216/5216
f 5213/5213/5213 5223/5223/5223 5217/5217/5217
f 5218/5218/5218 5223/5223/5223 5213/5213/5213
f 5187/5187/5187 5224/5224/5224 5220/5220/5220
f 5224/5224/5224 5221/5221/5221 5220/5220/5220
f 5217/5217/5217 5225/5225/5225 5222/5222/5222
f 5223/5223/5223 5225/5225/5225 5217/5217/5217
f 5226/5226/5226 5219/5219/5219 5221/5221/5221
f 5227/5227/5227 5221/5221/5221 5224/5224/5224
f 5227/5227/5227 5226/5226/5226 5221/5221/5221
f 5187/5187/5187 5228/5228/5228 5224/5224/5224
f 5228/5228/5228 5227/5227/5227 5224/5224/5224
f 5226/5226/5226 5229/5229/5229 5219/5219/5219
f 5229/5229/5229 5214/5214/5214 5219/5219/5219
f 5229/5229/5229 5230/5230/5230 5214/5214/5214
f 5230/5230/5230 5208/5208/5208 5214/5214/5214
f 5208/5208/5208 5230/5230/5230 5231/5231/5231
f 5208/5208/5208 5231/5231/5231 4350/4350/4350
f 5232/5232/5232 5227/5227/5227 5228/5228/5228
f 5233/5233/5233 5226/5226/5226 5227/5227/5227
f 5232/5232/5232 5233/5233/5233 5227/5227/5227
f 5234/5234/5234 5229/5229/5229 5226/5226/5226
f 5233/5233/5233 5234/5234/5234 5226/5226/5226
f 5235/5235/5235 5230/5230/5230 5229/5229/5229
f 5234/5234/5234 5235/5235/5235 5229/5229/5229
f 5187/5187/5187 5236/5236/5236 5228/5228/5228
f 5236/5236/5236 5232/5232/5232 5228/5228/5228
f 5230/5230/5230 5237/5237/5237 5231/5231/5231
f 5230/5230/5230 5235/5235/5235 5237/5237/5237
f 5238/5238/5238 5233/5233/5233 5232/5232/5232
f 5239/5239/5239 5234/5234/5234 5233/5233/5233
f 5238/5238/5238 5239/5239/5239 5233/5233/5233
f 5240/5240/5240 5232/5232/5232 5236/5236/5236
f 5240/5240/5240 5238/5238/5238 5232/5232/5232
f 5187/5187/5187 5241/5241/5241 5236/5236/5236
f 5241/5241/5241 5240/5240/5240 5236/5236/5236
f 5242/5242/5242 5235/5235/5235 5234/5234/5234
f 5239/5239/5239 5242/5242/5242 5234/5234/5234
f 5187/5187/5187 5243/5243/5243 5241/5241/5241
f 5187/5187/5187 5189/5189/5189 5243/5243/5243
f 5244/5244/5244 5240/5240/5240 5241/5241/5241
f 5243/5243/5243 5244/5244/5244 5241/5241/5241
f 5245/5245/5245 5238/5238/5238 5240/5240/5240
f 5244/5244/5244 5245/5245/5245 5240/5240/5240
f 5246/5246/5246 5239/5239/5239 5238/5238/5238
f 5245/5245/5245 5246/5246/5246 5238/5238/5238
f 5189/5189/5189 5247/5247/5247 5243/5243/5243
f 5247/5247/5247 5244/5244/5244 5243/5243/5243
f 5248/5248/5248 5245/5245/5245 5244/5244/5244
f 5247/5247/5247 5248/5248/5248 5244/5244/5244
f 5247/5247/5247 5189/5189/5189 5249/5249/5249
f 5189/5189/5189 5190/5190/5190 5249/5249/5249
f 5250/5250/5250 5242/5242/5242 5239/5239/5239
f 5246/5246/5246 5250/5250/5250 5239/5239/5239
f 5251/5251/5251 5246/5246/5246 5245/5245/5245
f 5248/5248/5248 5251/5251/5251 5245/5245/5245
f 5248/5248/5248 5247/5247/5247 5252/5252/5252
f 5247/5247/5247 5249/5249/5249 5252/5252/5252
f 5249/5249/5249 5190/5190/5190 5253/5253/5253
f 5190/5190/5190 5183/5183/5183 5253/5253/5253
f 5254/5254/5254 5250/5250/5250 5246/5246/5246
f 5251/5251/5251 5254/5254/5254 5246/5246/5246
f 5251/5251/5251 5248/5248/5248 5255/5255/5255
f 5248/5248/5248 5252/5252/5252 5255/5255/5255
f 5252/5252/5252 5249/5249/5249 5256/5256/5256
f 5249/5249/5249 5253/5253/5253 5256/5256/5256
f 5253/5253/5253 5183/5183/5183 5257/5257/5257
f 5183/5183/5183 5180/5180/5180 5257/5257/5257
f 5257/5257/5257 5180/5180/5180 5184/5184/5184
f 5253/5253/5253 5257/5257/5257 5258/5258/5258
f 5256/5256/5256 5253/5253/5253 5258/5258/5258
f 5257/5257/5257 5184/5184/5184 5259/5259/5259
f 5258/5258/5258 5257/5257/5257 5259/5259/5259
f 5259/5259/5259 5184/5184/5184 5191/5191/5191
f 5259/5259/5259 5191/5191/5191 5199/5199/5199
f 5260/5260/5260 5259/5259/5259 5199/5199/5199
f 5258/5258/5258 5259/5259/5259 5260/5260/5260
f 5260/5260/5260 5199/5199/5199 5206/5206/5206
f 5252/5252/5252 5256/5256/5256 5261/5261/5261
f 5255/5255/5255 5252/5252/5252 5261/5261/5261
f 5256/5256/5256 5258/5258/5258 5262/5262/5262
f 5262/5262/5262 5258/5258/5258 5260/5260/5260
f 5261/5261/5261 5256/5256/5256 5262/5262/5262
f 5263/5263/5263 5260/5260/5260 5206/5206/5206
f 5262/5262/5262 5260/5260/5260 5263/5263/5263
f 5207/5207/5207 5263/5263/5263 5206/5206/5206
f 5207/5207/5207 5262/5262/5262 5263/5263/5263
f 5261/5261/5261 5262/5262/5262 5207/5207/5207
f 5255/5255/5255 5261/5261/5261 5264/5264/5264
f 5264/5264/5264 5261/5261/5261 5207/5207/5207
f 5265/5265/5265 5255/5255/5255 5264/5264/5264
f 5265/5265/5265 5264/5264/5264 5207/5207/5207
f 5251/5251/5251 5255/5255/5255 5265/5265/5265
f 5254/5254/5254 5251/5251/5251 5265/5265/5265
f 5207/5207/5207 5254/5254/5254 5265/5265/5265
f 5207/5207/5207 5196/5196/5196 5254/5254/5254
f 5254/5254/5254 5196/5196/5196 5205/5205/5205
f 5250/5250/5250 5254/5254/5254 5205/5205/5205
f 5250/5250/5250 5205/5205/5205 5266/5266/5266
f 5242/5242/5242 5250/5250/5250 5266/5266/5266
f 5205/5205/5205 5267/5267/5267 5266/5266/5266
f 5203/5203/5203 5267/5267/5267 5205/5205/5205
f 5242/5242/5242 5266/5266/5266 5268/5268/5268
f 5235/5235/5235 5242/5242/5242 5268/5268/5268
f 5235/5235/5235 5268/5268/5268 5237/5237/5237
f 5266/5266/5266 5269/5269/5269 5268/5268/5268
f 5267/5267/5267 5269/5269/5269 5266/5266/5266
f 5268/5268/5268 5270/5270/5270 5237/5237/5237
f 5269/5269/5269 5270/5270/5270 5268/5268/5268
f 5270/5270/5270 5271/5271/5271 5237/5237/5237
f 5237/5237/5237 5271/5271/5271 5231/5231/5231
f 5271/5271/5271 5272/5272/5272 5231/5231/5231
f 5231/5231/5231 5272/5272/5272 4350/4350/4350
f 5269/5269/5269 5267/5267/5267 5273/5273/5273
f 5270/5270/5270 5269/5269/5269 5274/5274/5274
f 5269/5269/5269 5273/5273/5273 5274/5274/5274
f 5271/5271/5271 5270/5270/5270 5275/5275/5275
f 5270/5270/5270 5274/5274/5274 5275/5275/5275
f 5267/5267/5267 5203/5203/5203 5276/5276/5276
f 5267/5267/5267 5276/5276/5276 5273/5273/5273
f 5272/5272/5272 5271/5271/5271 5277/5277/5277
f 5271/5271/5271 5275/5275/5275 5277/5277/5277
f 5272/5272/5272 5278/5278/5278 4350/4350/4350
f 5272/5272/5272 5277/5277/5277 5279/5279/5279
f 5278/5278/5278 5272/5272/5272 5279/5279/5279
f 4350/4350/4350 5278/5278/5278 5280/5280/5280
f 4350/4350/4350 5280/5280/5280 5281/5281/5281
f 4350/4350/4350 5281/5281/5281 5282/5282/5282
f 5283/5283/5283 5280/5280/5280 5278/5278/5278
f 5279/5279/5279 5283/5283/5283 5278/5278/5278
f 5284/5284/5284 5281/5281/5281 5280/5280/5280
f 5283/5283/5283 5284/5284/5284 5280/5280/5280
f 5285/5285/5285 5282/5282/5282 5281/5281/5281
f 5284/5284/5284 5285/5285/5285 5281/5281/5281
f 5277/5277/5277 5275/5275/5275 5286/5286/5286
f 5279/5279/5279 5277/5277/5277 5287/5287/5287
f 5277/5277/5277 5286/5286/5286 5287/5287/5287
f 5288/5288/5288 5283/5283/5283 5279/5279/5279
f 5287/5287/5287 5288/5288/5288 5279/5279/5279
f 5289/5289/5289 5284/5284/5284 5283/5283/5283
f 5288/5288/5288 5289/5289/5289 5283/5283/5283
f 5290/5290/5290 5285/5285/5285 5284/5284/5284
f 5289/5289/5289 5290/5290/5290 5284/5284/5284
f 5275/5275/5275 5291/5291/5291 5286/5286/5286
f 5275/5275/5275 5274/5274/5274 5291/5291/5291
f 5274/5274/5274 5292/5292/5292 5291/5291/5291
f 5274/5274/5274 5273/5273/5273 5292/5292/5292
f 5273/5273/5273 5293/5293/5293 5292/5292/5292
f 5273/5273/5273 5276/5276/5276 5293/5293/5293
f 5287/5287/5287 5286/5286/5286 5294/5294/5294
f 5295/5295/5295 5288/5288/5288 5287/5287/5287
f 5294/5294/5294 5295/5295/5295 5287/5287/5287
f 5296/5296/5296 5289/5289/5289 5288/5288/5288
f 5295/5295/5295 5296/5296/5296 5288/5288/5288
f 5286/5286/5286 5291/5291/5291 5297/5297/5297
f 5286/5286/5286 5297/5297/5297 5294/5294/5294
f 5291/5291/5291 5292/5292/5292 5298/5298/5298
f 5291/5291/5291 5298/5298/5298 5297/5297/5297
f 5292/5292/5292 5293/5293/5293 5299/5299/5299
f 5292/5292/5292 5299/5299/5299 5298/5298/5298
f 5296/5296/5296 5300/5300/5300 5289/5289/5289
f 5300/5300/5300 5290/5290/5290 5289/5289/5289
f 5301/5301/5301 5296/5296/5296 5295/5295/5295
f 5302/5302/5302 5295/5295/5295 5294/5294/5294
f 5302/5302/5302 5301/5301/5301 5295/5295/5295
f 5294/5294/5294 5297/5297/5297 5303/5303/5303
f 5303/5303/5303 5302/5302/5302 5294/5294/5294
f 5297/5297/5297 5304/5304/5304 5303/5303/5303
f 5297/5297/5297 5298/5298/5298 5304/5304/5304
f 5302/5302/5302 5303/5303/5303 5304/5304/5304
f 5298/5298/5298 5305/5305/5305 5304/5304/5304
f 5298/5298/5298 5299/5299/5299 5305/5305/5305
f 5304/5304/5304 5306/5306/5306 5302/5302/5302
f 5304/5304/5304 5305/5305/5305 5306/5306/5306
f 5306/5306/5306 5307/5307/5307 5302/5302/5302
f 5307/5307/5307 5301/5301/5301 5302/5302/5302
f 5305/5305/5305 5308/5308/5308 5306/5306/5306
f 5299/5299/5299 5308/5308/5308 5305/5305/5305
f 5301/5301/5301 5309/5309/5309 5296/5296/5296
f 5309/5309/5309 5300/5300/5300 5296/5296/5296
f 5299/5299/5299 5310/5310/5310 5308/5308/5308
f 5293/5293/5293 5310/5310/5310 5299/5299/5299
f 5307/5307/5307 5311/5311/5311 5301/5301/5301
f 5311/5311/5311 5309/5309/5309 5301/5301/5301
f 5308/5308/5308 5312/5312/5312 5306/5306/5306
f 5310/5310/5310 5312/5312/5312 5308/5308/5308
f 5293/5293/5293 5313/5313/5313 5310/5310/5310
f 5276/5276/5276 5313/5313/5313 5293/5293/5293
f 5310/5310/5310 5314/5314/5314 5312/5312/5312
f 5313/5313/5313 5314/5314/5314 5310/5310/5310
f 5276/5276/5276 5315/5315/5315 5313/5313/5313
f 5203/5203/5203 5315/5315/5315 5276/5276/5276
f 5312/5312/5312 5316/5316/5316 5306/5306/5306
f 5314/5314/5314 5316/5316/5316 5312/5312/5312
f 5313/5313/5313 5317/5317/5317 5314/5314/5314
f 5315/5315/5315 5317/5317/5317 5313/5313/5313
f 5314/5314/5314 5318/5318/5318 5316/5316/5316
f 5317/5317/5317 5318/5318/5318 5314/5314/5314
f 5316/5316/5316 5319/5319/5319 5306/5306/5306
f 5318/5318/5318 5319/5319/5319 5316/5316/5316
f 5315/5315/5315 5203/5203/5203 5320/5320/5320
f 5317/5317/5317 5315/5315/5315 5321/5321/5321
f 5321/5321/5321 5315/5315/5315 5320/5320/5320
f 5318/5318/5318 5317/5317/5317 5322/5322/5322
f 5322/5322/5322 5317/5317/5317 5321/5321/5321
f 5319/5319/5319 5318/5318/5318 5323/5323/5323
f 5323/5323/5323 5318/5318/5318 5322/5322/5322
f 5324/5324/5324 5320/5320/5320 5203/5203/5203
f 5216/5216/5216 5324/5324/5324 5203/5203/5203
f 5321/5321/5321 5320/5320/5320 5325/5325/5325
f 5324/5324/5324 5325/5325/5325 5320/5320/5320
f 5326/5326/5326 5321/5321/5321 5325/5325/5325
f 5322/5322/5322 5321/5321/5321 5326/5326/5326
f 5326/5326/5326 5325/5325/5325 5324/5324/5324
f 5324/5324/5324 5216/5216/5216 5327/5327/5327
f 5222/5222/5222 5327/5327/5327 5216/5216/5216
f 5328/5328/5328 5324/5324/5324 5327/5327/5327
f 5222/5222/5222 5328/5328/5328 5327/5327/5327
f 5328/5328/5328 5326/5326/5326 5324/5324/5324
f 5225/5225/5225 5328/5328/5328 5222/5222/5222
f 5329/5329/5329 5322/5322/5322 5326/5326/5326
f 5329/5329/5329 5326/5326/5326 5328/5328/5328
f 5225/5225/5225 5329/5329/5329 5328/5328/5328
f 5323/5323/5323 5322/5322/5322 5329/5329/5329
f 5330/5330/5330 5329/5329/5329 5225/5225/5225
f 5330/5330/5330 5323/5323/5323 5329/5329/5329
f 5223/5223/5223 5330/5330/5330 5225/5225/5225
f 5331/5331/5331 5323/5323/5323 5330/5330/5330
f 5331/5331/5331 5319/5319/5319 5323/5323/5323
f 5319/5319/5319 5331/5331/5331 5306/5306/5306
f 5332/5332/5332 5330/5330/5330 5223/5223/5223
f 5332/5332/5332 5331/5331/5331 5330/5330/5330
f 5218/5218/5218 5332/5332/5332 5223/5223/5223
f 5333/5333/5333 5306/5306/5306 5331/5331/5331
f 5332/5332/5332 5333/5333/5333 5331/5331/5331
f 5218/5218/5218 5334/5334/5334 5332/5332/5332
f 5334/5334/5334 5333/5333/5333 5332/5332/5332
f 5156/5156/5156 5334/5334/5334 5218/5218/5218
f 5156/5156/5156 5155/5155/5155 5334/5334/5334
f 5155/5155/5155 5335/5335/5335 5334/5334/5334
f 5334/5334/5334 5335/5335/5335 5333/5333/5333
f 5155/5155/5155 5160/5160/5160 5335/5335/5335
f 5333/5333/5333 5336/5336/5336 5306/5306/5306
f 5335/5335/5335 5336/5336/5336 5333/5333/5333
f 5336/5336/5336 5307/5307/5307 5306/5306/5306
f 5160/5160/5160 5337/5337/5337 5335/5335/5335
f 5335/5335/5335 5337/5337/5337 5336/5336/5336
f 5336/5336/5336 5338/5338/5338 5307/5307/5307
f 5337/5337/5337 5338/5338/5338 5336/5336/5336
f 5338/5338/5338 5311/5311/5311 5307/5307/5307
f 5160/5160/5160 5339/5339/5339 5337/5337/5337
f 5150/5150/5150 5339/5339/5339 5160/5160/5160
f 5337/5337/5337 5340/5340/5340 5338/5338/5338
f 5339/5339/5339 5340/5340/5340 5337/5337/5337
f 5338/5338/5338 5341/5341/5341 5311/5311/5311
f 5340/5340/5340 5341/5341/5341 5338/5338/5338
f 5150/5150/5150 5342/5342/5342 5339/5339/5339
f 5144/5144/5144 5342/5342/5342 5150/5150/5150
f 5339/5339/5339 5343/5343/5343 5340/5340/5340
f 5342/5342/5342 5343/5343/5343 5339/5339/5339
f 5144/5144/5144 5344/5344/5344 5342/5342/5342
f 5124/5124/5124 5344/5344/5344 5144/5144/5144
f 5341/5341/5341 5345/5345/5345 5311/5311/5311
f 5311/5311/5311 5345/5345/5345 5309/5309/5309
f 5340/5340/5340 5346/5346/5346 5341/5341/5341
f 5343/5343/5343 5346/5346/5346 5340/5340/5340
f 5342/5342/5342 5347/5347/5347 5343/5343/5343
f 5344/5344/5344 5347/5347/5347 5342/5342/5342
f 5124/5124/5124 5348/5348/5348 5344/5344/5344
f 5348/5348/5348 5124/5124/5124 5125/5125/5125
f 5348/5348/5348 5349/5349/5349 5344/5344/5344
f 5344/5344/5344 5349/5349/5349 5347/5347/5347
f 5350/5350/5350 5348/5348/5348 5125/5125/5125
f 5348/5348/5348 5350/5350/5350 5349/5349/5349
f 5350/5350/5350 5125/5125/5125 5351/5351/5351
f 5347/5347/5347 5352/5352/5352 5343/5343/5343
f 5343/5343/5343 5352/5352/5352 5346/5346/5346
f 5346/5346/5346 5353/5353/5353 5341/5341/5341
f 5341/5341/5341 5353/5353/5353 5345/5345/5345
f 5349/5349/5349 5354/5354/5354 5347/5347/5347
f 5347/5347/5347 5354/5354/5354 5352/5352/5352
f 5355/5355/5355 5350/5350/5350 5351/5351/5351
f 5355/5355/5355 5351/5351/5351 5356/5356/5356
f 5350/5350/5350 5357/5357/5357 5349/5349/5349
f 5349/5349/5349 5357/5357/5357 5354/5354/5354
f 5350/5350/5350 5355/5355/5355 5357/5357/5357
f 5352/5352/5352 5358/5358/5358 5346/5346/5346
f 5346/5346/5346 5358/5358/5358 5353/5353/5353
f 5354/5354/5354 5359/5359/5359 5352/5352/5352
f 5352/5352/5352 5359/5359/5359 5358/5358/5358
f 5357/5357/5357 5360/5360/5360 5354/5354/5354
f 5354/5354/5354 5360/5360/5360 5359/5359/5359
f 5355/5355/5355 5361/5361/5361 5357/5357/5357
f 5357/5357/5357 5361/5361/5361 5360/5360/5360
f 5362/5362/5362 5355/5355/5355 5356/5356/5356
f 5355/5355/5355 5362/5362/5362 5361/5361/5361
f 5363/5363/5363 5362/5362/5362 5356/5356/5356
f 5363/5363/5363 5356/5356/5356 5364/5364/5364
f 5362/5362/5362 5365/5365/5365 5361/5361/5361
f 5362/5362/5362 5363/5363/5363 5365/5365/5365
f 5361/5361/5361 5366/5366/5366 5360/5360/5360
f 5361/5361/5361 5365/5365/5365 5366/5366/5366
f 5360/5360/5360 5367/5367/5367 5359/5359/5359
f 5360/5360/5360 5366/5366/5366 5367/5367/5367
f 5359/5359/5359 5368/5368/5368 5358/5358/5358
f 5359/5359/5359 5367/5367/5367 5368/5368/5368
f 5369/5369/5369 5363/5363/5363 5364/5364/5364
f 5369/5369/5369 5364/5364/5364 5370/5370/5370
f 5363/5363/5363 5371/5371/5371 5365/5365/5365
f 5363/5363/5363 5369/5369/5369 5371/5371/5371
f 5365/5365/5365 5372/5372/5372 5366/5366/5366
f 5365/5365/5365 5371/5371/5371 5372/5372/5372
f 5366/5366/5366 5373/5373/5373 5367/5367/5367
f 5366/5366/5366 5372/5372/5372 5373/5373/5373
f 5358/5358/5358 5368/5368/5368 5374/5374/5374
f 5358/5358/5358 5374/5374/5374 5353/5353/5353
f 5367/5367/5367 5375/5375/5375 5368/5368/5368
f 5367/5367/5367 5373/5373/5373 5375/5375/5375
f 5353/5353/5353 5374/5374/5374 5376/5376/5376
f 5353/5353/5353 5376/5376/5376 5345/5345/5345
f 5368/5368/5368 5377/5377/5377 5374/5374/5374
f 5368/5368/5368 5375/5375/5375 5377/5377/5377
f 5345/5345/5345 5376/5376/5376 5378/5378/5378
f 5345/5345/5345 5378/5378/5378 5309/5309/5309
f 5309/5309/5309 5378/5378/5378 5300/5300/5300
f 5374/5374/5374 5379/5379/5379 5376/5376/5376
f 5374/5374/5374 5377/5377/5377 5379/5379/5379
f 5378/5378/5378 5380/5380/5380 5300/5300/5300
f 5300/5300/5300 5380/5380/5380 5290/5290/5290
f 5376/5376/5376 5381/5381/5381 5378/5378/5378
f 5376/5376/5376 5379/5379/5379 5381/5381/5381
f 5378/5378/5378 5381/5381/5381 5380/5380/5380
f 5380/5380/5380 5382/5382/5382 5290/5290/5290
f 5290/5290/5290 5382/5382/5382 5285/5285/5285
f 5381/5381/5381 5383/5383/5383 5380/5380/5380
f 5380/5380/5380 5383/5383/5383 5382/5382/5382
f 5379/5379/5379 5384/5384/5384 5381/5381/5381
f 5381/5381/5381 5384/5384/5384 5383/5383/5383
f 5377/5377/5377 5385/5385/5385 5379/5379/5379
f 5379/5379/5379 5385/5385/5385 5384/5384/5384
f 5382/5382/5382 5386/5386/5386 5285/5285/5285
f 5285/5285/5285 5386/5386/5386 5282/5282/5282
f 5383/5383/5383 5387/5387/5387 5382/5382/5382
f 5382/5382/5382 5387/5387/5387 5386/5386/5386
f 5384/5384/5384 5388/5388/5388 5383/5383/5383
f 5383/5383/5383 5388/5388/5388 5387/5387/5387
f 5386/5386/5386 5389/5389/5389 5282/5282/5282
f 4350/4350/4350 5282/5282/5282 5389/5389/5389
f 5387/5387/5387 5390/5390/5390 5386/5386/5386
f 5386/5386/5386 5390/5390/5390 5389/5389/5389
f 5377/5377/5377 5391/5391/5391 5385/5385/5385
f 5375/5375/5375 5391/5391/5391 5377/5377/5377
f 5385/5385/5385 5392/5392/5392 5384/5384/5384
f 5384/5384/5384 5392/5392/5392 5388/5388/5388
f 5388/5388/5388 5393/5393/5393 5387/5387/5387
f 5387/5387/5387 5393/5393/5393 5390/5390/5390
f 5390/5390/5390 5394/5394/5394 5389/5389/5389
f 4350/4350/4350 5389/5389/5389 5394/5394/5394
f 5390/5390/5390 5395/5395/5395 5394/5394/5394
f 5393/5393/5393 5395/5395/5395 5390/5390/5390
f 5388/5388/5388 5396/5396/5396 5393/5393/5393
f 5392/5392/5392 5396/5396/5396 5388/5388/5388
f 5385/5385/5385 5397/5397/5397 5392/5392/5392
f 5391/5391/5391 5397/5397/5397 5385/5385/5385
f 5375/5375/5375 5398/5398/5398 5391/5391/5391
f 5373/5373/5373 5398/5398/5398 5375/5375/5375
f 4350/4350/4350 5394/5394/5394 5399/5399/5399
f 5395/5395/5395 5399/5399/5399 5394/5394/5394
f 5393/5393/5393 5400/5400/5400 5395/5395/5395
f 5396/5396/5396 5400/5400/5400 5393/5393/5393
f 5392/5392/5392 5401/5401/5401 5396/5396/5396
f 5397/5397/5397 5401/5401/5401 5392/5392/5392
f 5391/5391/5391 5402/5402/5402 5397/5397/5397
f 5398/5398/5398 5402/5402/5402 5391/5391/5391
f 5373/5373/5373 5403/5403/5403 5398/5398/5398
f 5372/5372/5372 5403/5403/5403 5373/5373/5373
f 5395/5395/5395 5404/5404/5404 5399/5399/5399
f 5400/5400/5400 5404/5404/5404 5395/5395/5395
f 5396/5396/5396 5405/5405/5405 5400/5400/5400
f 5401/5401/5401 5405/5405/5405 5396/5396/5396
f 5397/5397/5397 5406/5406/5406 5401/5401/5401
f 5402/5402/5402 5406/5406/5406 5397/5397/5397
f 5398/5398/5398 5407/5407/5407 5402/5402/5402
f 5403/5403/5403 5407/5407/5407 5398/5398/5398
f 5372/5372/5372 5408/5408/5408 5403/5403/5403
f 5371/5371/5371 5408/5408/5408 5372/5372/5372
f 5404/5404/5404 5409/5409/5409 5399/5399/5399
f 4350/4350/4350 5399/5399/5399 5409/5409/5409
f 5401/5401/5401 5410/5410/5410 5405/5405/5405
f 5406/5406/5406 5410/5410/5410 5401/5401/5401
f 5402/5402/5402 5411/5411/5411 5406/5406/5406
f 5407/5407/5407 5411/5411/5411 5402/5402/5402
f 5403/5403/5403 5412/5412/5412 5407/5407/5407
f 5408/5408/5408 5412/5412/5412 5403/5403/5403
f 5371/5371/5371 5413/5413/5413 5408/5408/5408
f 5369/5369/5369 5413/5413/5413 5371/5371/5371
f 5406/5406/5406 5414/5414/5414 5410/5410/5410
f 5411/5411/5411 5414/5414/5414 5406/5406/5406
f 5407/5407/5407 5415/5415/5415 5411/5411/5411
f 5412/5412/5412 5415/5415/5415 5407/5407/5407
f 5408/5408/5408 5416/5416/5416 5412/5412/5412
f 5413/5413/5413 5416/5416/5416 5408/5408/5408
f 5369/5369/5369 5417/5417/5417 5413/5413/5413
f 5417/5417/5417 5369/5369/5369 5370/5370/5370
f 5417/5417/5417 5418/5418/5418 5413/5413/5413
f 5413/5413/5413 5418/5418/5418 5416/5416/5416
f 5416/5416/5416 5419/5419/5419 5412/5412/5412
f 5412/5412/5412 5419/5419/5419 5415/5415/5415
f 5415/5415/5415 5420/5420/5420 5411/5411/5411
f 5411/5411/5411 5420/5420/5420 5414/5414/5414
f 5421/5421/5421 5417/5417/5417 5370/5370/5370
f 5417/5417/5417 5421/5421/5421 5418/5418/5418
f 5418/5418/5418 5422/5422/5422 5416/5416/5416
f 5416/5416/5416 5422/5422/5422 5419/5419/5419
f 5419/5419/5419 5423/5423/5423 5415/5415/5415
f 5415/5415/5415 5423/5423/5423 5420/5420/5420
f 5424/5424/5424 5421/5421/5421 5370/5370/5370
f 5424/5424/5424 5370/5370/5370 4543/4543/4543
f 5421/5421/5421 5425/5425/5425 5418/5418/5418
f 5418/5418/5418 5425/5425/5425 5422/5422/5422
f 5421/5421/5421 5424/5424/5424 5425/5425/5425
f 5422/5422/5422 5426/5426/5426 5419/5419/5419
f 5419/5419/5419 5426/5426/5426 5423/5423/5423
f 5427/5427/5427 5424/5424/5424 4543/4543/4543
f 4542/4542/4542 5427/5427/5427 4543/4543/4543
f 5424/5424/5424 5428/5428/5428 5425/5425/5425
f 5424/5424/5424 5427/5427/5427 5428/5428/5428
f 5425/5425/5425 5429/5429/5429 5422/5422/5422
f 5422/5422/5422 5429/5429/5429 5426/5426/5426
f 5425/5425/5425 5428/5428/5428 5429/5429/5429
f 5427/5427/5427 4542/4542/4542 5430/5430/5430
f 5427/5427/5427 5430/5430/5430 5428/5428/5428
f 4542/4542/4542 4524/4524/4524 5430/5430/5430
f 5430/5430/5430 4524/4524/4524 4504/4504/4504
f 5428/5428/5428 5430/5430/5430 5431/5431/5431
f 5430/5430/5430 4504/4504/4504 5431/5431/5431
f 5428/5428/5428 5431/5431/5431 5429/5429/5429
f 5431/5431/5431 4504/4504/4504 4497/4497/4497
f 5429/5429/5429 5431/5431/5431 5432/5432/5432
f 5431/5431/5431 4497/4497/4497 5432/5432/5432
f 5429/5429/5429 5432/5432/5432 5426/5426/5426
f 5432/5432/5432 4497/4497/4497 4457/4457/4457
f 5426/5426/5426 5432/5432/5432 5433/5433/5433
f 5432/5432/5432 4457/4457/4457 5433/5433/5433
f 5426/5426/5426 5433/5433/5433 5423/5423/5423
f 5433/5433/5433 4457/4457/4457 5434/5434/5434
f 4457/4457/4457 5435/5435/5435 5434/5434/5434
f 5423/5423/5423 5433/5433/5433 5436/5436/5436
f 5433/5433/5433 5434/5434/5434 5436/5436/5436
f 5423/5423/5423 5436/5436/5436 5420/5420/5420
f 5434/5434/5434 5435/5435/5435 5437/5437/5437
f 5435/5435/5435 5438/5438/5438 5437/5437/5437
f 5420/5420/5420 5436/5436/5436 5439/5439/5439
f 5420/5420/5420 5439/5439/5439 5414/5414/5414
f 5436/5436/5436 5434/5434/5434 5440/5440/5440
f 5434/5434/5434 5437/5437/5437 5440/5440/5440
f 5436/5436/5436 5440/5440/5440 5439/5439/5439
f 5437/5437/5437 5438/5438/5438 5441/5441/5441
f 5438/5438/5438 5442/5442/5442 5441/5441/5441
f 5414/5414/5414 5439/5439/5439 5443/5443/5443
f 5414/5414/5414 5443/5443/5443 5410/5410/5410
f 5439/5439/5439 5440/5440/5440 5444/5444/5444
f 5439/5439/5439 5444/5444/5444 5443/5443/5443
f 5440/5440/5440 5437/5437/5437 5445/5445/5445
f 5437/5437/5437 5441/5441/5441 5445/5445/5445
f 5440/5440/5440 5445/5445/5445 5444/5444/5444
f 5441/5441/5441 5442/5442/5442 5446/5446/5446
f 5442/5442/5442 5447/5447/5447 5446/5446/5446
f 5410/5410/5410 5443/5443/5443 5448/5448/5448
f 5410/5410/5410 5448/5448/5448 5405/5405/5405
f 5443/5443/5443 5444/5444/5444 5449/5449/5449
f 5443/5443/5443 5449/5449/5449 5448/5448/5448
f 5444/5444/5444 5445/5445/5445 5450/5450/5450
f 5444/5444/5444 5450/5450/5450 5449/5449/5449
f 5445/5445/5445 5441/5441/5441 5451/5451/5451
f 5441/5441/5441 5446/5446/5446 5451/5451/5451
f 5445/5445/5445 5451/5451/5451 5450/5450/5450
f 5446/5446/5446 5447/5447/5447 5452/5452/5452
f 5447/5447/5447 5453/5453/5453 5452/5452/5452
f 5405/5405/5405 5448/5448/5448 5454/5454/5454
f 5405/5405/5405 5454/5454/5454 5400/5400/5400
f 5400/5400/5400 5454/5454/5454 5404/5404/5404
f 5448/5448/5448 5449/5449/5449 5455/5455/5455
f 5448/5448/5448 5455/5455/5455 5454/5454/5454
f 5454/5454/5454 5456/5456/5456 5404/5404/5404
f 5454/5454/5454 5455/5455/5455 5456/5456/5456
f 5404/5404/5404 5456/5456/5456 5409/5409/5409
f 5449/5449/5449 5450/5450/5450 5457/5457/5457
f 5449/5449/5449 5457/5457/5457 5455/5455/5455
f 5456/5456/5456 5458/5458/5458 5409/5409/5409
f 4350/4350/4350 5409/5409/5409 5458/5458/5458
f 5455/5455/5455 5459/5459/5459 5456/5456/5456
f 5456/5456/5456 5459/5459/5459 5458/5458/5458
f 5455/5455/5455 5457/5457/5457 5459/5459/5459
f 4350/4350/4350 5458/5458/5458 5460/5460/5460
f 5459/5459/5459 5460/5460/5460 5458/5458/5458
f 4350/4350/4350 5460/5460/5460 5461/5461/5461
f 4350/4350/4350 5461/5461/5461 4406/4406/4406
f 5459/5459/5459 5462/5462/5462 5460/5460/5460
f 5457/5457/5457 5462/5462/5462 5459/5459/5459
f 5462/5462/5462 5461/5461/5461 5460/5460/5460
f 5450/5450/5450 5463/5463/5463 5457/5457/5457
f 5457/5457/5457 5463/5463/5463 5462/5462/5462
f 5450/5450/5450 5451/5451/5451 5463/5463/5463
f 5461/5461/5461 5464/5464/5464 4406/4406/4406
f 5464/5464/5464 5465/5465/5465 4406/4406/4406
f 5462/5462/5462 5466/5466/5466 5461/5461/5461
f 5463/5463/5463 5466/5466/5466 5462/5462/5462
f 5466/5466/5466 5464/5464/5464 5461/5461/5461
f 5451/5451/5451 5467/5467/5467 5463/5463/5463
f 5463/5463/5463 5467/5467/5467 5466/5466/5466
f 5451/5451/5451 5446/5446/5446 5467/5467/5467
f 5446/5446/5446 5452/5452/5452 5467/5467/5467
f 5467/5467/5467 5468/5468/5468 5466/5466/5466
f 5466/5466/5466 5468/5468/5468 5464/5464/5464
f 5467/5467/5467 5452/5452/5452 5468/5468/5468
f 5464/5464/5464 5469/5469/5469 5465/5465/5465
f 5468/5468/5468 5469/5469/5469 5464/5464/5464
f 5452/5452/5452 5470/5470/5470 5468/5468/5468
f 5468/5468/5468 5470/5470/5470 5469/5469/5469
f 5452/5452/5452 5453/5453/5453 5470/5470/5470
f 5453/5453/5453 5471/5471/5471 5470/5470/5470
f 5469/5469/5469 5472/5472/5472 5465/5465/5465
f 5470/5470/5470 5472/5472/5472 5469/5469/5469
f 5470/5470/5470 5471/5471/5471 5472/5472/5472
f 5472/5472/5472 5473/5473/5473 5465/5465/5465
f 5471/5471/5471 5474/5474/5474 5472/5472/5472
f 5472/5472/5472 5475/5475/5475 5473/5473/5473
f 5475/5475/5475 5472/5472/5472 5474/5474/5474
f 5478/5478/5478 5477/5477/5477 5476/5476/5476
f 5479/5479/5479 5478/5478/5478 5476/5476/5476
f 5480/5480/5480 5479/5479/5479 5476/5476/5476
f 5481/5481/5481 5480/5480/5480 5476/5476/5476
f 5481/5481/5481 5476/5476/5476 5482/5482/5482
f 5482/5482/5482 5483/5483/5483 5481/5481/5481
f 5484/5484/5484 5483/5483/5483 5482/5482/5482
f 5485/5485/5485 5484/5484/5484 5482/5482/5482
f 5486/5486/5486 5485/5485/5485 5482/5482/5482
f 5487/5487/5487 5486/5486/5486 5482/5482/5482
f 5487/5487/5487 5482/5482/5482 5488/5488/5488
f 5488/5488/5488 5489/5489/5489 5487/5487/5487
f 5492/5492/5492 5491/5491/5491 5490/5490/5490
f 5492/5492/5492 5490/5490/5490 5493/5493/5493
f 5492/5492/5492 5493/5493/5493 5494/5494/5494
f 5492/5492/5492 5494/5494/5494 5495/5495/5495
f 5492/5492/5492 5495/5495/5495 5496/5496/5496
f 5492/5492/5492 5496/5496/5496 5497/5497/5497
f 5492/5492/5492 5497/5497/5497 5498/5498/5498
f 5498/5498/5498 5499/5499/5499 5492/5492/5492
f 5499/5499/5499 5498/5498/5498 5500/5500/5500
f 5499/5499/5499 5500/5500/5500 5501/5501/5501
f 5499/5499/5499 5501/5501/5501 5502/5502/5502
f 5499/5499/5499 5502/5502/5502 5503/5503/5503
f 5499/5499/5499 5503/5503/5503 5504/5504/5504
f 5499/5499/5499 5504/5504/5504 5505/5505/5505
f 5499/5499/5499 5505/5505/5505 5506/5506/5506
f 5506/5506/5506 5507/5507/5507 5499/5499/5499
f 4369/4369/4369 5509/5509/5509 5508/5508/5508
f 5510/5510/5510 4369/4369/4369 5508/5508/5508
f 5510/5510/5510 5508/5508/5508 5511/5511/5511
f 4369/4369/4369 5510/5510/5510 4368/4368/4368
f 5512/5512/5512 5510/5510/5510 5511/5511/5511
f 5512/5512/5512 5511/5511/5511 5513/5513/5513
f 4368/4368/4368 5510/5510/5510 5514/5514/5514
f 5510/5510/5510 5512/5512/5512 5514/5514/5514
f 5515/5515/5515 5512/5512/5512 5513/5513/5513
f 5515/5515/5515 5513/5513/5513 5516/5516/5516
f 4368/4368/4368 5514/5514/5514 5517/5517/5517
f 4363/4363/4363 4368/4368/4368 5517/5517/5517
f 4363/4363/4363 5517/5517/5517 4365/4365/4365
f 5514/5514/5514 5512/5512/5512 5518/5518/5518
f 5512/5512/5512 5515/5515/5515 5518/5518/5518
f 5519/5519/5519 5515/5515/5515 5516/5516/5516
f 5519/5519/5519 5516/5516/5516 5520/5520/5520
f 5517/5517/5517 5514/5514/5514 5521/5521/5521
f 5514/5514/5514 5518/5518/5518 5521/5521/5521
f 4365/4365/4365 5517/5517/5517 5522/5522/5522
f 5517/5517/5517 5521/5521/5521 5522/5522/5522
f 5518/5518/5518 5515/5515/5515 5523/5523/5523
f 5515/5515/5515 5519/5519/5519 5523/5523/5523
f 5524/5524/5524 5519/5519/5519 5520/5520/5520
f 5524/5524/5524 5520/5520/5520 5525/5525/5525
f 5521/5521/5521 5518/5518/5518 5526/5526/5526
f 5518/5518/5518 5523/5523/5523 5526/5526/5526
f 5523/5523/5523 5519/5519/5519 5527/5527/5527
f 5519/5519/5519 5524/5524/5524 5527/5527/5527
f 5528/5528/5528 5524/5524/5524 5525/5525/5525
f 5528/5528/5528 5525/5525/5525 5529/5529/5529
f 4365/4365/4365 5522/5522/5522 5530/5530/5530
f 4358/4358/4358 4365/4365/4365 5530/5530/5530
f 4358/4358/4358 5530/5530/5530 4350/4350/4350
f 5522/5522/5522 5521/5521/5521 5531/5531/5531
f 5521/5521/5521 5526/5526/5526 5531/5531/5531
f 5530/5530/5530 5522/5522/5522 5532/5532/5532
f 5530/5530/5530 5532/5532/5532 4350/4350/4350
f 5522/5522/5522 5531/5531/5531 5532/5532/5532
f 5526/5526/5526 5523/5523/5523 5533/5533/5533
f 5523/5523/5523 5527/5527/5527 5533/5533/5533
f 5527/5527/5527 5524/5524/5524 5534/5534/5534
f 5524/5524/5524 5528/5528/5528 5534/5534/5534
f 5532/5532/5532 5531/5531/5531 5535/5535/5535
f 5532/5532/5532 5535/5535/5535 4350/4350/4350
f 5531/5531/5531 5526/5526/5526 5536/5536/5536
f 5531/5531/5531 5536/5536/5536 5535/5535/5535
f 5526/5526/5526 5533/5533/5533 5536/5536/5536
f 5533/5533/5533 5527/5527/5527 5537/5537/5537
f 5527/5527/5527 5534/5534/5534 5537/5537/5537
f 5535/5535/5535 5536/5536/5536 5538/5538/5538
f 5535/5535/5535 5538/5538/5538 4350/4350/4350
f 5536/5536/5536 5533/5533/5533 5539/5539/5539
f 5536/5536/5536 5539/5539/5539 5538/5538/5538
f 5533/5533/5533 5537/5537/5537 5539/5539/5539
f 5538/5538/5538 5540/5540/5540 4350/4350/4350
f 5538/5538/5538 5539/5539/5539 5540/5540/5540
f 5539/5539/5539 5537/5537/5537 5541/5541/5541
f 5539/5539/5539 5541/5541/5541 5540/5540/5540
f 5540/5540/5540 5542/5542/5542 4350/4350/4350
f 5540/5540/5540 5541/5541/5541 5542/5542/5542
f 5542/5542/5542 4956/4956/4956 4350/4350/4350
f 5542/5542/5542 5543/5543/5543 4956/4956/4956
f 5541/5541/5541 5543/5543/5543 5542/5542/5542
f 5543/5543/5543 4955/4955/4955 4956/4956/4956
f 5537/5537/5537 5544/5544/5544 5541/5541/5541
f 5537/5537/5537 5534/5534/5534 5544/5544/5544
f 5541/5541/5541 5544/5544/5544 5543/5543/5543
f 5543/5543/5543 5545/5545/5545 4955/4955/4955
f 5544/5544/5544 5545/5545/5545 5543/5543/5543
f 5545/5545/5545 4954/4954/4954 4955/4955/4955
f 5534/5534/5534 5546/5546/5546 5544/5544/5544
f 5544/5544/5544 5546/5546/5546 5545/5545/5545
f 5534/5534/5534 5528/5528/5528 5546/5546/5546
f 5545/5545/5545 5547/5547/5547 4954/4954/4954
f 5546/5546/5546 5547/5547/5547 5545/5545/5545
f 5547/5547/5547 4803/4803/4803 4954/4954/4954
f 5528/5528/5528 5548/5548/5548 5546/5546/5546
f 5546/5546/5546 5548/5548/5548 5547/5547/5547
f 5548/5548/5548 5528/5528/5528 5529/5529/5529
f 5548/5548/5548 5529/5529/5529 4784/4784/4784
f 5547/5547/5547 5549/5549/5549 4803/4803/4803
f 5548/5548/5548 5549/5549/5549 5547/5547/5547
f 5549/5549/5549 5548/5548/5548 4784/4784/4784
f 5549/5549/5549 4783/4783/4783 4803/4803/4803
f 4783/4783/4783 5549/5549/5549 4784/4784/4784
f 5552/5552/5552 5551/5551/5551 5550/5550/5550
f 5550/5550/5550 5553/5553/5553 5552/5552/5552
f 5550/5550/5550 5554/5554/5554 5553/5553/5553
f 5557/5557/5557 5556/5556/5556 5555/5555/5555
f 5555/5555/5555 5558/5558/5558 5557/5557/5557
f 5555/5555/5555 5559/5559/5559 5558/5558/5558
f 5555/5555/5555 5560/5560/5560 5559/5559/5559
f 5560/5560/5560 5561/5561/5561 5559/5559/5559
f 5560/5560/5560 5562/5562/5562 5561/5561/5561
f 5562/5562/5562 5563/5563/5563 5561/5561/5561
f 5562/5562/5562 5564/5564/5564 5563/5563/5563
f 5564/5564/5564 5565/5565/5565 5563/5563/5563
f 5564/5564/5564 5566/5566/5566 5565/5565/5565
f 5566/5566/5566 5567/5567/5567 5565/5565/5565
f 5566/5566/5566 5568/5568/5568 5567/5567/5567
f 5568/5568/5568 5569/5569/5569 5567/5567/5567
f 5568/5568/5568 5570/5570/5570 5569/5569/5569
f 5570/5570/5570 5571/5571/5571 5569/5569/5569
f 5570/5570/5570 5572/5572/5572 5571/5571/5571
f 5572/5572/5572 5573/5573/5573 5571/5571/5571
f 5572/5572/5572 5574/5574/5574 5573/5573/5573
f 5574/5574/5574 5575/5575/5575 5573/5573/5573
f 5578/5578/5578 5577/5577/5577 5576/5576/5576
f 5576/5576/5576 5579/5579/5579 5578/5578/5578
f 5576/5576/5576 5580/5580/5580 5579/5579/5579
f 5576/5576/5576 5581/5581/5581 5580/5580/5580
f 5581/5581/5581 5582/5582/5582 5580/5580/5580
f 5581/5581/5581 5583/5583/5583 5582/5582/5582
f 5583/5583/5583 5584/5584/5584 5582/5582/5582
f 5583/5583/5583 5585/5585/5585 5584/5584/5584
f 5585/5585/5585 5586/5586/5586 5584/5584/5584
f 5585/5585/5585 5587/5587/5587 5586/5586/5586
f 5587/5587/5587 5588/5588/5588 5586/5586/5586
f 5587/5587/5587 5589/5589/5589 5588/5588/5588
f 5589/5589/5589 5590/5590/5590 5588/5588/5588
f 5589/5589/5589 5591/5591/5591 5590/5590/5590
f 5591/5591/5591 5592/5592/5592 5590/5590/5590
f 5591/5591/5591 5593/5593/5593 5592/5592/5592
f 5593/5593/5593 5594/5594/5594 5592/5592/5592
f 5593/5593/5593 5595/5595/5595 5594/5594/5594
f 5595/5595/5595 5596/5596/5596 5594/5594/5594
f 5599/5599/5599 5598/5598/5598 5597/5597/5597
f 5598/5598/5598 5600/5600/5600 5597/5597/5597
f 5597/5597/5597 5600/5600/5600 5601/5601/5601
f 5600/5600/5600 5602/5602/5602 5601/5601/5601
f 5605/5605/5605 5604/5604/5604 5603/5603/5603
f 5604/5604/5604 5606/5606/5606 5603/5603/5603
f 5604/5604/5604 5607/5607/5607 5606/5606/5606
f 5607/5607/5607 5608/5608/5608 5606/5606/5606
f 5611/5611/5611 5610/5610/5610 5609/5609/5609
f 5612/5612/5612 5611/5611/5611 5609/5609/5609
f 5613/5613/5613 5611/5611/5611 5612/5612/5612
f 5614/5614/5614 5613/5613/5613 5612/5612/5612
f 5615/5615/5615 5613/5613/5613 5614/5614/5614
f 5615/5615/5615 5614/5614/5614 5616/5616/5616
f 5616/5616/5616 5617/5617/5617 5615/5615/5615
f 5618/5618/5618 5617/5617/5617 5616/5616/5616
f 5619/5619/5619 5618/5618/5618 5616/5616/5616
f 5620/5620/5620 5618/5618/5618 5619/5619/5619
f 5621/5621/5621 5620/5620/5620 5619/5619/5619
f 5624/5624/5624 5623/5623/5623 5622/5622/5622
f 5623/5623/5623 5625/5625/5625 5622/5622/5622
f 5623/5623/5623 5626/5626/5626 5625/5625/5625
f 5626/5626/5626 5627/5627/5627 5625/5625/5625
f 5630/5630/5630 5629/5629/5629 5628/5628/5628
f 5629/5629/5629 5631/5631/5631 5628/5628/5628
f 5628/5628/5628 5631/5631/5631 5632/5632/5632
f 5631/5631/5631 5633/5633/5633 5632/5632/5632
f 5636/5636/5636 5635/5635/5635 5634/5634/5634
f 5637/5637/5637 5636/5636/5636 5634/5634/5634
f 5637/5637/5637 5634/5634/5634 5638/5638/5638
f 5637/5637/5637 5638/5638/5638 5639/5639/5639
f 5639/5639/5639 5640/5640/5640 5637/5637/5637
f 5640/5640/5640 5639/5639/5639 5641/5641/5641
f 5642/5642/5642 5640/5640/5640 5641/5641/5641
f 5645/5645/5645 5644/5644/5644 5643/5643/5643
f 5646/5646/5646 5645/5645/5645 5643/5643/5643
f 5649/5649/5649 5648/5648/5648 5647/5647/5647
f 5650/5650/5650 5649/5649/5649 5647/5647/5647
f 5653/5653/5653 5652/5652/5652 5651/5651/5651
f 5654/5654/5654 5653/5653/5653 5651/5651/5651
f 5657/5657/5657 5656/5656/5656 5655/5655/5655
f 5658/5658/5658 5657/5657/5657 5655/5655/5655
f 5661/5661/5661 5660/5660/5660 5659/5659/5659
f 5662/5662/5662 5661/5661/5661 5659/5659/5659
f 5662/5662/5662 5659/5659/5659 5663/5663/5663
f 5664/5664/5664 5662/5662/5662 5663/5663/5663
f 5664/5664/5664 5663/5663/5663 5665/5665/5665
f 5666/5666/5666 5664/5664/5664 5665/5665/5665
f 5666/5666/5666 5665/5665/5665 5667/5667/5667
f 5668/5668/5668 5666/5666/5666 5667/5667/5667
f 5668/5668/5668 5667/5667/5667 5669/5669/5669
f 5670/5670/5670 5668/5668/5668 5669/5669/5669
f 5670/5670/5670 5669/5669/5669 5671/5671/5671
f 5672/5672/5672 5670/5670/5670 5671/5671/5671
f 5672/5672/5672 5671/5671/5671 5673/5673/5673
f 5674/5674/5674 5672/5672/5672 5673/5673/5673
f 5674/5674/5674 5673/5673/5673 5675/5675/5675
f 5676/5676/5676 5674/5674/5674 5675/5675/5675
f 5676/5676/5676 5675/5675/5675 5677/5677/5677
f 5678/5678/5678 5676/5676/5676 5677/5677/5677
f 5681/5681/5681 5680/5680/5680 5679/5679/5679
f 5682/5682/5682 5681/5681/5681 5679/5679/5679
f 5683/5683/5683 5681/5681/5681 5682/5682/5682
f 5682/5682/5682 5679/5679/5679 5684/5684/5684
f 5679/5679/5679 5685/5685/5685 5684/5684/5684
f 5684/5684/5684 5685/5685/5685 5686/5686/5686
f 5687/5687/5687 5683/5683/5683 5682/5682/5682
f 5688/5688/5688 5683/5683/5683 5687/5687/5687
f 5684/5684/5684 5686/5686/5686 5689/5689/5689
f 5686/5686/5686 5690/5690/5690 5689/5689/5689
f 5689/5689/5689 5690/5690/5690 5691/5691/5691
f 5684/5684/5684 5692/5692/5692 5682/5682/5682
f 5687/5687/5687 5682/5682/5682 5692/5692/5692
f 5693/5693/5693 5688/5688/5688 5687/5687/5687
f 5694/5694/5694 5688/5688/5688 5693/5693/5693
f 5689/5689/5689 5691/5691/5691 5695/5695/5695
f 5691/5691/5691 5696/5696/5696 5695/5695/5695
f 5696/5696/5696 5697/5697/5697 5695/5695/5695
f 5695/5695/5695 5697/5697/5697 5698/5698/5698
f 5697/5697/5697 5699/5699/5699 5698/5698/5698
f 5698/5698/5698 5699/5699/5699 5700/5700/5700
f 5689/5689/5689 5701/5701/5701 5684/5684/5684
f 5692/5692/5692 5684/5684/5684 5701/5701/5701
f 5695/5695/5695 5702/5702/5702 5689/5689/5689
f 5702/5702/5702 5695/5695/5695 5698/5698/5698
f 5701/5701/5701 5689/5689/5689 5702/5702/5702
f 5703/5703/5703 5687/5687/5687 5692/5692/5692
f 5693/5693/5693 5687/5687/5687 5703/5703/5703
f 5704/5704/5704 5692/5692/5692 5701/5701/5701
f 5703/5703/5703 5692/5692/5692 5704/5704/5704
f 5705/5705/5705 5701/5701/5701 5702/5702/5702
f 5704/5704/5704 5701/5701/5701 5705/5705/5705
f 5698/5698/5698 5700/5700/5700 5706/5706/5706
f 5706/5706/5706 5700/5700/5700 5707/5707/5707
f 5708/5708/5708 5702/5702/5702 5698/5698/5698
f 5705/5705/5705 5702/5702/5702 5708/5708/5708
f 5709/5709/5709 5706/5706/5706 5707/5707/5707
f 5707/5707/5707 5710/5710/5710 5709/5709/5709
f 5709/5709/5709 5710/5710/5710 5711/5711/5711
f 5709/5709/5709 5711/5711/5711 5712/5712/5712
f 5712/5712/5712 5711/5711/5711 5713/5713/5713
f 5706/5706/5706 5714/5714/5714 5698/5698/5698
f 5708/5708/5708 5698/5698/5698 5714/5714/5714
f 5706/5706/5706 5709/5709/5709 5715/5715/5715
f 5712/5712/5712 5715/5715/5715 5709/5709/5709
f 5716/5716/5716 5712/5712/5712 5713/5713/5713
f 5716/5716/5716 5713/5713/5713 5717/5717/5717
f 5714/5714/5714 5706/5706/5706 5718/5718/5718
f 5718/5718/5718 5706/5706/5706 5715/5715/5715
f 5719/5719/5719 5716/5716/5716 5717/5717/5717
f 5717/5717/5717 5720/5720/5720 5719/5719/5719
f 5719/5719/5719 5720/5720/5720 5721/5721/5721
f 5719/5719/5719 5721/5721/5721 5722/5722/5722
f 5722/5722/5722 5721/5721/5721 5723/5723/5723
f 5716/5716/5716 5719/5719/5719 5724/5724/5724
f 5722/5722/5722 5724/5724/5724 5719/5719/5719
f 5712/5712/5712 5716/5716/5716 5725/5725/5725
f 5725/5725/5725 5716/5716/5716 5724/5724/5724
f 5715/5715/5715 5712/5712/5712 5726/5726/5726
f 5726/5726/5726 5712/5712/5712 5725/5725/5725
f 5718/5718/5718 5715/5715/5715 5727/5727/5727
f 5727/5727/5727 5715/5715/5715 5726/5726/5726
f 5728/5728/5728 5722/5722/5722 5723/5723/5723
f 5728/5728/5728 5723/5723/5723 5729/5729/5729
f 5730/5730/5730 5728/5728/5728 5729/5729/5729
f 5730/5730/5730 5729/5729/5729 5731/5731/5731
f 5732/5732/5732 5730/5730/5730 5731/5731/5731
f 5732/5732/5732 5731/5731/5731 5733/5733/5733
f 5734/5734/5734 5732/5732/5732 5733/5733/5733
f 5734/5734/5734 5733/5733/5733 5735/5735/5735
f 5736/5736/5736 5734/5734/5734 5735/5735/5735
f 5736/5736/5736 5735/5735/5735 5737/5737/5737
f 5738/5738/5738 5736/5736/5736 5737/5737/5737
f 5736/5736/5736 5738/5738/5738 5739/5739/5739
f 5737/5737/5737 5740/5740/5740 5738/5738/5738
f 5739/5739/5739 5738/5738/5738 5740/5740/5740
f 5739/5739/5739 5740/5740/5740 5741/5741/5741
f 5734/5734/5734 5736/5736/5736 5742/5742/5742
f 5742/5742/5742 5736/5736/5736 5739/5739/5739
f 5732/5732/5732 5734/5734/5734 5743/5743/5743
f 5743/5743/5743 5734/5734/5734 5742/5742/5742
f 5730/5730/5730 5732/5732/5732 5744/5744/5744
f 5744/5744/5744 5732/5732/5732 5743/5743/5743
f 5741/5741/5741 5745/5745/5745 5739/5739/5739
f 5745/5745/5745 5741/5741/5741 5746/5746/5746
f 5747/5747/5747 5730/5730/5730 5744/5744/5744
f 5728/5728/5728 5730/5730/5730 5747/5747/5747
f 5748/5748/5748 5745/5745/5745 5746/5746/5746
f 5748/5748/5748 5746/5746/5746 5749/5749/5749
f 5750/5750/5750 5728/5728/5728 5747/5747/5747
f 5722/5722/5722 5728/5728/5728 5750/5750/5750
f 5751/5751/5751 5748/5748/5748 5749/5749/5749
f 5751/5751/5751 5749/5749/5749 5752/5752/5752
f 5753/5753/5753 5722/5722/5722 5750/5750/5750
f 5724/5724/5724 5722/5722/5722 5753/5753/5753
f 5754/5754/5754 5751/5751/5751 5752/5752/5752
f 5754/5754/5754 5752/5752/5752 5755/5755/5755
f 5756/5756/5756 5724/5724/5724 5753/5753/5753
f 5725/5725/5725 5724/5724/5724 5756/5756/5756
f 5757/5757/5757 5754/5754/5754 5755/5755/5755
f 5757/5757/5757 5755/5755/5755 5758/5758/5758
f 5757/5757/5757 5758/5758/5758 5759/5759/5759
f 5760/5760/5760 5725/5725/5725 5756/5756/5756
f 5726/5726/5726 5725/5725/5725 5760/5760/5760
f 5759/5759/5759 5761/5761/5761 5757/5757/5757
f 5761/5761/5761 5759/5759/5759 5762/5762/5762
f 5763/5763/5763 5726/5726/5726 5760/5760/5760
f 5727/5727/5727 5726/5726/5726 5763/5763/5763
f 5764/5764/5764 5761/5761/5761 5762/5762/5762
f 5764/5764/5764 5762/5762/5762 5765/5765/5765
f 5766/5766/5766 5764/5764/5764 5765/5765/5765
f 5766/5766/5766 5765/5765/5765 5767/5767/5767
f 5768/5768/5768 5766/5766/5766 5767/5767/5767
f 5768/5768/5768 5767/5767/5767 5769/5769/5769
f 5770/5770/5770 5768/5768/5768 5769/5769/5769
f 5770/5770/5770 5769/5769/5769 5771/5771/5771
f 5772/5772/5772 5770/5770/5770 5771/5771/5771
f 5772/5772/5772 5771/5771/5771 5773/5773/5773
f 5772/5772/5772 5773/5773/5773 5774/5774/5774
f 5774/5774/5774 5773/5773/5773 5775/5775/5775
f 5774/5774/5774 5775/5775/5775 5776/5776/5776
f 5775/5775/5775 5777/5777/5777 5776/5776/5776
f 5776/5776/5776 5777/5777/5777 5778/5778/5778
f 5777/5777/5777 5779/5779/5779 5778/5778/5778
f 5776/5776/5776 5778/5778/5778 5780/5780/5780
f 5781/5781/5781 5776/5776/5776 5780/5780/5780
f 5774/5774/5774 5776/5776/5776 5781/5781/5781
f 5781/5781/5781 5780/5780/5780 5782/5782/5782
f 5783/5783/5783 5774/5774/5774 5781/5781/5781
f 5774/5774/5774 5783/5783/5783 5772/5772/5772
f 5784/5784/5784 5781/5781/5781 5782/5782/5782
f 5783/5783/5783 5781/5781/5781 5784/5784/5784
f 5784/5784/5784 5782/5782/5782 5785/5785/5785
f 5772/5772/5772 5783/5783/5783 5786/5786/5786
f 5786/5786/5786 5783/5783/5783 5784/5784/5784
f 5787/5787/5787 5784/5784/5784 5785/5785/5785
f 5786/5786/5786 5784/5784/5784 5787/5787/5787
f 5787/5787/5787 5785/5785/5785 5788/5788/5788
f 5789/5789/5789 5772/5772/5772 5786/5786/5786
f 5770/5770/5770 5772/5772/5772 5789/5789/5789
f 5790/5790/5790 5787/5787/5787 5788/5788/5788
f 5790/5790/5790 5788/5788/5788 5791/5791/5791
f 5792/5792/5792 5786/5786/5786 5787/5787/5787
f 5789/5789/5789 5786/5786/5786 5792/5792/5792
f 5792/5792/5792 5787/5787/5787 5790/5790/5790
f 5793/5793/5793 5770/5770/5770 5789/5789/5789
f 5768/5768/5768 5770/5770/5770 5793/5793/5793
f 5794/5794/5794 5790/5790/5790 5791/5791/5791
f 5794/5794/5794 5791/5791/5791 5795/5795/5795
f 5796/5796/5796 5792/5792/5792 5790/5790/5790
f 5796/5796/5796 5790/5790/5790 5794/5794/5794
f 5797/5797/5797 5789/5789/5789 5792/5792/5792
f 5793/5793/5793 5789/5789/5789 5797/5797/5797
f 5797/5797/5797 5792/5792/5792 5796/5796/5796
f 5798/5798/5798 5768/5768/5768 5793/5793/5793
f 5766/5766/5766 5768/5768/5768 5798/5798/5798
f 5799/5799/5799 5794/5794/5794 5795/5795/5795
f 5799/5799/5799 5795/5795/5795 5800/5800/5800
f 5801/5801/5801 5796/5796/5796 5794/5794/5794
f 5801/5801/5801 5794/5794/5794 5799/5799/5799
f 5802/5802/5802 5797/5797/5797 5796/5796/5796
f 5802/5802/5802 5796/5796/5796 5801/5801/5801
f 5803/5803/5803 5793/5793/5793 5797/5797/5797
f 5798/5798/5798 5793/5793/5793 5803/5803/5803
f 5803/5803/5803 5797/5797/5797 5802/5802/5802
f 5804/5804/5804 5766/5766/5766 5798/5798/5798
f 5764/5764/5764 5766/5766/5766 5804/5804/5804
f 5805/5805/5805 5799/5799/5799 5800/5800/5800
f 5805/5805/5805 5800/5800/5800 5806/5806/5806
f 5807/5807/5807 5805/5805/5805 5806/5806/5806
f 5808/5808/5808 5801/5801/5801 5799/5799/5799
f 5808/5808/5808 5799/5799/5799 5805/5805/5805
f 5809/5809/5809 5805/5805/5805 5807/5807/5807
f 5809/5809/5809 5808/5808/5808 5805/5805/5805
f 5810/5810/5810 5809/5809/5809 5807/5807/5807
f 5811/5811/5811 5802/5802/5802 5801/5801/5801
f 5811/5811/5811 5801/5801/5801 5808/5808/5808
f 5812/5812/5812 5803/5803/5803 5802/5802/5802
f 5812/5812/5812 5802/5802/5802 5811/5811/5811
f 5813/5813/5813 5808/5808/5808 5809/5809/5809
f 5813/5813/5813 5811/5811/5811 5808/5808/5808
f 5814/5814/5814 5809/5809/5809 5810/5810/5810
f 5814/5814/5814 5813/5813/5813 5809/5809/5809
f 5815/5815/5815 5814/5814/5814 5810/5810/5810
f 5816/5816/5816 5811/5811/5811 5813/5813/5813
f 5816/5816/5816 5812/5812/5812 5811/5811/5811
f 5817/5817/5817 5803/5803/5803 5812/5812/5812
f 5817/5817/5817 5798/5798/5798 5803/5803/5803
f 5804/5804/5804 5798/5798/5798 5817/5817/5817
f 5818/5818/5818 5813/5813/5813 5814/5814/5814
f 5818/5818/5818 5816/5816/5816 5813/5813/5813
f 5819/5819/5819 5814/5814/5814 5815/5815/5815
f 5819/5819/5819 5818/5818/5818 5814/5814/5814
f 5820/5820/5820 5819/5819/5819 5815/5815/5815
f 5821/5821/5821 5812/5812/5812 5816/5816/5816
f 5821/5821/5821 5817/5817/5817 5812/5812/5812
f 5822/5822/5822 5804/5804/5804 5817/5817/5817
f 5822/5822/5822 5817/5817/5817 5821/5821/5821
f 5823/5823/5823 5816/5816/5816 5818/5818/5818
f 5823/5823/5823 5821/5821/5821 5816/5816/5816
f 5824/5824/5824 5818/5818/5818 5819/5819/5819
f 5824/5824/5824 5823/5823/5823 5818/5818/5818
f 5825/5825/5825 5819/5819/5819 5820/5820/5820
f 5825/5825/5825 5824/5824/5824 5819/5819/5819
f 5826/5826/5826 5825/5825/5825 5820/5820/5820
f 5827/5827/5827 5821/5821/5821 5823/5823/5823
f 5827/5827/5827 5822/5822/5822 5821/5821/5821
f 5828/5828/5828 5804/5804/5804 5822/5822/5822
f 5828/5828/5828 5764/5764/5764 5804/5804/5804
f 5761/5761/5761 5764/5764/5764 5828/5828/5828
f 5829/5829/5829 5823/5823/5823 5824/5824/5824
f 5829/5829/5829 5827/5827/5827 5823/5823/5823
f 5830/5830/5830 5824/5824/5824 5825/5825/5825
f 5830/5830/5830 5829/5829/5829 5824/5824/5824
f 5831/5831/5831 5825/5825/5825 5826/5826/5826
f 5831/5831/5831 5830/5830/5830 5825/5825/5825
f 5832/5832/5832 5831/5831/5831 5826/5826/5826
f 5833/5833/5833 5822/5822/5822 5827/5827/5827
f 5833/5833/5833 5828/5828/5828 5822/5822/5822
f 5834/5834/5834 5761/5761/5761 5828/5828/5828
f 5834/5834/5834 5828/5828/5828 5833/5833/5833
f 5757/5757/5757 5761/5761/5761 5834/5834/5834
f 5835/5835/5835 5827/5827/5827 5829/5829/5829
f 5835/5835/5835 5833/5833/5833 5827/5827/5827
f 5836/5836/5836 5829/5829/5829 5830/5830/5830
f 5836/5836/5836 5835/5835/5835 5829/5829/5829
f 5837/5837/5837 5830/5830/5830 5831/5831/5831
f 5837/5837/5837 5836/5836/5836 5830/5830/5830
f 5838/5838/5838 5831/5831/5831 5832/5832/5832
f 5838/5838/5838 5837/5837/5837 5831/5831/5831
f 5839/5839/5839 5838/5838/5838 5832/5832/5832
f 5840/5840/5840 5757/5757/5757 5834/5834/5834
f 5754/5754/5754 5757/5757/5757 5840/5840/5840
f 5841/5841/5841 5834/5834/5834 5833/5833/5833
f 5841/5841/5841 5833/5833/5833 5835/5835/5835
f 5840/5840/5840 5834/5834/5834 5841/5841/5841
f 5842/5842/5842 5835/5835/5835 5836/5836/5836
f 5842/5842/5842 5841/5841/5841 5835/5835/5835
f 5843/5843/5843 5836/5836/5836 5837/5837/5837
f 5843/5843/5843 5842/5842/5842 5836/5836/5836
f 5844/5844/5844 5837/5837/5837 5838/5838/5838
f 5844/5844/5844 5843/5843/5843 5837/5837/5837
f 5845/5845/5845 5838/5838/5838 5839/5839/5839
f 5845/5845/5845 5844/5844/5844 5838/5838/5838
f 5846/5846/5846 5845/5845/5845 5839/5839/5839
f 5847/5847/5847 5754/5754/5754 5840/5840/5840
f 5751/5751/5751 5754/5754/5754 5847/5847/5847
f 5848/5848/5848 5840/5840/5840 5841/5841/5841
f 5848/5848/5848 5841/5841/5841 5842/5842/5842
f 5847/5847/5847 5840/5840/5840 5848/5848/5848
f 5849/5849/5849 5842/5842/5842 5843/5843/5843
f 5849/5849/5849 5848/5848/5848 5842/5842/5842
f 5850/5850/5850 5843/5843/5843 5844/5844/5844
f 5850/5850/5850 5849/5849/5849 5843/5843/5843
f 5851/5851/5851 5845/5845/5845 5846/5846/5846
f 5852/5852/5852 5851/5851/5851 5846/5846/5846
f 5853/5853/5853 5844/5844/5844 5845/5845/5845
f 5853/5853/5853 5850/5850/5850 5844/5844/5844
f 5851/5851/5851 5853/5853/5853 5845/5845/5845
f 5854/5854/5854 5751/5751/5751 5847/5847/5847
f 5748/5748/5748 5751/5751/5751 5854/5854/5854
f 5855/5855/5855 5847/5847/5847 5848/5848/5848
f 5855/5855/5855 5848/5848/5848 5849/5849/5849
f 5854/5854/5854 5847/5847/5847 5855/5855/5855
f 5856/5856/5856 5851/5851/5851 5852/5852/5852
f 5857/5857/5857 5856/5856/5856 5852/5852/5852
f 5858/5858/5858 5849/5849/5849 5850/5850/5850
f 5858/5858/5858 5855/5855/5855 5849/5849/5849
f 5859/5859/5859 5853/5853/5853 5851/5851/5851
f 5856/5856/5856 5859/5859/5859 5851/5851/5851
f 5860/5860/5860 5850/5850/5850 5853/5853/5853
f 5860/5860/5860 5858/5858/5858 5850/5850/5850
f 5859/5859/5859 5860/5860/5860 5853/5853/5853
f 5861/5861/5861 5748/5748/5748 5854/5854/5854
f 5745/5745/5745 5748/5748/5748 5861/5861/5861
f 5862/5862/5862 5854/5854/5854 5855/5855/5855
f 5862/5862/5862 5855/5855/5855 5858/5858/5858
f 5861/5861/5861 5854/5854/5854 5862/5862/5862
f 5863/5863/5863 5856/5856/5856 5857/5857/5857
f 5864/5864/5864 5863/5863/5863 5857/5857/5857
f 5865/5865/5865 5858/5858/5858 5860/5860/5860
f 5865/5865/5865 5862/5862/5862 5858/5858/5858
f 5866/5866/5866 5859/5859/5859 5856/5856/5856
f 5863/5863/5863 5866/5866/5866 5856/5856/5856
f 5867/5867/5867 5860/5860/5860 5859/5859/5859
f 5867/5867/5867 5865/5865/5865 5860/5860/5860
f 5866/5866/5866 5867/5867/5867 5859/5859/5859
f 5868/5868/5868 5745/5745/5745 5861/5861/5861
f 5739/5739/5739 5745/5745/5745 5868/5868/5868
f 5869/5869/5869 5861/5861/5861 5862/5862/5862
f 5869/5869/5869 5862/5862/5862 5865/5865/5865
f 5868/5868/5868 5861/5861/5861 5869/5869/5869
f 5870/5870/5870 5863/5863/5863 5864/5864/5864
f 5871/5871/5871 5870/5870/5870 5864/5864/5864
f 5872/5872/5872 5865/5865/5865 5867/5867/5867
f 5872/5872/5872 5869/5869/5869 5865/5865/5865
f 5873/5873/5873 5866/5866/5866 5863/5863/5863
f 5870/5870/5870 5873/5873/5873 5863/5863/5863
f 5874/5874/5874 5867/5867/5867 5866/5866/5866
f 5874/5874/5874 5872/5872/5872 5867/5867/5867
f 5873/5873/5873 5874/5874/5874 5866/5866/5866
f 5875/5875/5875 5739/5739/5739 5868/5868/5868
f 5742/5742/5742 5739/5739/5739 5875/5875/5875
f 5876/5876/5876 5868/5868/5868 5869/5869/5869
f 5876/5876/5876 5869/5869/5869 5872/5872/5872
f 5875/5875/5875 5868/5868/5868 5876/5876/5876
f 5877/5877/5877 5870/5870/5870 5871/5871/5871
f 5878/5878/5878 5877/5877/5877 5871/5871/5871
f 5879/5879/5879 5872/5872/5872 5874/5874/5874
f 5879/5879/5879 5876/5876/5876 5872/5872/5872
f 5880/5880/5880 5873/5873/5873 5870/5870/5870
f 5877/5877/5877 5880/5880/5880 5870/5870/5870
f 5881/5881/5881 5874/5874/5874 5873/5873/5873
f 5881/5881/5881 5879/5879/5879 5874/5874/5874
f 5880/5880/5880 5881/5881/5881 5873/5873/5873
f 5882/5882/5882 5742/5742/5742 5875/5875/5875
f 5743/5743/5743 5742/5742/5742 5882/5882/5882
f 5883/5883/5883 5875/5875/5875 5876/5876/5876
f 5883/5883/5883 5876/5876/5876 5879/5879/5879
f 5882/5882/5882 5875/5875/5875 5883/5883/5883
f 5884/5884/5884 5877/5877/5877 5878/5878/5878
f 5885/5885/5885 5884/5884/5884 5878/5878/5878
f 5886/5886/5886 5879/5879/5879 5881/5881/5881
f 5886/5886/5886 5883/5883/5883 5879/5879/5879
f 5887/5887/5887 5880/5880/5880 5877/5877/5877
f 5884/5884/5884 5887/5887/5887 5877/5877/5877
f 5888/5888/5888 5881/5881/5881 5880/5880/5880
f 5888/5888/5888 5886/5886/5886 5881/5881/5881
f 5887/5887/5887 5888/5888/5888 5880/5880/5880
f 5889/5889/5889 5743/5743/5743 5882/5882/5882
f 5744/5744/5744 5743/5743/5743 5889/5889/5889
f 5890/5890/5890 5882/5882/5882 5883/5883/5883
f 5890/5890/5890 5883/5883/5883 5886/5886/5886
f 5889/5889/5889 5882/5882/5882 5890/5890/5890
f 5891/5891/5891 5884/5884/5884 5885/5885/5885
f 5892/5892/5892 5891/5891/5891 5885/5885/5885
f 5893/5893/5893 5886/5886/5886 5888/5888/5888
f 5893/5893/5893 5890/5890/5890 5886/5886/5886
f 5894/5894/5894 5887/5887/5887 5884/5884/5884
f 5891/5891/5891 5894/5894/5894 5884/5884/5884
f 5895/5895/5895 5888/5888/5888 5887/5887/5887
f 5895/5895/5895 5893/5893/5893 5888/5888/5888
f 5894/5894/5894 5895/5895/5895 5887/5887/5887
f 5896/5896/5896 5744/5744/5744 5889/5889/5889
f 5747/5747/5747 5744/5744/5744 5896/5896/5896
f 5897/5897/5897 5889/5889/5889 5890/5890/5890
f 5897/5897/5897 5890/5890/5890 5893/5893/5893
f 5896/5896/5896 5889/5889/5889 5897/5897/5897
f 5898/5898/5898 5891/5891/5891 5892/5892/5892
f 5899/5899/5899 5898/5898/5898 5892/5892/5892
f 5900/5900/5900 5893/5893/5893 5895/5895/5895
f 5900/5900/5900 5897/5897/5897 5893/5893/5893
f 5901/5901/5901 5895/5895/5895 5894/5894/5894
f 5901/5901/5901 5900/5900/5900 5895/5895/5895
f 5902/5902/5902 5894/5894/5894 5891/5891/5891
f 5898/5898/5898 5902/5902/5902 5891/5891/5891
f 5902/5902/5902 5901/5901/5901 5894/5894/5894
f 5903/5903/5903 5747/5747/5747 5896/5896/5896
f 5750/5750/5750 5747/5747/5747 5903/5903/5903
f 5904/5904/5904 5896/5896/5896 5897/5897/5897
f 5904/5904/5904 5897/5897/5897 5900/5900/5900
f 5903/5903/5903 5896/5896/5896 5904/5904/5904
f 5905/5905/5905 5898/5898/5898 5899/5899/5899
f 5906/5906/5906 5905/5905/5905 5899/5899/5899
f 5907/5907/5907 5900/5900/5900 5901/5901/5901
f 5907/5907/5907 5904/5904/5904 5900/5900/5900
f 5908/5908/5908 5902/5902/5902 5898/5898/5898
f 5905/5905/5905 5908/5908/5908 5898/5898/5898
f 5909/5909/5909 5901/5901/5901 5902/5902/5902
f 5909/5909/5909 5907/5907/5907 5901/5901/5901
f 5908/5908/5908 5909/5909/5909 5902/5902/5902
f 5910/5910/5910 5750/5750/5750 5903/5903/5903
f 5753/5753/5753 5750/5750/5750 5910/5910/5910
f 5911/5911/5911 5903/5903/5903 5904/5904/5904
f 5911/5911/5911 5904/5904/5904 5907/5907/5907
f 5910/5910/5910 5903/5903/5903 5911/5911/5911
f 5912/5912/5912 5905/5905/5905 5906/5906/5906
f 5913/5913/5913 5912/5912/5912 5906/5906/5906
f 5914/5914/5914 5907/5907/5907 5909/5909/5909
f 5914/5914/5914 5911/5911/5911 5907/5907/5907
f 5915/5915/5915 5908/5908/5908 5905/5905/5905
f 5912/5912/5912 5915/5915/5915 5905/5905/5905
f 5916/5916/5916 5909/5909/5909 5908/5908/5908
f 5916/5916/5916 5914/5914/5914 5909/5909/5909
f 5915/5915/5915 5916/5916/5916 5908/5908/5908
f 5917/5917/5917 5753/5753/5753 5910/5910/5910
f 5756/5756/5756 5753/5753/5753 5917/5917/5917
f 5918/5918/5918 5910/5910/5910 5911/5911/5911
f 5918/5918/5918 5911/5911/5911 5914/5914/5914
f 5917/5917/5917 5910/5910/5910 5918/5918/5918
f 5919/5919/5919 5912/5912/5912 5913/5913/5913
f 5920/5920/5920 5919/5919/5919 5913/5913/5913
f 5921/5921/5921 5914/5914/5914 5916/5916/5916
f 5921/5921/5921 5918/5918/5918 5914/5914/5914
f 5922/5922/5922 5915/5915/5915 5912/5912/5912
f 5919/5919/5919 5922/5922/5922 5912/5912/5912
f 5923/5923/5923 5916/5916/5916 5915/5915/5915
f 5923/5923/5923 5921/5921/5921 5916/5916/5916
f 5922/5922/5922 5923/5923/5923 5915/5915/5915
f 5924/5924/5924 5756/5756/5756 5917/5917/5917
f 5760/5760/5760 5756/5756/5756 5924/5924/5924
f 5925/5925/5925 5917/5917/5917 5918/5918/5918
f 5925/5925/5925 5918/5918/5918 5921/5921/5921
f 5924/5924/5924 5917/5917/5917 5925/5925/5925
f 5926/5926/5926 5919/5919/5919 5920/5920/5920
f 5927/5927/5927 5926/5926/5926 5920/5920/5920
f 5928/5928/5928 5921/5921/5921 5923/5923/5923
f 5928/5928/5928 5925/5925/5925 5921/5921/5921
f 5929/5929/5929 5922/5922/5922 5919/5919/5919
f 5926/5926/5926 5929/5929/5929 5919/5919/5919
f 5930/5930/5930 5923/5923/5923 5922/5922/5922
f 5930/5930/5930 5928/5928/5928 5923/5923/5923
f 5929/5929/5929 5930/5930/5930 5922/5922/5922
f 5931/5931/5931 5760/5760/5760 5924/5924/5924
f 5763/5763/5763 5760/5760/5760 5931/5931/5931
f 5932/5932/5932 5924/5924/5924 5925/5925/5925
f 5932/5932/5932 5925/5925/5925 5928/5928/5928
f 5931/5931/5931 5924/5924/5924 5932/5932/5932
f 5933/5933/5933 5926/5926/5926 5927/5927/5927
f 5934/5934/5934 5933/5933/5933 5927/5927/5927
f 5935/5935/5935 5928/5928/5928 5930/5930/5930
f 5935/5935/5935 5932/5932/5932 5928/5928/5928
f 5936/5936/5936 5929/5929/5929 5926/5926/5926
f 5933/5933/5933 5936/5936/5936 5926/5926/5926
f 5937/5937/5937 5930/5930/5930 5929/5929/5929
f 5937/5937/5937 5935/5935/5935 5930/5930/5930
f 5936/5936/5936 5937/5937/5937 5929/5929/5929
f 5938/5938/5938 5931/5931/5931 5932/5932/5932
f 5938/5938/5938 5932/5932/5932 5935/5935/5935
f 5939/5939/5939 5763/5763/5763 5931/5931/5931
f 5939/5939/5939 5931/5931/5931 5938/5938/5938
f 5940/5940/5940 5933/5933/5933 5934/5934/5934
f 5941/5941/5941 5940/5940/5940 5934/5934/5934
f 5942/5942/5942 5935/5935/5935 5937/5937/5937
f 5942/5942/5942 5938/5938/5938 5935/5935/5935
f 5943/5943/5943 5936/5936/5936 5933/5933/5933
f 5940/5940/5940 5943/5943/5943 5933/5933/5933
f 5944/5944/5944 5937/5937/5937 5936/5936/5936
f 5944/5944/5944 5942/5942/5942 5937/5937/5937
f 5943/5943/5943 5944/5944/5944 5936/5936/5936
f 5945/5945/5945 5940/5940/5940 5941/5941/5941
f 5946/5946/5946 5945/5945/5945 5941/5941/5941
f 5947/5947/5947 5938/5938/5938 5942/5942/5942
f 5947/5947/5947 5939/5939/5939 5938/5938/5938
f 5948/5948/5948 5942/5942/5942 5944/5944/5944
f 5948/5948/5948 5947/5947/5947 5942/5942/5942
f 5949/5949/5949 5943/5943/5943 5940/5940/5940
f 5945/5945/5945 5949/5949/5949 5940/5940/5940
f 5950/5950/5950 5944/5944/5944 5943/5943/5943
f 5950/5950/5950 5948/5948/5948 5944/5944/5944
f 5949/5949/5949 5950/5950/5950 5943/5943/5943
f 5951/5951/5951 5945/5945/5945 5946/5946/5946
f 5952/5952/5952 5951/5951/5951 5946/5946/5946
f 5953/5953/5953 5949/5949/5949 5945/5945/5945
f 5951/5951/5951 5953/5953/5953 5945/5945/5945
f 5954/5954/5954 5950/5950/5950 5949/5949/5949
f 5953/5953/5953 5954/5954/5954 5949/5949/5949
f 5955/5955/5955 5948/5948/5948 5950/5950/5950
f 5954/5954/5954 5955/5955/5955 5950/5950/5950
f 5956/5956/5956 5947/5947/5947 5948/5948/5948
f 5955/5955/5955 5956/5956/5956 5948/5948/5948
f 5957/5957/5957 5951/5951/5951 5952/5952/5952
f 5958/5958/5958 5957/5957/5957 5952/5952/5952
f 5959/5959/5959 5953/5953/5953 5951/5951/5951
f 5957/5957/5957 5959/5959/5959 5951/5951/5951
f 5960/5960/5960 5954/5954/5954 5953/5953/5953
f 5959/5959/5959 5960/5960/5960 5953/5953/5953
f 5961/5961/5961 5955/5955/5955 5954/5954/5954
f 5960/5960/5960 5961/5961/5961 5954/5954/5954
f 5962/5962/5962 5957/5957/5957 5958/5958/5958
f 5963/5963/5963 5962/5962/5962 5958/5958/5958
f 5964/5964/5964 5959/5959/5959 5957/5957/5957
f 5962/5962/5962 5964/5964/5964 5957/5957/5957
f 5965/5965/5965 5960/5960/5960 5959/5959/5959
f 5964/5964/5964 5965/5965/5965 5959/5959/5959
f 5966/5966/5966 5962/5962/5962 5963/5963/5963
f 5967/5967/5967 5966/5966/5966 5963/5963/5963
f 5968/5968/5968 5964/5964/5964 5962/5962/5962
f 5966/5966/5966 5968/5968/5968 5962/5962/5962
f 5969/5969/5969 5966/5966/5966 5967/5967/5967
f 5970/5970/5970 5969/5969/5969 5967/5967/5967
f 5961/5961/5961 5971/5971/5971 5955/5955/5955
f 5971/5971/5971 5956/5956/5956 5955/5955/5955
f 5972/5972/5972 5961/5961/5961 5960/5960/5960
f 5965/5965/5965 5972/5972/5972 5960/5960/5960
f 5973/5973/5973 5965/5965/5965 5964/5964/5964
f 5968/5968/5968 5973/5973/5973 5964/5964/5964
f 5974/5974/5974 5968/5968/5968 5966/5966/5966
f 5969/5969/5969 5974/5974/5974 5966/5966/5966
f 5975/5975/5975 5969/5969/5969 5970/5970/5970
f 5976/5976/5976 5975/5975/5975 5970/5970/5970
f 5977/5977/5977 5971/5971/5971 5961/5961/5961
f 5972/5972/5972 5977/5977/5977 5961/5961/5961
f 5978/5978/5978 5972/5972/5972 5965/5965/5965
f 5973/5973/5973 5978/5978/5978 5965/5965/5965
f 5979/5979/5979 5973/5973/5973 5968/5968/5968
f 5974/5974/5974 5979/5979/5979 5968/5968/5968
f 5980/5980/5980 5974/5974/5974 5969/5969/5969
f 5975/5975/5975 5980/5980/5980 5969/5969/5969
f 5981/5981/5981 5975/5975/5975 5976/5976/5976
f 5982/5982/5982 5981/5981/5981 5976/5976/5976
f 5983/5983/5983 5977/5977/5977 5972/5972/5972
f 5978/5978/5978 5983/5983/5983 5972/5972/5972
f 5984/5984/5984 5978/5978/5978 5973/5973/5973
f 5979/5979/5979 5984/5984/5984 5973/5973/5973
f 5985/5985/5985 5979/5979/5979 5974/5974/5974
f 5980/5980/5980 5985/5985/5985 5974/5974/5974
f 5986/5986/5986 5980/5980/5980 5975/5975/5975
f 5981/5981/5981 5986/5986/5986 5975/5975/5975
f 5987/5987/5987 5981/5981/5981 5982/5982/5982
f 5988/5988/5988 5987/5987/5987 5982/5982/5982
f 5989/5989/5989 5983/5983/5983 5978/5978/5978
f 5984/5984/5984 5989/5989/5989 5978/5978/5978
f 5990/5990/5990 5984/5984/5984 5979/5979/5979
f 5985/5985/5985 5990/5990/5990 5979/5979/5979
f 5991/5991/5991 5985/5985/5985 5980/5980/5980
f 5986/5986/5986 5991/5991/5991 5980/5980/5980
f 5992/5992/5992 5986/5986/5986 5981/5981/5981
f 5987/5987/5987 5992/5992/5992 5981/5981/5981
f 5993/5993/5993 5987/5987/5987 5988/5988/5988
f 5994/5994/5994 5993/5993/5993 5988/5988/5988
f 5995/5995/5995 5989/5989/5989 5984/5984/5984
f 5990/5990/5990 5995/5995/5995 5984/5984/5984
f 5996/5996/5996 5990/5990/5990 5985/5985/5985
f 5991/5991/5991 5996/5996/5996 5985/5985/5985
f 5997/5997/5997 5991/5991/5991 5986/5986/5986
f 5992/5992/5992 5997/5997/5997 5986/5986/5986
f 5998/5998/5998 5992/5992/5992 5987/5987/5987
f 5993/5993/5993 5998/5998/5998 5987/5987/5987
f 5999/5999/5999 5995/5995/5995 5990/5990/5990
f 5996/5996/5996 5999/5999/5999 5990/5990/5990
f 6000/6000/6000 5996/5996/5996 5991/5991/5991
f 5997/5997/5997 6000/6000/6000 5991/5991/5991
f 6001/6001/6001 5997/5997/5997 5992/5992/5992
f 5998/5998/5998 6001/6001/6001 5992/5992/5992
f 6002/6002/6002 5999/5999/5999 5996/5996/5996
f 6000/6000/6000 6002/6002/6002 5996/5996/5996
f 6003/6003/6003 6000/6000/6000 5997/5997/5997
f 6001/6001/6001 6003/6003/6003 5997/5997/5997
f 6004/6004/6004 6002/6002/6002 6000/6000/6000
f 6003/6003/6003 6004/6004/6004 6000/6000/6000
f 6005/6005/6005 5998/5998/5998 5993/5993/5993
f 6006/6006/6006 6001/6001/6001 5998/5998/5998
f 6005/6005/6005 6006/6006/6006 5998/5998/5998
f 6007/6007/6007 6003/6003/6003 6001/6001/6001
f 6006/6006/6006 6007/6007/6007 6001/6001/6001
f 6008/6008/6008 6004/6004/6004 6003/6003/6003
f 6007/6007/6007 6008/6008/6008 6003/6003/6003
f 6009/6009/6009 6005/6005/6005 5993/5993/5993
f 6009/6009/6009 5993/5993/5993 5994/5994/5994
f 6010/6010/6010 6009/6009/6009 5994/5994/5994
f 6010/6010/6010 5994/5994/5994 6011/6011/6011
f 6012/6012/6012 6010/6010/6010 6011/6011/6011
f 6012/6012/6012 6011/6011/6011 6013/6013/6013
f 6014/6014/6014 6012/6012/6012 6013/6013/6013
f 6014/6014/6014 6013/6013/6013 6015/6015/6015
f 6016/6016/6016 6014/6014/6014 6015/6015/6015
f 6016/6016/6016 6015/6015/6015 6017/6017/6017
f 6018/6018/6018 6016/6016/6016 6017/6017/6017
f 6018/6018/6018 6017/6017/6017 6019/6019/6019
f 6020/6020/6020 6018/6018/6018 6019/6019/6019
f 6020/6020/6020 6019/6019/6019 6021/6021/6021
f 6022/6022/6022 6020/6020/6020 6021/6021/6021
f 6022/6022/6022 6021/6021/6021 6023/6023/6023
f 6024/6024/6024 6022/6022/6022 6023/6023/6023
f 6024/6024/6024 6023/6023/6023 6025/6025/6025
f 6026/6026/6026 6024/6024/6024 6025/6025/6025
f 6026/6026/6026 6025/6025/6025 6027/6027/6027
f 6028/6028/6028 6026/6026/6026 6027/6027/6027
f 6028/6028/6028 6027/6027/6027 6029/6029/6029
f 6030/6030/6030 6028/6028/6028 6029/6029/6029
f 6030/6030/6030 6029/6029/6029 6031/6031/6031
f 6032/6032/6032 6030/6030/6030 6031/6031/6031
f 6032/6032/6032 6031/6031/6031 6033/6033/6033
f 6034/6034/6034 6032/6032/6032 6033/6033/6033
f 6034/6034/6034 6033/6033/6033 6035/6035/6035
f 6036/6036/6036 6034/6034/6034 6035/6035/6035
f 6036/6036/6036 6035/6035/6035 6037/6037/6037
f 6038/6038/6038 6036/6036/6036 6037/6037/6037
f 6038/6038/6038 6037/6037/6037 6039/6039/6039
f 6040/6040/6040 6038/6038/6038 6039/6039/6039
f 6040/6040/6040 6039/6039/6039 6041/6041/6041
f 6042/6042/6042 6040/6040/6040 6041/6041/6041
f 6043/6043/6043 6040/6040/6040 6042/6042/6042
f 6044/6044/6044 6043/6043/6043 6042/6042/6042
f 6045/6045/6045 6038/6038/6038 6040/6040/6040
f 6043/6043/6043 6045/6045/6045 6040/6040/6040
f 6046/6046/6046 6036/6036/6036 6038/6038/6038
f 6045/6045/6045 6046/6046/6046 6038/6038/6038
f 6047/6047/6047 6034/6034/6034 6036/6036/6036
f 6046/6046/6046 6047/6047/6047 6036/6036/6036
f 6048/6048/6048 6032/6032/6032 6034/6034/6034
f 6047/6047/6047 6048/6048/6048 6034/6034/6034
f 6049/6049/6049 6043/6043/6043 6044/6044/6044
f 6050/6050/6050 6049/6049/6049 6044/6044/6044
f 6051/6051/6051 6045/6045/6045 6043/6043/6043
f 6049/6049/6049 6051/6051/6051 6043/6043/6043
f 6052/6052/6052 6046/6046/6046 6045/6045/6045
f 6051/6051/6051 6052/6052/6052 6045/6045/6045
f 6053/6053/6053 6047/6047/6047 6046/6046/6046
f 6052/6052/6052 6053/6053/6053 6046/6046/6046
f 6054/6054/6054 6049/6049/6049 6050/6050/6050
f 6055/6055/6055 6054/6054/6054 6050/6050/6050
f 6056/6056/6056 6051/6051/6051 6049/6049/6049
f 6054/6054/6054 6056/6056/6056 6049/6049/6049
f 6057/6057/6057 6052/6052/6052 6051/6051/6051
f 6056/6056/6056 6057/6057/6057 6051/6051/6051
f 6058/6058/6058 6054/6054/6054 6055/6055/6055
f 6059/6059/6059 6058/6058/6058 6055/6055/6055
f 6060/6060/6060 6056/6056/6056 6054/6054/6054
f 6058/6058/6058 6060/6060/6060 6054/6054/6054
f 6061/6061/6061 6058/6058/6058 6059/6059/6059
f 6062/6062/6062 6061/6061/6061 6059/6059/6059
f 6053/6053/6053 6063/6063/6063 6047/6047/6047
f 6063/6063/6063 6048/6048/6048 6047/6047/6047
f 6064/6064/6064 6053/6053/6053 6052/6052/6052
f 6057/6057/6057 6064/6064/6064 6052/6052/6052
f 6065/6065/6065 6057/6057/6057 6056/6056/6056
f 6060/6060/6060 6065/6065/6065 6056/6056/6056
f 6066/6066/6066 6060/6060/6060 6058/6058/6058
f 6061/6061/6061 6066/6066/6066 6058/6058/6058
f 6067/6067/6067 6061/6061/6061 6062/6062/6062
f 6068/6068/6068 6067/6067/6067 6062/6062/6062
f 6069/6069/6069 6063/6063/6063 6053/6053/6053
f 6064/6064/6064 6069/6069/6069 6053/6053/6053
f 6070/6070/6070 6064/6064/6064 6057/6057/6057
f 6065/6065/6065 6070/6070/6070 6057/6057/6057
f 6071/6071/6071 6065/6065/6065 6060/6060/6060
f 6066/6066/6066 6071/6071/6071 6060/6060/6060
f 6072/6072/6072 6066/6066/6066 6061/6061/6061
f 6067/6067/6067 6072/6072/6072 6061/6061/6061
f 6073/6073/6073 6067/6067/6067 6068/6068/6068
f 6074/6074/6074 6073/6073/6073 6068/6068/6068
f 6075/6075/6075 6069/6069/6069 6064/6064/6064
f 6070/6070/6070 6075/6075/6075 6064/6064/6064
f 6076/6076/6076 6070/6070/6070 6065/6065/6065
f 6071/6071/6071 6076/6076/6076 6065/6065/6065
f 6077/6077/6077 6071/6071/6071 6066/6066/6066
f 6072/6072/6072 6077/6077/6077 6066/6066/6066
f 6078/6078/6078 6072/6072/6072 6067/6067/6067
f 6073/6073/6073 6078/6078/6078 6067/6067/6067
f 6079/6079/6079 6073/6073/6073 6074/6074/6074
f 6080/6080/6080 6079/6079/6079 6074/6074/6074
f 6081/6081/6081 6075/6075/6075 6070/6070/6070
f 6076/6076/6076 6081/6081/6081 6070/6070/6070
f 6082/6082/6082 6076/6076/6076 6071/6071/6071
f 6077/6077/6077 6082/6082/6082 6071/6071/6071
f 6083/6083/6083 6077/6077/6077 6072/6072/6072
f 6078/6078/6078 6083/6083/6083 6072/6072/6072
f 6084/6084/6084 6078/6078/6078 6073/6073/6073
f 6079/6079/6079 6084/6084/6084 6073/6073/6073
f 6085/6085/6085 6079/6079/6079 6080/6080/6080
f 6086/6086/6086 6085/6085/6085 6080/6080/6080
f 6087/6087/6087 6081/6081/6081 6076/6076/6076
f 6082/6082/6082 6087/6087/6087 6076/6076/6076
f 6088/6088/6088 6082/6082/6082 6077/6077/6077
f 6083/6083/6083 6088/6088/6088 6077/6077/6077
f 6089/6089/6089 6083/6083/6083 6078/6078/6078
f 6084/6084/6084 6089/6089/6089 6078/6078/6078
f 6090/6090/6090 6084/6084/6084 6079/6079/6079
f 6085/6085/6085 6090/6090/6090 6079/6079/6079
f 6091/6091/6091 6085/6085/6085 6086/6086/6086
f 6092/6092/6092 6091/6091/6091 6086/6086/6086
f 6093/6093/6093 6087/6087/6087 6082/6082/6082
f 6088/6088/6088 6093/6093/6093 6082/6082/6082
f 6094/6094/6094 6088/6088/6088 6083/6083/6083
f 6089/6089/6089 6094/6094/6094 6083/6083/6083
f 6095/6095/6095 6089/6089/6089 6084/6084/6084
f 6090/6090/6090 6095/6095/6095 6084/6084/6084
f 6096/6096/6096 6090/6090/6090 6085/6085/6085
f 6091/6091/6091 6096/6096/6096 6085/6085/6085
f 6097/6097/6097 6091/6091/6091 6092/6092/6092
f 6098/6098/6098 6097/6097/6097 6092/6092/6092
f 6099/6099/6099 6093/6093/6093 6088/6088/6088
f 6094/6094/6094 6099/6099/6099 6088/6088/6088
f 6100/6100/6100 6094/6094/6094 6089/6089/6089
f 6095/6095/6095 6100/6100/6100 6089/6089/6089
f 6101/6101/6101 6095/6095/6095 6090/6090/6090
f 6096/6096/6096 6101/6101/6101 6090/6090/6090
f 6102/6102/6102 6096/6096/6096 6091/6091/6091
f 6097/6097/6097 6102/6102/6102 6091/6091/6091
f 6103/6103/6103 6097/6097/6097 6098/6098/6098
f 6104/6104/6104 6103/6103/6103 6098/6098/6098
f 6105/6105/6105 6099/6099/6099 6094/6094/6094
f 6100/6100/6100 6105/6105/6105 6094/6094/6094
f 6106/6106/6106 6100/6100/6100 6095/6095/6095
f 6101/6101/6101 6106/6106/6106 6095/6095/6095
f 6107/6107/6107 6101/6101/6101 6096/6096/6096
f 6102/6102/6102 6107/6107/6107 6096/6096/6096
f 6108/6108/6108 6102/6102/6102 6097/6097/6097
f 6103/6103/6103 6108/6108/6108 6097/6097/6097
f 6109/6109/6109 6103/6103/6103 6104/6104/6104
f 6110/6110/6110 6109/6109/6109 6104/6104/6104
f 6111/6111/6111 6105/6105/6105 6100/6100/6100
f 6106/6106/6106 6111/6111/6111 6100/6100/6100
f 6112/6112/6112 6106/6106/6106 6101/6101/6101
f 6107/6107/6107 6112/6112/6112 6101/6101/6101
f 6113/6113/6113 6107/6107/6107 6102/6102/6102
f 6108/6108/6108 6113/6113/6113 6102/6102/6102
f 6114/6114/6114 6108/6108/6108 6103/6103/6103
f 6109/6109/6109 6114/6114/6114 6103/6103/6103
f 6115/6115/6115 6109/6109/6109 6110/6110/6110
f 6116/6116/6116 6115/6115/6115 6110/6110/6110
f 6117/6117/6117 6115/6115/6115 6116/6116/6116
f 6118/6118/6118 6117/6117/6117 6116/6116/6116
f 6117/6117/6117 6119/6119/6119 6115/6115/6115
f 6115/6115/6115 6120/6120/6120 6109/6109/6109
f 6119/6119/6119 6120/6120/6120 6115/6115/6115
f 6120/6120/6120 6114/6114/6114 6109/6109/6109
f 6119/6119/6119 6121/6121/6121 6120/6120/6120
f 6121/6121/6121 6122/6122/6122 6120/6120/6120
f 6120/6120/6120 6122/6122/6122 6114/6114/6114
f 6121/6121/6121 6123/6123/6123 6122/6122/6122
f 6114/6114/6114 6124/6124/6124 6108/6108/6108
f 6122/6122/6122 6124/6124/6124 6114/6114/6114
f 6124/6124/6124 6113/6113/6113 6108/6108/6108
f 6123/6123/6123 6125/6125/6125 6122/6122/6122
f 6122/6122/6122 6125/6125/6125 6124/6124/6124
f 6123/6123/6123 6126/6126/6126 6125/6125/6125
f 6124/6124/6124 6127/6127/6127 6113/6113/6113
f 6125/6125/6125 6127/6127/6127 6124/6124/6124
f 6126/6126/6126 6128/6128/6128 6125/6125/6125
f 6125/6125/6125 6128/6128/6128 6127/6127/6127
f 6126/6126/6126 6129/6129/6129 6128/6128/6128
f 6127/6127/6127 6130/6130/6130 6113/6113/6113
f 6113/6113/6113 6130/6130/6130 6107/6107/6107
f 6130/6130/6130 6112/6112/6112 6107/6107/6107
f 6128/6128/6128 6131/6131/6131 6127/6127/6127
f 6127/6127/6127 6131/6131/6131 6130/6130/6130
f 6129/6129/6129 6132/6132/6132 6128/6128/6128
f 6128/6128/6128 6132/6132/6132 6131/6131/6131
f 6129/6129/6129 6133/6133/6133 6132/6132/6132
f 6130/6130/6130 6134/6134/6134 6112/6112/6112
f 6131/6131/6131 6134/6134/6134 6130/6130/6130
f 6132/6132/6132 6135/6135/6135 6131/6131/6131
f 6131/6131/6131 6135/6135/6135 6134/6134/6134
f 6133/6133/6133 6136/6136/6136 6132/6132/6132
f 6132/6132/6132 6136/6136/6136 6135/6135/6135
f 6133/6133/6133 6137/6137/6137 6136/6136/6136
f 6134/6134/6134 6138/6138/6138 6112/6112/6112
f 6112/6112/6112 6138/6138/6138 6106/6106/6106
f 6138/6138/6138 6111/6111/6111 6106/6106/6106
f 6135/6135/6135 6139/6139/6139 6134/6134/6134
f 6134/6134/6134 6139/6139/6139 6138/6138/6138
f 6136/6136/6136 6140/6140/6140 6135/6135/6135
f 6135/6135/6135 6140/6140/6140 6139/6139/6139
f 6137/6137/6137 6141/6141/6141 6136/6136/6136
f 6136/6136/6136 6141/6141/6141 6140/6140/6140
f 6137/6137/6137 6142/6142/6142 6141/6141/6141
f 6138/6138/6138 6143/6143/6143 6111/6111/6111
f 6139/6139/6139 6143/6143/6143 6138/6138/6138
f 6140/6140/6140 6144/6144/6144 6139/6139/6139
f 6139/6139/6139 6144/6144/6144 6143/6143/6143
f 6142/6142/6142 6145/6145/6145 6141/6141/6141
f 6142/6142/6142 6146/6146/6146 6145/6145/6145
f 6141/6141/6141 6147/6147/6147 6140/6140/6140
f 6140/6140/6140 6147/6147/6147 6144/6144/6144
f 6141/6141/6141 6145/6145/6145 6147/6147/6147
f 6143/6143/6143 6148/6148/6148 6111/6111/6111
f 6111/6111/6111 6148/6148/6148 6105/6105/6105
f 6146/6146/6146 6149/6149/6149 6145/6145/6145
f 6146/6146/6146 6150/6150/6150 6149/6149/6149
f 6144/6144/6144 6151/6151/6151 6143/6143/6143
f 6143/6143/6143 6151/6151/6151 6148/6148/6148
f 6145/6145/6145 6152/6152/6152 6147/6147/6147
f 6145/6145/6145 6149/6149/6149 6152/6152/6152
f 6147/6147/6147 6153/6153/6153 6144/6144/6144
f 6144/6144/6144 6153/6153/6153 6151/6151/6151
f 6147/6147/6147 6152/6152/6152 6153/6153/6153
f 6148/6148/6148 6154/6154/6154 6105/6105/6105
f 6105/6105/6105 6154/6154/6154 6099/6099/6099
f 6150/6150/6150 6155/6155/6155 6149/6149/6149
f 6150/6150/6150 6156/6156/6156 6155/6155/6155
f 6151/6151/6151 6157/6157/6157 6148/6148/6148
f 6148/6148/6148 6157/6157/6157 6154/6154/6154
f 6153/6153/6153 6158/6158/6158 6151/6151/6151
f 6151/6151/6151 6158/6158/6158 6157/6157/6157
f 6149/6149/6149 6159/6159/6159 6152/6152/6152
f 6149/6149/6149 6155/6155/6155 6159/6159/6159
f 6152/6152/6152 6160/6160/6160 6153/6153/6153
f 6153/6153/6153 6160/6160/6160 6158/6158/6158
f 6152/6152/6152 6159/6159/6159 6160/6160/6160
f 6154/6154/6154 6161/6161/6161 6099/6099/6099
f 6099/6099/6099 6161/6161/6161 6093/6093/6093
f 6156/6156/6156 6162/6162/6162 6155/6155/6155
f 6156/6156/6156 6163/6163/6163 6162/6162/6162
f 6157/6157/6157 6164/6164/6164 6154/6154/6154
f 6154/6154/6154 6164/6164/6164 6161/6161/6161
f 6158/6158/6158 6165/6165/6165 6157/6157/6157
f 6157/6157/6157 6165/6165/6165 6164/6164/6164
f 6160/6160/6160 6166/6166/6166 6158/6158/6158
f 6158/6158/6158 6166/6166/6166 6165/6165/6165
f 6159/6159/6159 6167/6167/6167 6160/6160/6160
f 6160/6160/6160 6167/6167/6167 6166/6166/6166
f 6155/6155/6155 6168/6168/6168 6159/6159/6159
f 6155/6155/6155 6162/6162/6162 6168/6168/6168
f 6159/6159/6159 6168/6168/6168 6167/6167/6167
f 6163/6163/6163 6169/6169/6169 6162/6162/6162
f 6163/6163/6163 6170/6170/6170 6169/6169/6169
f 6162/6162/6162 6171/6171/6171 6168/6168/6168
f 6162/6162/6162 6169/6169/6169 6171/6171/6171
f 6168/6168/6168 6172/6172/6172 6167/6167/6167
f 6168/6168/6168 6171/6171/6171 6172/6172/6172
f 6167/6167/6167 6173/6173/6173 6166/6166/6166
f 6167/6167/6167 6172/6172/6172 6173/6173/6173
f 6166/6166/6166 6174/6174/6174 6165/6165/6165
f 6166/6166/6166 6173/6173/6173 6174/6174/6174
f 6170/6170/6170 6175/6175/6175 6169/6169/6169
f 6170/6170/6170 6176/6176/6176 6175/6175/6175
f 6169/6169/6169 6177/6177/6177 6171/6171/6171
f 6169/6169/6169 6175/6175/6175 6177/6177/6177
f 6171/6171/6171 6178/6178/6178 6172/6172/6172
f 6171/6171/6171 6177/6177/6177 6178/6178/6178
f 6172/6172/6172 6179/6179/6179 6173/6173/6173
f 6172/6172/6172 6178/6178/6178 6179/6179/6179
f 6176/6176/6176 6180/6180/6180 6175/6175/6175
f 6176/6176/6176 6181/6181/6181 6180/6180/6180
f 6175/6175/6175 6182/6182/6182 6177/6177/6177
f 6175/6175/6175 6180/6180/6180 6182/6182/6182
f 6177/6177/6177 6183/6183/6183 6178/6178/6178
f 6177/6177/6177 6182/6182/6182 6183/6183/6183
f 6173/6173/6173 6184/6184/6184 6174/6174/6174
f 6173/6173/6173 6179/6179/6179 6184/6184/6184
f 6178/6178/6178 6185/6185/6185 6179/6179/6179
f 6178/6178/6178 6183/6183/6183 6185/6185/6185
f 6179/6179/6179 6186/6186/6186 6184/6184/6184
f 6179/6179/6179 6185/6185/6185 6186/6186/6186
f 6180/6180/6180 6187/6187/6187 6182/6182/6182
f 6182/6182/6182 6188/6188/6188 6183/6183/6183
f 6182/6182/6182 6187/6187/6187 6188/6188/6188
f 6183/6183/6183 6189/6189/6189 6185/6185/6185
f 6183/6183/6183 6188/6188/6188 6189/6189/6189
f 6185/6185/6185 6190/6190/6190 6186/6186/6186
f 6185/6185/6185 6189/6189/6189 6190/6190/6190
f 6180/6180/6180 6191/6191/6191 6187/6187/6187
f 6181/6181/6181 6191/6191/6191 6180/6180/6180
f 6174/6174/6174 6184/6184/6184 6192/6192/6192
f 6184/6184/6184 6186/6186/6186 6193/6193/6193
f 6184/6184/6184 6193/6193/6193 6192/6192/6192
f 6186/6186/6186 6190/6190/6190 6194/6194/6194
f 6186/6186/6186 6194/6194/6194 6193/6193/6193
f 6174/6174/6174 6192/6192/6192 6195/6195/6195
f 6165/6165/6165 6174/6174/6174 6195/6195/6195
f 6165/6165/6165 6195/6195/6195 6164/6164/6164
f 6164/6164/6164 6195/6195/6195 6196/6196/6196
f 6164/6164/6164 6196/6196/6196 6161/6161/6161
f 6195/6195/6195 6192/6192/6192 6197/6197/6197
f 6195/6195/6195 6197/6197/6197 6196/6196/6196
f 6192/6192/6192 6193/6193/6193 6198/6198/6198
f 6192/6192/6192 6198/6198/6198 6197/6197/6197
f 6161/6161/6161 6196/6196/6196 6199/6199/6199
f 6161/6161/6161 6199/6199/6199 6093/6093/6093
f 6093/6093/6093 6199/6199/6199 6087/6087/6087
f 6196/6196/6196 6197/6197/6197 6200/6200/6200
f 6196/6196/6196 6200/6200/6200 6199/6199/6199
f 6199/6199/6199 6201/6201/6201 6087/6087/6087
f 6199/6199/6199 6200/6200/6200 6201/6201/6201
f 6087/6087/6087 6201/6201/6201 6081/6081/6081
f 6197/6197/6197 6202/6202/6202 6200/6200/6200
f 6197/6197/6197 6198/6198/6198 6202/6202/6202
f 6193/6193/6193 6203/6203/6203 6198/6198/6198
f 6193/6193/6193 6194/6194/6194 6203/6203/6203
f 6201/6201/6201 6204/6204/6204 6081/6081/6081
f 6081/6081/6081 6204/6204/6204 6075/6075/6075
f 6200/6200/6200 6205/6205/6205 6201/6201/6201
f 6200/6200/6200 6202/6202/6202 6205/6205/6205
f 6201/6201/6201 6205/6205/6205 6204/6204/6204
f 6198/6198/6198 6206/6206/6206 6202/6202/6202
f 6198/6198/6198 6203/6203/6203 6206/6206/6206
f 6204/6204/6204 6207/6207/6207 6075/6075/6075
f 6075/6075/6075 6207/6207/6207 6069/6069/6069
f 6205/6205/6205 6208/6208/6208 6204/6204/6204
f 6204/6204/6204 6208/6208/6208 6207/6207/6207
f 6202/6202/6202 6209/6209/6209 6205/6205/6205
f 6202/6202/6202 6206/6206/6206 6209/6209/6209
f 6205/6205/6205 6209/6209/6209 6208/6208/6208
f 6207/6207/6207 6210/6210/6210 6069/6069/6069
f 6069/6069/6069 6210/6210/6210 6063/6063/6063
f 6208/6208/6208 6211/6211/6211 6207/6207/6207
f 6207/6207/6207 6211/6211/6211 6210/6210/6210
f 6209/6209/6209 6212/6212/6212 6208/6208/6208
f 6208/6208/6208 6212/6212/6212 6211/6211/6211
f 6206/6206/6206 6213/6213/6213 6209/6209/6209
f 6209/6209/6209 6213/6213/6213 6212/6212/6212
f 6203/6203/6203 6214/6214/6214 6206/6206/6206
f 6206/6206/6206 6214/6214/6214 6213/6213/6213
f 6210/6210/6210 6215/6215/6215 6063/6063/6063
f 6063/6063/6063 6215/6215/6215 6048/6048/6048
f 6211/6211/6211 6216/6216/6216 6210/6210/6210
f 6210/6210/6210 6216/6216/6216 6215/6215/6215
f 6212/6212/6212 6217/6217/6217 6211/6211/6211
f 6211/6211/6211 6217/6217/6217 6216/6216/6216
f 6213/6213/6213 6218/6218/6218 6212/6212/6212
f 6212/6212/6212 6218/6218/6218 6217/6217/6217
f 6215/6215/6215 6219/6219/6219 6048/6048/6048
f 6048/6048/6048 6219/6219/6219 6032/6032/6032
f 6219/6219/6219 6030/6030/6030 6032/6032/6032
f 6216/6216/6216 6220/6220/6220 6215/6215/6215
f 6215/6215/6215 6220/6220/6220 6219/6219/6219
f 6219/6219/6219 6221/6221/6221 6030/6030/6030
f 6220/6220/6220 6221/6221/6221 6219/6219/6219
f 6221/6221/6221 6028/6028/6028 6030/6030/6030
f 6217/6217/6217 6222/6222/6222 6216/6216/6216
f 6216/6216/6216 6222/6222/6222 6220/6220/6220
f 6221/6221/6221 6223/6223/6223 6028/6028/6028
f 6223/6223/6223 6026/6026/6026 6028/6028/6028
f 6220/6220/6220 6224/6224/6224 6221/6221/6221
f 6222/6222/6222 6224/6224/6224 6220/6220/6220
f 6224/6224/6224 6223/6223/6223 6221/6221/6221
f 6217/6217/6217 6225/6225/6225 6222/6222/6222
f 6218/6218/6218 6225/6225/6225 6217/6217/6217
f 6223/6223/6223 6226/6226/6226 6026/6026/6026
f 6226/6226/6226 6024/6024/6024 6026/6026/6026
f 6222/6222/6222 6227/6227/6227 6224/6224/6224
f 6225/6225/6225 6227/6227/6227 6222/6222/6222
f 6224/6224/6224 6228/6228/6228 6223/6223/6223
f 6228/6228/6228 6226/6226/6226 6223/6223/6223
f 6227/6227/6227 6228/6228/6228 6224/6224/6224
f 6226/6226/6226 6229/6229/6229 6024/6024/6024
f 6229/6229/6229 6022/6022/6022 6024/6024/6024
f 6228/6228/6228 6230/6230/6230 6226/6226/6226
f 6230/6230/6230 6229/6229/6229 6226/6226/6226
f 6227/6227/6227 6231/6231/6231 6228/6228/6228
f 6231/6231/6231 6230/6230/6230 6228/6228/6228
f 6225/6225/6225 6232/6232/6232 6227/6227/6227
f 6232/6232/6232 6231/6231/6231 6227/6227/6227
f 6218/6218/6218 6233/6233/6233 6225/6225/6225
f 6233/6233/6233 6232/6232/6232 6225/6225/6225
f 6229/6229/6229 6234/6234/6234 6022/6022/6022
f 6234/6234/6234 6020/6020/6020 6022/6022/6022
f 6230/6230/6230 6235/6235/6235 6229/6229/6229
f 6235/6235/6235 6234/6234/6234 6229/6229/6229
f 6231/6231/6231 6236/6236/6236 6230/6230/6230
f 6236/6236/6236 6235/6235/6235 6230/6230/6230
f 6232/6232/6232 6237/6237/6237 6231/6231/6231
f 6237/6237/6237 6236/6236/6236 6231/6231/6231
f 6234/6234/6234 6238/6238/6238 6020/6020/6020
f 6238/6238/6238 6018/6018/6018 6020/6020/6020
f 6235/6235/6235 6239/6239/6239 6234/6234/6234
f 6239/6239/6239 6238/6238/6238 6234/6234/6234
f 6236/6236/6236 6240/6240/6240 6235/6235/6235
f 6240/6240/6240 6239/6239/6239 6235/6235/6235
f 6238/6238/6238 6241/6241/6241 6018/6018/6018
f 6241/6241/6241 6016/6016/6016 6018/6018/6018
f 6239/6239/6239 6242/6242/6242 6238/6238/6238
f 6242/6242/6242 6241/6241/6241 6238/6238/6238
f 6241/6241/6241 6243/6243/6243 6016/6016/6016
f 6243/6243/6243 6014/6014/6014 6016/6016/6016
f 6244/6244/6244 6237/6237/6237 6232/6232/6232
f 6233/6233/6233 6244/6244/6244 6232/6232/6232
f 6237/6237/6237 6245/6245/6245 6236/6236/6236
f 6245/6245/6245 6240/6240/6240 6236/6236/6236
f 6240/6240/6240 6246/6246/6246 6239/6239/6239
f 6246/6246/6246 6242/6242/6242 6239/6239/6239
f 6242/6242/6242 6247/6247/6247 6241/6241/6241
f 6247/6247/6247 6243/6243/6243 6241/6241/6241
f 6243/6243/6243 6248/6248/6248 6014/6014/6014
f 6248/6248/6248 6012/6012/6012 6014/6014/6014
f 6244/6244/6244 6249/6249/6249 6237/6237/6237
f 6249/6249/6249 6245/6245/6245 6237/6237/6237
f 6245/6245/6245 6250/6250/6250 6240/6240/6240
f 6250/6250/6250 6246/6246/6246 6240/6240/6240
f 6246/6246/6246 6251/6251/6251 6242/6242/6242
f 6251/6251/6251 6247/6247/6247 6242/6242/6242
f 6247/6247/6247 6252/6252/6252 6243/6243/6243
f 6252/6252/6252 6248/6248/6248 6243/6243/6243
f 6248/6248/6248 6253/6253/6253 6012/6012/6012
f 6253/6253/6253 6010/6010/6010 6012/6012/6012
f 6249/6249/6249 6254/6254/6254 6245/6245/6245
f 6254/6254/6254 6250/6250/6250 6245/6245/6245
f 6250/6250/6250 6255/6255/6255 6246/6246/6246
f 6255/6255/6255 6251/6251/6251 6246/6246/6246
f 6251/6251/6251 6256/6256/6256 6247/6247/6247
f 6256/6256/6256 6252/6252/6252 6247/6247/6247
f 6252/6252/6252 6257/6257/6257 6248/6248/6248
f 6257/6257/6257 6253/6253/6253 6248/6248/6248
f 6253/6253/6253 6258/6258/6258 6010/6010/6010
f 6258/6258/6258 6009/6009/6009 6010/6010/6010
f 6254/6254/6254 6259/6259/6259 6250/6250/6250
f 6259/6259/6259 6255/6255/6255 6250/6250/6250
f 6255/6255/6255 6260/6260/6260 6251/6251/6251
f 6260/6260/6260 6256/6256/6256 6251/6251/6251
f 6256/6256/6256 6261/6261/6261 6252/6252/6252
f 6261/6261/6261 6257/6257/6257 6252/6252/6252
f 6257/6257/6257 6262/6262/6262 6253/6253/6253
f 6262/6262/6262 6258/6258/6258 6253/6253/6253
f 6258/6258/6258 6263/6263/6263 6009/6009/6009
f 6263/6263/6263 6005/6005/6005 6009/6009/6009
f 6259/6259/6259 6264/6264/6264 6255/6255/6255
f 6264/6264/6264 6260/6260/6260 6255/6255/6255
f 6260/6260/6260 6265/6265/6265 6256/6256/6256
f 6265/6265/6265 6261/6261/6261 6256/6256/6256
f 6261/6261/6261 6266/6266/6266 6257/6257/6257
f 6266/6266/6266 6262/6262/6262 6257/6257/6257
f 6262/6262/6262 6267/6267/6267 6258/6258/6258
f 6267/6267/6267 6263/6263/6263 6258/6258/6258
f 6263/6263/6263 6268/6268/6268 6005/6005/6005
f 6268/6268/6268 6006/6006/6006 6005/6005/6005
f 6264/6264/6264 6269/6269/6269 6260/6260/6260
f 6269/6269/6269 6265/6265/6265 6260/6260/6260
f 6265/6265/6265 6270/6270/6270 6261/6261/6261
f 6270/6270/6270 6266/6266/6266 6261/6261/6261
f 6266/6266/6266 6271/6271/6271 6262/6262/6262
f 6271/6271/6271 6267/6267/6267 6262/6262/6262
f 6267/6267/6267 6272/6272/6272 6263/6263/6263
f 6272/6272/6272 6268/6268/6268 6263/6263/6263
f 6268/6268/6268 6273/6273/6273 6006/6006/6006
f 6273/6273/6273 6007/6007/6007 6006/6006/6006
f 6269/6269/6269 6274/6274/6274 6265/6265/6265
f 6274/6274/6274 6270/6270/6270 6265/6265/6265
f 6270/6270/6270 6275/6275/6275 6266/6266/6266
f 6275/6275/6275 6271/6271/6271 6266/6266/6266
f 6271/6271/6271 6276/6276/6276 6267/6267/6267
f 6276/6276/6276 6272/6272/6272 6267/6267/6267
f 6272/6272/6272 6277/6277/6277 6268/6268/6268
f 6277/6277/6277 6273/6273/6273 6268/6268/6268
f 6273/6273/6273 6278/6278/6278 6007/6007/6007
f 6278/6278/6278 6008/6008/6008 6007/6007/6007
f 6274/6274/6274 6279/6279/6279 6270/6270/6270
f 6279/6279/6279 6275/6275/6275 6270/6270/6270
f 6275/6275/6275 6280/6280/6280 6271/6271/6271
f 6280/6280/6280 6276/6276/6276 6271/6271/6271
f 6276/6276/6276 6281/6281/6281 6272/6272/6272
f 6281/6281/6281 6277/6277/6277 6272/6272/6272
f 6277/6277/6277 6282/6282/6282 6273/6273/6273
f 6282/6282/6282 6278/6278/6278 6273/6273/6273
f 6279/6279/6279 6283/6283/6283 6275/6275/6275
f 6283/6283/6283 6280/6280/6280 6275/6275/6275
f 6280/6280/6280 6284/6284/6284 6276/6276/6276
f 6284/6284/6284 6281/6281/6281 6276/6276/6276
f 6281/6281/6281 6285/6285/6285 6277/6277/6277
f 6285/6285/6285 6282/6282/6282 6277/6277/6277
f 6283/6283/6283 6286/6286/6286 6280/6280/6280
f 6286/6286/6286 6284/6284/6284 6280/6280/6280
f 6284/6284/6284 6287/6287/6287 6281/6281/6281
f 6287/6287/6287 6285/6285/6285 6281/6281/6281
f 6286/6286/6286 6288/6288/6288 6284/6284/6284
f 6288/6288/6288 6287/6287/6287 6284/6284/6284
f 6282/6282/6282 6289/6289/6289 6278/6278/6278
f 6285/6285/6285 6290/6290/6290 6282/6282/6282
f 6290/6290/6290 6289/6289/6289 6282/6282/6282
f 6287/6287/6287 6291/6291/6291 6285/6285/6285
f 6291/6291/6291 6290/6290/6290 6285/6285/6285
f 6288/6288/6288 6292/6292/6292 6287/6287/6287
f 6292/6292/6292 6291/6291/6291 6287/6287/6287
f 6289/6289/6289 6293/6293/6293 6278/6278/6278
f 6278/6278/6278 6293/6293/6293 6008/6008/6008
f 6293/6293/6293 6294/6294/6294 6008/6008/6008
f 6008/6008/6008 6294/6294/6294 6004/6004/6004
f 6294/6294/6294 6295/6295/6295 6004/6004/6004
f 6004/6004/6004 6295/6295/6295 6002/6002/6002
f 6295/6295/6295 6296/6296/6296 6002/6002/6002
f 6002/6002/6002 6296/6296/6296 5999/5999/5999
f 6296/6296/6296 6297/6297/6297 5999/5999/5999
f 5999/5999/5999 6297/6297/6297 5995/5995/5995
f 6297/6297/6297 6298/6298/6298 5995/5995/5995
f 5995/5995/5995 6298/6298/6298 5989/5989/5989
f 6298/6298/6298 6299/6299/6299 5989/5989/5989
f 5989/5989/5989 6299/6299/6299 5983/5983/5983
f 6299/6299/6299 6300/6300/6300 5983/5983/5983
f 5983/5983/5983 6300/6300/6300 5977/5977/5977
f 6300/6300/6300 6301/6301/6301 5977/5977/5977
f 5977/5977/5977 6301/6301/6301 5971/5971/5971
f 6301/6301/6301 6302/6302/6302 5971/5971/5971
f 5971/5971/5971 6302/6302/6302 5956/5956/5956
f 6302/6302/6302 6303/6303/6303 5956/5956/5956
f 5956/5956/5956 6303/6303/6303 5947/5947/5947
f 6303/6303/6303 5939/5939/5939 5947/5947/5947
f 6303/6303/6303 6304/6304/6304 5939/5939/5939
f 6304/6304/6304 5763/5763/5763 5939/5939/5939
f 6304/6304/6304 5727/5727/5727 5763/5763/5763
f 6302/6302/6302 6305/6305/6305 6303/6303/6303
f 6305/6305/6305 6304/6304/6304 6303/6303/6303
f 6306/6306/6306 5727/5727/5727 6304/6304/6304
f 6305/6305/6305 6306/6306/6306 6304/6304/6304
f 6306/6306/6306 5718/5718/5718 5727/5727/5727
f 6301/6301/6301 6307/6307/6307 6302/6302/6302
f 6307/6307/6307 6305/6305/6305 6302/6302/6302
f 6300/6300/6300 6308/6308/6308 6301/6301/6301
f 6308/6308/6308 6307/6307/6307 6301/6301/6301
f 6309/6309/6309 5718/5718/5718 6306/6306/6306
f 6309/6309/6309 5714/5714/5714 5718/5718/5718
f 6310/6310/6310 6306/6306/6306 6305/6305/6305
f 6307/6307/6307 6310/6310/6310 6305/6305/6305
f 6310/6310/6310 6309/6309/6309 6306/6306/6306
f 6311/6311/6311 5714/5714/5714 6309/6309/6309
f 6311/6311/6311 5708/5708/5708 5714/5714/5714
f 6312/6312/6312 6310/6310/6310 6307/6307/6307
f 6308/6308/6308 6312/6312/6312 6307/6307/6307
f 6313/6313/6313 6309/6309/6309 6310/6310/6310
f 6313/6313/6313 6311/6311/6311 6309/6309/6309
f 6312/6312/6312 6313/6313/6313 6310/6310/6310
f 6314/6314/6314 6308/6308/6308 6300/6300/6300
f 6299/6299/6299 6314/6314/6314 6300/6300/6300
f 6315/6315/6315 5708/5708/5708 6311/6311/6311
f 6315/6315/6315 5705/5705/5705 5708/5708/5708
f 6316/6316/6316 6311/6311/6311 6313/6313/6313
f 6316/6316/6316 6315/6315/6315 6311/6311/6311
f 6317/6317/6317 6313/6313/6313 6312/6312/6312
f 6317/6317/6317 6316/6316/6316 6313/6313/6313
f 6318/6318/6318 6312/6312/6312 6308/6308/6308
f 6314/6314/6314 6318/6318/6318 6308/6308/6308
f 6318/6318/6318 6317/6317/6317 6312/6312/6312
f 6319/6319/6319 6314/6314/6314 6299/6299/6299
f 6298/6298/6298 6319/6319/6319 6299/6299/6299
f 6320/6320/6320 5705/5705/5705 6315/6315/6315
f 6320/6320/6320 5704/5704/5704 5705/5705/5705
f 6321/6321/6321 6315/6315/6315 6316/6316/6316
f 6321/6321/6321 6320/6320/6320 6315/6315/6315
f 6322/6322/6322 6316/6316/6316 6317/6317/6317
f 6322/6322/6322 6321/6321/6321 6316/6316/6316
f 6323/6323/6323 6317/6317/6317 6318/6318/6318
f 6323/6323/6323 6322/6322/6322 6317/6317/6317
f 6324/6324/6324 6318/6318/6318 6314/6314/6314
f 6319/6319/6319 6324/6324/6324 6314/6314/6314
f 6324/6324/6324 6323/6323/6323 6318/6318/6318
f 6325/6325/6325 6319/6319/6319 6298/6298/6298
f 6297/6297/6297 6325/6325/6325 6298/6298/6298
f 6326/6326/6326 5704/5704/5704 6320/6320/6320
f 6326/6326/6326 5703/5703/5703 5704/5704/5704
f 6327/6327/6327 6320/6320/6320 6321/6321/6321
f 6327/6327/6327 6326/6326/6326 6320/6320/6320
f 6328/6328/6328 6321/6321/6321 6322/6322/6322
f 6328/6328/6328 6327/6327/6327 6321/6321/6321
f 6329/6329/6329 6322/6322/6322 6323/6323/6323
f 6329/6329/6329 6328/6328/6328 6322/6322/6322
f 6330/6330/6330 6323/6323/6323 6324/6324/6324
f 6330/6330/6330 6329/6329/6329 6323/6323/6323
f 6331/6331/6331 6324/6324/6324 6319/6319/6319
f 6325/6325/6325 6331/6331/6331 6319/6319/6319
f 6331/6331/6331 6330/6330/6330 6324/6324/6324
f 6332/6332/6332 6325/6325/6325 6297/6297/6297
f 6296/6296/6296 6332/6332/6332 6297/6297/6297
f 6333/6333/6333 6331/6331/6331 6325/6325/6325
f 6332/6332/6332 6333/6333/6333 6325/6325/6325
f 6334/6334/6334 6330/6330/6330 6331/6331/6331
f 6333/6333/6333 6334/6334/6334 6331/6331/6331
f 6335/6335/6335 6329/6329/6329 6330/6330/6330
f 6334/6334/6334 6335/6335/6335 6330/6330/6330
f 6336/6336/6336 6328/6328/6328 6329/6329/6329
f 6335/6335/6335 6336/6336/6336 6329/6329/6329
f 6337/6337/6337 6332/6332/6332 6296/6296/6296
f 6295/6295/6295 6337/6337/6337 6296/6296/6296
f 6338/6338/6338 6333/6333/6333 6332/6332/6332
f 6337/6337/6337 6338/6338/6338 6332/6332/6332
f 6339/6339/6339 6334/6334/6334 6333/6333/6333
f 6338/6338/6338 6339/6339/6339 6333/6333/6333
f 6340/6340/6340 6335/6335/6335 6334/6334/6334
f 6339/6339/6339 6340/6340/6340 6334/6334/6334
f 6341/6341/6341 6337/6337/6337 6295/6295/6295
f 6294/6294/6294 6341/6341/6341 6295/6295/6295
f 6342/6342/6342 6338/6338/6338 6337/6337/6337
f 6341/6341/6341 6342/6342/6342 6337/6337/6337
f 6343/6343/6343 6339/6339/6339 6338/6338/6338
f 6342/6342/6342 6343/6343/6343 6338/6338/6338
f 6344/6344/6344 6341/6341/6341 6294/6294/6294
f 6293/6293/6293 6344/6344/6344 6294/6294/6294
f 6345/6345/6345 6342/6342/6342 6341/6341/6341
f 6344/6344/6344 6345/6345/6345 6341/6341/6341
f 6346/6346/6346 6344/6344/6344 6293/6293/6293
f 6289/6289/6289 6346/6346/6346 6293/6293/6293
f 6340/6340/6340 6347/6347/6347 6335/6335/6335
f 6347/6347/6347 6336/6336/6336 6335/6335/6335
f 6348/6348/6348 6340/6340/6340 6339/6339/6339
f 6343/6343/6343 6348/6348/6348 6339/6339/6339
f 6349/6349/6349 6343/6343/6343 6342/6342/6342
f 6345/6345/6345 6349/6349/6349 6342/6342/6342
f 6350/6350/6350 6345/6345/6345 6344/6344/6344
f 6346/6346/6346 6350/6350/6350 6344/6344/6344
f 6351/6351/6351 6346/6346/6346 6289/6289/6289
f 6290/6290/6290 6351/6351/6351 6289/6289/6289
f 6352/6352/6352 6347/6347/6347 6340/6340/6340
f 6348/6348/6348 6352/6352/6352 6340/6340/6340
f 6353/6353/6353 6348/6348/6348 6343/6343/6343
f 6349/6349/6349 6353/6353/6353 6343/6343/6343
f 6354/6354/6354 6349/6349/6349 6345/6345/6345
f 6350/6350/6350 6354/6354/6354 6345/6345/6345
f 6355/6355/6355 6350/6350/6350 6346/6346/6346
f 6351/6351/6351 6355/6355/6355 6346/6346/6346
f 6356/6356/6356 6351/6351/6351 6290/6290/6290
f 6291/6291/6291 6356/6356/6356 6290/6290/6290
f 6357/6357/6357 6352/6352/6352 6348/6348/6348
f 6353/6353/6353 6357/6357/6357 6348/6348/6348
f 6358/6358/6358 6353/6353/6353 6349/6349/6349
f 6354/6354/6354 6358/6358/6358 6349/6349/6349
f 6359/6359/6359 6354/6354/6354 6350/6350/6350
f 6355/6355/6355 6359/6359/6359 6350/6350/6350
f 6360/6360/6360 6355/6355/6355 6351/6351/6351
f 6356/6356/6356 6360/6360/6360 6351/6351/6351
f 6361/6361/6361 6356/6356/6356 6291/6291/6291
f 6292/6292/6292 6361/6361/6361 6291/6291/6291
f 6362/6362/6362 6357/6357/6357 6353/6353/6353
f 6358/6358/6358 6362/6362/6362 6353/6353/6353
f 6363/6363/6363 6358/6358/6358 6354/6354/6354
f 6359/6359/6359 6363/6363/6363 6354/6354/6354
f 6364/6364/6364 6359/6359/6359 6355/6355/6355
f 6360/6360/6360 6364/6364/6364 6355/6355/6355
f 6365/6365/6365 6360/6360/6360 6356/6356/6356
f 6361/6361/6361 6365/6365/6365 6356/6356/6356
f 6366/6366/6366 6362/6362/6362 6358/6358/6358
f 6363/6363/6363 6366/6366/6366 6358/6358/6358
f 6367/6367/6367 6363/6363/6363 6359/6359/6359
f 6364/6364/6364 6367/6367/6367 6359/6359/6359
f 6368/6368/6368 6364/6364/6364 6360/6360/6360
f 6365/6365/6365 6368/6368/6368 6360/6360/6360
f 6369/6369/6369 6366/6366/6366 6363/6363/6363
f 6367/6367/6367 6369/6369/6369 6363/6363/6363
f 6370/6370/6370 6367/6367/6367 6364/6364/6364
f 6368/6368/6368 6370/6370/6370 6364/6364/6364
f 6371/6371/6371 6369/6369/6369 6367/6367/6367
f 6370/6370/6370 6371/6371/6371 6367/6367/6367
f 6372/6372/6372 6365/6365/6365 6361/6361/6361
f 6373/6373/6373 6368/6368/6368 6365/6365/6365
f 6372/6372/6372 6373/6373/6373 6365/6365/6365
f 6374/6374/6374 6370/6370/6370 6368/6368/6368
f 6373/6373/6373 6374/6374/6374 6368/6368/6368
f 6375/6375/6375 6371/6371/6371 6370/6370/6370
f 6374/6374/6374 6375/6375/6375 6370/6370/6370
f 6376/6376/6376 6372/6372/6372 6361/6361/6361
f 6376/6376/6376 6361/6361/6361 6292/6292/6292
f 6377/6377/6377 6376/6376/6376 6292/6292/6292
f 6377/6377/6377 6292/6292/6292 6288/6288/6288
f 6378/6378/6378 6377/6377/6377 6288/6288/6288
f 6378/6378/6378 6288/6288/6288 6286/6286/6286
f 6379/6379/6379 6378/6378/6378 6286/6286/6286
f 6379/6379/6379 6286/6286/6286 6283/6283/6283
f 6380/6380/6380 6379/6379/6379 6283/6283/6283
f 6380/6380/6380 6283/6283/6283 6279/6279/6279
f 6381/6381/6381 6380/6380/6380 6279/6279/6279
f 6381/6381/6381 6279/6279/6279 6274/6274/6274
f 6382/6382/6382 6381/6381/6381 6274/6274/6274
f 6382/6382/6382 6274/6274/6274 6269/6269/6269
f 6383/6383/6383 6382/6382/6382 6269/6269/6269
f 6383/6383/6383 6269/6269/6269 6264/6264/6264
f 6384/6384/6384 6383/6383/6383 6264/6264/6264
f 6384/6384/6384 6264/6264/6264 6259/6259/6259
f 6385/6385/6385 6384/6384/6384 6259/6259/6259
f 6385/6385/6385 6259/6259/6259 6254/6254/6254
f 6386/6386/6386 6385/6385/6385 6254/6254/6254
f 6386/6386/6386 6254/6254/6254 6249/6249/6249
f 6387/6387/6387 6386/6386/6386 6249/6249/6249
f 6387/6387/6387 6249/6249/6249 6244/6244/6244
f 6388/6388/6388 6387/6387/6387 6244/6244/6244
f 6388/6388/6388 6244/6244/6244 6233/6233/6233
f 6389/6389/6389 6388/6388/6388 6233/6233/6233
f 6389/6389/6389 6233/6233/6233 6218/6218/6218
f 6213/6213/6213 6389/6389/6389 6218/6218/6218
f 6214/6214/6214 6389/6389/6389 6213/6213/6213
f 6390/6390/6390 6388/6388/6388 6389/6389/6389
f 6214/6214/6214 6390/6390/6390 6389/6389/6389
f 6391/6391/6391 6387/6387/6387 6388/6388/6388
f 6390/6390/6390 6391/6391/6391 6388/6388/6388
f 6392/6392/6392 6386/6386/6386 6387/6387/6387
f 6391/6391/6391 6392/6392/6392 6387/6387/6387
f 6393/6393/6393 6385/6385/6385 6386/6386/6386
f 6392/6392/6392 6393/6393/6393 6386/6386/6386
f 6394/6394/6394 6390/6390/6390 6214/6214/6214
f 6203/6203/6203 6394/6394/6394 6214/6214/6214
f 6194/6194/6194 6394/6394/6394 6203/6203/6203
f 6395/6395/6395 6391/6391/6391 6390/6390/6390
f 6394/6394/6394 6395/6395/6395 6390/6390/6390
f 6194/6194/6194 6396/6396/6396 6394/6394/6394
f 6396/6396/6396 6395/6395/6395 6394/6394/6394
f 6190/6190/6190 6396/6396/6396 6194/6194/6194
f 6397/6397/6397 6392/6392/6392 6391/6391/6391
f 6395/6395/6395 6397/6397/6397 6391/6391/6391
f 6396/6396/6396 6398/6398/6398 6395/6395/6395
f 6398/6398/6398 6397/6397/6397 6395/6395/6395
f 6190/6190/6190 6399/6399/6399 6396/6396/6396
f 6399/6399/6399 6398/6398/6398 6396/6396/6396
f 6189/6189/6189 6399/6399/6399 6190/6190/6190
f 6397/6397/6397 6400/6400/6400 6392/6392/6392
f 6400/6400/6400 6393/6393/6393 6392/6392/6392
f 6398/6398/6398 6401/6401/6401 6397/6397/6397
f 6401/6401/6401 6400/6400/6400 6397/6397/6397
f 6399/6399/6399 6402/6402/6402 6398/6398/6398
f 6402/6402/6402 6401/6401/6401 6398/6398/6398
f 6189/6189/6189 6403/6403/6403 6399/6399/6399
f 6403/6403/6403 6402/6402/6402 6399/6399/6399
f 6188/6188/6188 6403/6403/6403 6189/6189/6189
f 6188/6188/6188 6404/6404/6404 6403/6403/6403
f 6187/6187/6187 6404/6404/6404 6188/6188/6188
f 6403/6403/6403 6405/6405/6405 6402/6402/6402
f 6404/6404/6404 6405/6405/6405 6403/6403/6403
f 6402/6402/6402 6406/6406/6406 6401/6401/6401
f 6405/6405/6405 6406/6406/6406 6402/6402/6402
f 6401/6401/6401 6407/6407/6407 6400/6400/6400
f 6406/6406/6406 6407/6407/6407 6401/6401/6401
f 6400/6400/6400 6408/6408/6408 6393/6393/6393
f 6407/6407/6407 6408/6408/6408 6400/6400/6400
f 6187/6187/6187 6409/6409/6409 6404/6404/6404
f 6191/6191/6191 6409/6409/6409 6187/6187/6187
f 6404/6404/6404 6410/6410/6410 6405/6405/6405
f 6409/6409/6409 6410/6410/6410 6404/6404/6404
f 6405/6405/6405 6411/6411/6411 6406/6406/6406
f 6410/6410/6410 6411/6411/6411 6405/6405/6405
f 6406/6406/6406 6412/6412/6412 6407/6407/6407
f 6411/6411/6411 6412/6412/6412 6406/6406/6406
f 6408/6408/6408 6413/6413/6413 6393/6393/6393
f 6393/6393/6393 6413/6413/6413 6385/6385/6385
f 6413/6413/6413 6384/6384/6384 6385/6385/6385
f 6407/6407/6407 6414/6414/6414 6408/6408/6408
f 6412/6412/6412 6414/6414/6414 6407/6407/6407
f 6413/6413/6413 6415/6415/6415 6384/6384/6384
f 6415/6415/6415 6383/6383/6383 6384/6384/6384
f 6408/6408/6408 6416/6416/6416 6413/6413/6413
f 6414/6414/6414 6416/6416/6416 6408/6408/6408
f 6416/6416/6416 6415/6415/6415 6413/6413/6413
f 6415/6415/6415 6417/6417/6417 6383/6383/6383
f 6417/6417/6417 6382/6382/6382 6383/6383/6383
f 6416/6416/6416 6418/6418/6418 6415/6415/6415
f 6418/6418/6418 6417/6417/6417 6415/6415/6415
f 6414/6414/6414 6419/6419/6419 6416/6416/6416
f 6419/6419/6419 6418/6418/6418 6416/6416/6416
f 6412/6412/6412 6420/6420/6420 6414/6414/6414
f 6420/6420/6420 6419/6419/6419 6414/6414/6414
f 6417/6417/6417 6421/6421/6421 6382/6382/6382
f 6421/6421/6421 6381/6381/6381 6382/6382/6382
f 6418/6418/6418 6422/6422/6422 6417/6417/6417
f 6422/6422/6422 6421/6421/6421 6417/6417/6417
f 6419/6419/6419 6423/6423/6423 6418/6418/6418
f 6423/6423/6423 6422/6422/6422 6418/6418/6418
f 6421/6421/6421 6424/6424/6424 6381/6381/6381
f 6424/6424/6424 6380/6380/6380 6381/6381/6381
f 6422/6422/6422 6425/6425/6425 6421/6421/6421
f 6425/6425/6425 6424/6424/6424 6421/6421/6421
f 6424/6424/6424 6426/6426/6426 6380/6380/6380
f 6426/6426/6426 6379/6379/6379 6380/6380/6380
f 6427/6427/6427 6420/6420/6420 6412/6412/6412
f 6411/6411/6411 6427/6427/6427 6412/6412/6412
f 6420/6420/6420 6428/6428/6428 6419/6419/6419
f 6428/6428/6428 6423/6423/6423 6419/6419/6419
f 6423/6423/6423 6429/6429/6429 6422/6422/6422
f 6429/6429/6429 6425/6425/6425 6422/6422/6422
f 6425/6425/6425 6430/6430/6430 6424/6424/6424
f 6430/6430/6430 6426/6426/6426 6424/6424/6424
f 6426/6426/6426 6431/6431/6431 6379/6379/6379
f 6431/6431/6431 6378/6378/6378 6379/6379/6379
f 6427/6427/6427 6432/6432/6432 6420/6420/6420
f 6432/6432/6432 6428/6428/6428 6420/6420/6420
f 6433/6433/6433 6427/6427/6427 6411/6411/6411
f 6410/6410/6410 6433/6433/6433 6411/6411/6411
f 6429/6429/6429 6434/6434/6434 6425/6425/6425
f 6434/6434/6434 6430/6430/6430 6425/6425/6425
f 6430/6430/6430 6435/6435/6435 6426/6426/6426
f 6435/6435/6435 6431/6431/6431 6426/6426/6426
f 6431/6431/6431 6436/6436/6436 6378/6378/6378
f 6436/6436/6436 6377/6377/6377 6378/6378/6378
f 6437/6437/6437 6432/6432/6432 6427/6427/6427
f 6433/6433/6433 6437/6437/6437 6427/6427/6427
f 6438/6438/6438 6433/6433/6433 6410/6410/6410
f 6409/6409/6409 6438/6438/6438 6410/6410/6410
f 6434/6434/6434 6439/6439/6439 6430/6430/6430
f 6439/6439/6439 6435/6435/6435 6430/6430/6430
f 6435/6435/6435 6440/6440/6440 6431/6431/6431
f 6440/6440/6440 6436/6436/6436 6431/6431/6431
f 6436/6436/6436 6441/6441/6441 6377/6377/6377
f 6441/6441/6441 6376/6376/6376 6377/6377/6377
f 6442/6442/6442 6437/6437/6437 6433/6433/6433
f 6438/6438/6438 6442/6442/6442 6433/6433/6433
f 6443/6443/6443 6438/6438/6438 6409/6409/6409
f 6191/6191/6191 6443/6443/6443 6409/6409/6409
f 6439/6439/6439 6444/6444/6444 6435/6435/6435
f 6444/6444/6444 6440/6440/6440 6435/6435/6435
f 6440/6440/6440 6445/6445/6445 6436/6436/6436
f 6445/6445/6445 6441/6441/6441 6436/6436/6436
f 6441/6441/6441 6446/6446/6446 6376/6376/6376
f 6446/6446/6446 6372/6372/6372 6376/6376/6376
f 6447/6447/6447 6442/6442/6442 6438/6438/6438
f 6443/6443/6443 6447/6447/6447 6438/6438/6438
f 6448/6448/6448 6443/6443/6443 6191/6191/6191
f 6181/6181/6181 6448/6448/6448 6191/6191/6191
f 6444/6444/6444 6449/6449/6449 6440/6440/6440
f 6449/6449/6449 6445/6445/6445 6440/6440/6440
f 6445/6445/6445 6450/6450/6450 6441/6441/6441
f 6450/6450/6450 6446/6446/6446 6441/6441/6441
f 6446/6446/6446 6451/6451/6451 6372/6372/6372
f 6451/6451/6451 6373/6373/6373 6372/6372/6372
f 6452/6452/6452 6447/6447/6447 6443/6443/6443
f 6448/6448/6448 6452/6452/6452 6443/6443/6443
f 6453/6453/6453 6448/6448/6448 6181/6181/6181
f 6454/6454/6454 6453/6453/6453 6181/6181/6181
f 6449/6449/6449 6455/6455/6455 6445/6445/6445
f 6455/6455/6455 6450/6450/6450 6445/6445/6445
f 6450/6450/6450 6456/6456/6456 6446/6446/6446
f 6456/6456/6456 6451/6451/6451 6446/6446/6446
f 6451/6451/6451 6457/6457/6457 6373/6373/6373
f 6457/6457/6457 6374/6374/6374 6373/6373/6373
f 6458/6458/6458 6452/6452/6452 6448/6448/6448
f 6453/6453/6453 6458/6458/6458 6448/6448/6448
f 6459/6459/6459 6453/6453/6453 6454/6454/6454
f 6460/6460/6460 6459/6459/6459 6454/6454/6454
f 6455/6455/6455 6461/6461/6461 6450/6450/6450
f 6461/6461/6461 6456/6456/6456 6450/6450/6450
f 6456/6456/6456 6462/6462/6462 6451/6451/6451
f 6462/6462/6462 6457/6457/6457 6451/6451/6451
f 6457/6457/6457 6463/6463/6463 6374/6374/6374
f 6463/6463/6463 6375/6375/6375 6374/6374/6374
f 6464/6464/6464 6458/6458/6458 6453/6453/6453
f 6459/6459/6459 6464/6464/6464 6453/6453/6453
f 6465/6465/6465 6459/6459/6459 6460/6460/6460
f 6466/6466/6466 6465/6465/6465 6460/6460/6460
f 6461/6461/6461 6467/6467/6467 6456/6456/6456
f 6467/6467/6467 6462/6462/6462 6456/6456/6456
f 6462/6462/6462 6468/6468/6468 6457/6457/6457
f 6468/6468/6468 6463/6463/6463 6457/6457/6457
f 6469/6469/6469 6464/6464/6464 6459/6459/6459
f 6465/6465/6465 6469/6469/6469 6459/6459/6459
f 6470/6470/6470 6465/6465/6465 6466/6466/6466
f 6471/6471/6471 6470/6470/6470 6466/6466/6466
f 6467/6467/6467 6472/6472/6472 6462/6462/6462
f 6472/6472/6472 6468/6468/6468 6462/6462/6462
f 6473/6473/6473 6469/6469/6469 6465/6465/6465
f 6470/6470/6470 6473/6473/6473 6465/6465/6465
f 6474/6474/6474 6470/6470/6470 6471/6471/6471
f 6475/6475/6475 6474/6474/6474 6471/6471/6471
f 6476/6476/6476 6473/6473/6473 6470/6470/6470
f 6474/6474/6474 6476/6476/6476 6470/6470/6470
f 6477/6477/6477 6474/6474/6474 6475/6475/6475
f 6478/6478/6478 6477/6477/6477 6475/6475/6475
f 6479/6479/6479 6476/6476/6476 6474/6474/6474
f 6477/6477/6477 6479/6479/6479 6474/6474/6474
f 6480/6480/6480 6477/6477/6477 6478/6478/6478
f 6481/6481/6481 6480/6480/6480 6478/6478/6478
f 6482/6482/6482 6479/6479/6479 6477/6477/6477
f 6480/6480/6480 6482/6482/6482 6477/6477/6477
f 6483/6483/6483 6480/6480/6480 6481/6481/6481
f 6484/6484/6484 6483/6483/6483 6481/6481/6481
f 6485/6485/6485 6482/6482/6482 6480/6480/6480
f 6483/6483/6483 6485/6485/6485 6480/6480/6480
f 6486/6486/6486 6483/6483/6483 6484/6484/6484
f 6487/6487/6487 6486/6486/6486 6484/6484/6484
f 6488/6488/6488 6485/6485/6485 6483/6483/6483
f 6486/6486/6486 6488/6488/6488 6483/6483/6483
f 6489/6489/6489 6486/6486/6486 6487/6487/6487
f 6490/6490/6490 6489/6489/6489 6487/6487/6487
f 6491/6491/6491 6488/6488/6488 6486/6486/6486
f 6489/6489/6489 6491/6491/6491 6486/6486/6486
f 6492/6492/6492 6489/6489/6489 6490/6490/6490
f 6493/6493/6493 6492/6492/6492 6490/6490/6490
f 6494/6494/6494 6491/6491/6491 6489/6489/6489
f 6492/6492/6492 6494/6494/6494 6489/6489/6489
f 6495/6495/6495 6492/6492/6492 6493/6493/6493
f 6496/6496/6496 6495/6495/6495 6493/6493/6493
f 6497/6497/6497 6494/6494/6494 6492/6492/6492
f 6495/6495/6495 6497/6497/6497 6492/6492/6492
f 6498/6498/6498 6495/6495/6495 6496/6496/6496
f 6499/6499/6499 6498/6498/6498 6496/6496/6496
f 6500/6500/6500 6497/6497/6497 6495/6495/6495
f 6498/6498/6498 6500/6500/6500 6495/6495/6495
f 6501/6501/6501 6498/6498/6498 6499/6499/6499
f 6502/6502/6502 6501/6501/6501 6499/6499/6499
f 6503/6503/6503 6500/6500/6500 6498/6498/6498
f 6501/6501/6501 6503/6503/6503 6498/6498/6498
f 6504/6504/6504 6501/6501/6501 6502/6502/6502
f 6505/6505/6505 6504/6504/6504 6502/6502/6502
f 6506/6506/6506 6504/6504/6504 6505/6505/6505
f 6507/6507/6507 6506/6506/6506 6505/6505/6505
f 6506/6506/6506 6508/6508/6508 6504/6504/6504
f 6504/6504/6504 6509/6509/6509 6501/6501/6501
f 6508/6508/6508 6509/6509/6509 6504/6504/6504
f 6509/6509/6509 6503/6503/6503 6501/6501/6501
f 6508/6508/6508 6510/6510/6510 6509/6509/6509
f 6510/6510/6510 6511/6511/6511 6509/6509/6509
f 6509/6509/6509 6511/6511/6511 6503/6503/6503
f 6510/6510/6510 6512/6512/6512 6511/6511/6511
f 6503/6503/6503 6513/6513/6513 6500/6500/6500
f 6511/6511/6511 6513/6513/6513 6503/6503/6503
f 6512/6512/6512 6514/6514/6514 6511/6511/6511
f 6511/6511/6511 6514/6514/6514 6513/6513/6513
f 6512/6512/6512 6515/6515/6515 6514/6514/6514
f 6513/6513/6513 6516/6516/6516 6500/6500/6500
f 6500/6500/6500 6516/6516/6516 6497/6497/6497
f 6514/6514/6514 6517/6517/6517 6513/6513/6513
f 6513/6513/6513 6517/6517/6517 6516/6516/6516
f 6515/6515/6515 6518/6518/6518 6514/6514/6514
f 6514/6514/6514 6518/6518/6518 6517/6517/6517
f 6515/6515/6515 6519/6519/6519 6518/6518/6518
f 6516/6516/6516 6520/6520/6520 6497/6497/6497
f 6497/6497/6497 6520/6520/6520 6494/6494/6494
f 6517/6517/6517 6521/6521/6521 6516/6516/6516
f 6516/6516/6516 6521/6521/6521 6520/6520/6520
f 6518/6518/6518 6522/6522/6522 6517/6517/6517
f 6517/6517/6517 6522/6522/6522 6521/6521/6521
f 6519/6519/6519 6523/6523/6523 6518/6518/6518
f 6518/6518/6518 6523/6523/6523 6522/6522/6522
f 6519/6519/6519 6524/6524/6524 6523/6523/6523
f 6520/6520/6520 6525/6525/6525 6494/6494/6494
f 6494/6494/6494 6525/6525/6525 6491/6491/6491
f 6521/6521/6521 6526/6526/6526 6520/6520/6520
f 6520/6520/6520 6526/6526/6526 6525/6525/6525
f 6522/6522/6522 6527/6527/6527 6521/6521/6521
f 6521/6521/6521 6527/6527/6527 6526/6526/6526
f 6523/6523/6523 6528/6528/6528 6522/6522/6522
f 6522/6522/6522 6528/6528/6528 6527/6527/6527
f 6524/6524/6524 6529/6529/6529 6523/6523/6523
f 6523/6523/6523 6529/6529/6529 6528/6528/6528
f 6524/6524/6524 6530/6530/6530 6529/6529/6529
f 6525/6525/6525 6531/6531/6531 6491/6491/6491
f 6491/6491/6491 6531/6531/6531 6488/6488/6488
f 6526/6526/6526 6532/6532/6532 6525/6525/6525
f 6525/6525/6525 6532/6532/6532 6531/6531/6531
f 6527/6527/6527 6533/6533/6533 6526/6526/6526
f 6526/6526/6526 6533/6533/6533 6532/6532/6532
f 6528/6528/6528 6534/6534/6534 6527/6527/6527
f 6527/6527/6527 6534/6534/6534 6533/6533/6533
f 6529/6529/6529 6535/6535/6535 6528/6528/6528
f 6528/6528/6528 6535/6535/6535 6534/6534/6534
f 6530/6530/6530 6536/6536/6536 6529/6529/6529
f 6529/6529/6529 6536/6536/6536 6535/6535/6535
f 6531/6531/6531 6537/6537/6537 6488/6488/6488
f 6488/6488/6488 6537/6537/6537 6485/6485/6485
f 6532/6532/6532 6538/6538/6538 6531/6531/6531
f 6531/6531/6531 6538/6538/6538 6537/6537/6537
f 6533/6533/6533 6539/6539/6539 6532/6532/6532
f 6532/6532/6532 6539/6539/6539 6538/6538/6538
f 6534/6534/6534 6540/6540/6540 6533/6533/6533
f 6533/6533/6533 6540/6540/6540 6539/6539/6539
f 6536/6536/6536 6530/6530/6530 6541/6541/6541
f 6530/6530/6530 6542/6542/6542 6541/6541/6541
f 6536/6536/6536 6541/6541/6541 6543/6543/6543
f 6544/6544/6544 6536/6536/6536 6543/6543/6543
f 6544/6544/6544 6543/6543/6543 6545/6545/6545
f 6536/6536/6536 6544/6544/6544 6535/6535/6535
f 6535/6535/6535 6546/6546/6546 6534/6534/6534
f 6535/6535/6535 6544/6544/6544 6546/6546/6546
f 6534/6534/6534 6546/6546/6546 6540/6540/6540
f 6547/6547/6547 6544/6544/6544 6545/6545/6545
f 6544/6544/6544 6547/6547/6547 6546/6546/6546
f 6547/6547/6547 6545/6545/6545 6548/6548/6548
f 6546/6546/6546 6549/6549/6549 6540/6540/6540
f 6546/6546/6546 6547/6547/6547 6549/6549/6549
f 6540/6540/6540 6550/6550/6550 6539/6539/6539
f 6540/6540/6540 6549/6549/6549 6550/6550/6550
f 6551/6551/6551 6547/6547/6547 6548/6548/6548
f 6547/6547/6547 6551/6551/6551 6549/6549/6549
f 6551/6551/6551 6548/6548/6548 6552/6552/6552
f 6548/6548/6548 6553/6553/6553 6552/6552/6552
f 6549/6549/6549 6551/6551/6551 6554/6554/6554
f 6549/6549/6549 6554/6554/6554 6550/6550/6550
f 6551/6551/6551 6552/6552/6552 6554/6554/6554
f 6539/6539/6539 6550/6550/6550 6555/6555/6555
f 6539/6539/6539 6555/6555/6555 6538/6538/6538
f 6550/6550/6550 6554/6554/6554 6556/6556/6556
f 6550/6550/6550 6556/6556/6556 6555/6555/6555
f 6538/6538/6538 6555/6555/6555 6557/6557/6557
f 6538/6538/6538 6557/6557/6557 6537/6537/6537
f 6552/6552/6552 6553/6553/6553 6558/6558/6558
f 6553/6553/6553 6559/6559/6559 6558/6558/6558
f 6559/6559/6559 6560/6560/6560 6558/6558/6558
f 6554/6554/6554 6552/6552/6552 6561/6561/6561
f 6554/6554/6554 6561/6561/6561 6556/6556/6556
f 6555/6555/6555 6556/6556/6556 6562/6562/6562
f 6555/6555/6555 6562/6562/6562 6557/6557/6557
f 6537/6537/6537 6557/6557/6557 6563/6563/6563
f 6537/6537/6537 6563/6563/6563 6485/6485/6485
f 6485/6485/6485 6563/6563/6563 6482/6482/6482
f 6557/6557/6557 6564/6564/6564 6563/6563/6563
f 6557/6557/6557 6562/6562/6562 6564/6564/6564
f 6563/6563/6563 6565/6565/6565 6482/6482/6482
f 6563/6563/6563 6564/6564/6564 6565/6565/6565
f 6482/6482/6482 6565/6565/6565 6479/6479/6479
f 6556/6556/6556 6566/6566/6566 6562/6562/6562
f 6556/6556/6556 6561/6561/6561 6566/6566/6566
f 6552/6552/6552 6567/6567/6567 6561/6561/6561
f 6558/6558/6558 6567/6567/6567 6552/6552/6552
f 6562/6562/6562 6568/6568/6568 6564/6564/6564
f 6562/6562/6562 6566/6566/6566 6568/6568/6568
f 6565/6565/6565 6569/6569/6569 6479/6479/6479
f 6479/6479/6479 6569/6569/6569 6476/6476/6476
f 6564/6564/6564 6570/6570/6570 6565/6565/6565
f 6564/6564/6564 6568/6568/6568 6570/6570/6570
f 6565/6565/6565 6570/6570/6570 6569/6569/6569
f 6561/6561/6561 6571/6571/6571 6566/6566/6566
f 6561/6561/6561 6567/6567/6567 6571/6571/6571
f 6567/6567/6567 6558/6558/6558 6572/6572/6572
f 6567/6567/6567 6572/6572/6572 6571/6571/6571
f 6569/6569/6569 6573/6573/6573 6476/6476/6476
f 6476/6476/6476 6573/6573/6573 6473/6473/6473
f 6566/6566/6566 6574/6574/6574 6568/6568/6568
f 6566/6566/6566 6571/6571/6571 6574/6574/6574
f 6570/6570/6570 6575/6575/6575 6569/6569/6569
f 6569/6569/6569 6575/6575/6575 6573/6573/6573
f 6568/6568/6568 6576/6576/6576 6570/6570/6570
f 6568/6568/6568 6574/6574/6574 6576/6576/6576
f 6570/6570/6570 6576/6576/6576 6575/6575/6575
f 6573/6573/6573 6577/6577/6577 6473/6473/6473
f 6473/6473/6473 6577/6577/6577 6469/6469/6469
f 6571/6571/6571 6578/6578/6578 6574/6574/6574
f 6571/6571/6571 6572/6572/6572 6578/6578/6578
f 6575/6575/6575 6579/6579/6579 6573/6573/6573
f 6573/6573/6573 6579/6579/6579 6577/6577/6577
f 6576/6576/6576 6580/6580/6580 6575/6575/6575
f 6575/6575/6575 6580/6580/6580 6579/6579/6579
f 6574/6574/6574 6581/6581/6581 6576/6576/6576
f 6574/6574/6574 6578/6578/6578 6581/6581/6581
f 6576/6576/6576 6581/6581/6581 6580/6580/6580
f 6577/6577/6577 6582/6582/6582 6469/6469/6469
f 6469/6469/6469 6582/6582/6582 6464/6464/6464
f 6579/6579/6579 6583/6583/6583 6577/6577/6577
f 6577/6577/6577 6583/6583/6583 6582/6582/6582
f 6580/6580/6580 6584/6584/6584 6579/6579/6579
f 6579/6579/6579 6584/6584/6584 6583/6583/6583
f 6581/6581/6581 6585/6585/6585 6580/6580/6580
f 6580/6580/6580 6585/6585/6585 6584/6584/6584
f 6578/6578/6578 6586/6586/6586 6581/6581/6581
f 6581/6581/6581 6586/6586/6586 6585/6585/6585
f 6582/6582/6582 6587/6587/6587 6464/6464/6464
f 6464/6464/6464 6587/6587/6587 6458/6458/6458
f 6583/6583/6583 6588/6588/6588 6582/6582/6582
f 6582/6582/6582 6588/6588/6588 6587/6587/6587
f 6584/6584/6584 6589/6589/6589 6583/6583/6583
f 6583/6583/6583 6589/6589/6589 6588/6588/6588
f 6585/6585/6585 6590/6590/6590 6584/6584/6584
f 6584/6584/6584 6590/6590/6590 6589/6589/6589
f 6587/6587/6587 6591/6591/6591 6458/6458/6458
f 6458/6458/6458 6591/6591/6591 6452/6452/6452
f 6588/6588/6588 6592/6592/6592 6587/6587/6587
f 6587/6587/6587 6592/6592/6592 6591/6591/6591
f 6589/6589/6589 6593/6593/6593 6588/6588/6588
f 6588/6588/6588 6593/6593/6593 6592/6592/6592
f 6591/6591/6591 6594/6594/6594 6452/6452/6452
f 6452/6452/6452 6594/6594/6594 6447/6447/6447
f 6592/6592/6592 6595/6595/6595 6591/6591/6591
f 6591/6591/6591 6595/6595/6595 6594/6594/6594
f 6594/6594/6594 6596/6596/6596 6447/6447/6447
f 6447/6447/6447 6596/6596/6596 6442/6442/6442
f 6585/6585/6585 6597/6597/6597 6590/6590/6590
f 6586/6586/6586 6597/6597/6597 6585/6585/6585
f 6590/6590/6590 6598/6598/6598 6589/6589/6589
f 6589/6589/6589 6598/6598/6598 6593/6593/6593
f 6593/6593/6593 6599/6599/6599 6592/6592/6592
f 6592/6592/6592 6599/6599/6599 6595/6595/6595
f 6595/6595/6595 6600/6600/6600 6594/6594/6594
f 6594/6594/6594 6600/6600/6600 6596/6596/6596
f 6596/6596/6596 6601/6601/6601 6442/6442/6442
f 6442/6442/6442 6601/6601/6601 6437/6437/6437
f 6597/6597/6597 6602/6602/6602 6590/6590/6590
f 6590/6590/6590 6602/6602/6602 6598/6598/6598
f 6598/6598/6598 6603/6603/6603 6593/6593/6593
f 6593/6593/6593 6603/6603/6603 6599/6599/6599
f 6599/6599/6599 6604/6604/6604 6595/6595/6595
f 6595/6595/6595 6604/6604/6604 6600/6600/6600
f 6600/6600/6600 6605/6605/6605 6596/6596/6596
f 6596/6596/6596 6605/6605/6605 6601/6601/6601
f 6601/6601/6601 6606/6606/6606 6437/6437/6437
f 6437/6437/6437 6606/6606/6606 6432/6432/6432
f 6602/6602/6602 6607/6607/6607 6598/6598/6598
f 6598/6598/6598 6607/6607/6607 6603/6603/6603
f 6603/6603/6603 6608/6608/6608 6599/6599/6599
f 6599/6599/6599 6608/6608/6608 6604/6604/6604
f 6604/6604/6604 6609/6609/6609 6600/6600/6600
f 6600/6600/6600 6609/6609/6609 6605/6605/6605
f 6605/6605/6605 6610/6610/6610 6601/6601/6601
f 6601/6601/6601 6610/6610/6610 6606/6606/6606
f 6606/6606/6606 6611/6611/6611 6432/6432/6432
f 6432/6432/6432 6611/6611/6611 6428/6428/6428
f 6607/6607/6607 6612/6612/6612 6603/6603/6603
f 6603/6603/6603 6612/6612/6612 6608/6608/6608
f 6608/6608/6608 6613/6613/6613 6604/6604/6604
f 6604/6604/6604 6613/6613/6613 6609/6609/6609
f 6609/6609/6609 6614/6614/6614 6605/6605/6605
f 6605/6605/6605 6614/6614/6614 6610/6610/6610
f 6610/6610/6610 6615/6615/6615 6606/6606/6606
f 6606/6606/6606 6615/6615/6615 6611/6611/6611
f 6611/6611/6611 6616/6616/6616 6428/6428/6428
f 6428/6428/6428 6616/6616/6616 6423/6423/6423
f 6616/6616/6616 6429/6429/6429 6423/6423/6423
f 6611/6611/6611 6617/6617/6617 6616/6616/6616
f 6615/6615/6615 6617/6617/6617 6611/6611/6611
f 6616/6616/6616 6618/6618/6618 6429/6429/6429
f 6617/6617/6617 6618/6618/6618 6616/6616/6616
f 6618/6618/6618 6434/6434/6434 6429/6429/6429
f 6610/6610/6610 6619/6619/6619 6615/6615/6615
f 6614/6614/6614 6619/6619/6619 6610/6610/6610
f 6609/6609/6609 6620/6620/6620 6614/6614/6614
f 6613/6613/6613 6620/6620/6620 6609/6609/6609
f 6615/6615/6615 6621/6621/6621 6617/6617/6617
f 6619/6619/6619 6621/6621/6621 6615/6615/6615
f 6618/6618/6618 6622/6622/6622 6434/6434/6434
f 6622/6622/6622 6439/6439/6439 6434/6434/6434
f 6617/6617/6617 6623/6623/6623 6618/6618/6618
f 6621/6621/6621 6623/6623/6623 6617/6617/6617
f 6623/6623/6623 6622/6622/6622 6618/6618/6618
f 6614/6614/6614 6624/6624/6624 6619/6619/6619
f 6620/6620/6620 6624/6624/6624 6614/6614/6614
f 6622/6622/6622 6625/6625/6625 6439/6439/6439
f 6625/6625/6625 6444/6444/6444 6439/6439/6439
f 6619/6619/6619 6626/6626/6626 6621/6621/6621
f 6624/6624/6624 6626/6626/6626 6619/6619/6619
f 6623/6623/6623 6627/6627/6627 6622/6622/6622
f 6627/6627/6627 6625/6625/6625 6622/6622/6622
f 6621/6621/6621 6628/6628/6628 6623/6623/6623
f 6626/6626/6626 6628/6628/6628 6621/6621/6621
f 6628/6628/6628 6627/6627/6627 6623/6623/6623
f 6625/6625/6625 6629/6629/6629 6444/6444/6444
f 6629/6629/6629 6449/6449/6449 6444/6444/6444
f 6627/6627/6627 6630/6630/6630 6625/6625/6625
f 6630/6630/6630 6629/6629/6629 6625/6625/6625
f 6628/6628/6628 6631/6631/6631 6627/6627/6627
f 6631/6631/6631 6630/6630/6630 6627/6627/6627
f 6626/6626/6626 6632/6632/6632 6628/6628/6628
f 6632/6632/6632 6631/6631/6631 6628/6628/6628
f 6624/6624/6624 6633/6633/6633 6626/6626/6626
f 6633/6633/6633 6632/6632/6632 6626/6626/6626
f 6629/6629/6629 6634/6634/6634 6449/6449/6449
f 6634/6634/6634 6455/6455/6455 6449/6449/6449
f 6630/6630/6630 6635/6635/6635 6629/6629/6629
f 6635/6635/6635 6634/6634/6634 6629/6629/6629
f 6631/6631/6631 6636/6636/6636 6630/6630/6630
f 6636/6636/6636 6635/6635/6635 6630/6630/6630
f 6632/6632/6632 6637/6637/6637 6631/6631/6631
f 6637/6637/6637 6636/6636/6636 6631/6631/6631
f 6634/6634/6634 6638/6638/6638 6455/6455/6455
f 6638/6638/6638 6461/6461/6461 6455/6455/6455
f 6635/6635/6635 6639/6639/6639 6634/6634/6634
f 6639/6639/6639 6638/6638/6638 6634/6634/6634
f 6636/6636/6636 6640/6640/6640 6635/6635/6635
f 6640/6640/6640 6639/6639/6639 6635/6635/6635
f 6638/6638/6638 6641/6641/6641 6461/6461/6461
f 6641/6641/6641 6467/6467/6467 6461/6461/6461
f 6639/6639/6639 6642/6642/6642 6638/6638/6638
f 6642/6642/6642 6641/6641/6641 6638/6638/6638
f 6641/6641/6641 6643/6643/6643 6467/6467/6467
f 6643/6643/6643 6472/6472/6472 6467/6467/6467
f 6644/6644/6644 6637/6637/6637 6632/6632/6632
f 6633/6633/6633 6644/6644/6644 6632/6632/6632
f 6637/6637/6637 6645/6645/6645 6636/6636/6636
f 6645/6645/6645 6640/6640/6640 6636/6636/6636
f 6640/6640/6640 6646/6646/6646 6639/6639/6639
f 6646/6646/6646 6642/6642/6642 6639/6639/6639
f 6642/6642/6642 6647/6647/6647 6641/6641/6641
f 6647/6647/6647 6643/6643/6643 6641/6641/6641
f 6644/6644/6644 6648/6648/6648 6637/6637/6637
f 6648/6648/6648 6645/6645/6645 6637/6637/6637
f 6645/6645/6645 6649/6649/6649 6640/6640/6640
f 6649/6649/6649 6646/6646/6646 6640/6640/6640
f 6646/6646/6646 6650/6650/6650 6642/6642/6642
f 6650/6650/6650 6647/6647/6647 6642/6642/6642
f 6648/6648/6648 6651/6651/6651 6645/6645/6645
f 6651/6651/6651 6649/6649/6649 6645/6645/6645
f 6649/6649/6649 6652/6652/6652 6646/6646/6646
f 6652/6652/6652 6650/6650/6650 6646/6646/6646
f 6651/6651/6651 6653/6653/6653 6649/6649/6649
f 6653/6653/6653 6652/6652/6652 6649/6649/6649
f 6647/6647/6647 6654/6654/6654 6643/6643/6643
f 6650/6650/6650 6655/6655/6655 6647/6647/6647
f 6655/6655/6655 6654/6654/6654 6647/6647/6647
f 6652/6652/6652 6656/6656/6656 6650/6650/6650
f 6656/6656/6656 6655/6655/6655 6650/6650/6650
f 6653/6653/6653 6657/6657/6657 6652/6652/6652
f 6657/6657/6657 6656/6656/6656 6652/6652/6652
f 6654/6654/6654 6658/6658/6658 6643/6643/6643
f 6643/6643/6643 6658/6658/6658 6472/6472/6472
f 6658/6658/6658 6659/6659/6659 6472/6472/6472
f 6472/6472/6472 6659/6659/6659 6468/6468/6468
f 6659/6659/6659 6660/6660/6660 6468/6468/6468
f 6468/6468/6468 6660/6660/6660 6463/6463/6463
f 6660/6660/6660 6661/6661/6661 6463/6463/6463
f 6463/6463/6463 6661/6661/6661 6375/6375/6375
f 6661/6661/6661 6662/6662/6662 6375/6375/6375
f 6375/6375/6375 6662/6662/6662 6371/6371/6371
f 6662/6662/6662 6663/6663/6663 6371/6371/6371
f 6371/6371/6371 6663/6663/6663 6369/6369/6369
f 6663/6663/6663 6664/6664/6664 6369/6369/6369
f 6369/6369/6369 6664/6664/6664 6366/6366/6366
f 6664/6664/6664 6665/6665/6665 6366/6366/6366
f 6366/6366/6366 6665/6665/6665 6362/6362/6362
f 6665/6665/6665 6666/6666/6666 6362/6362/6362
f 6362/6362/6362 6666/6666/6666 6357/6357/6357
f 6666/6666/6666 6667/6667/6667 6357/6357/6357
f 6357/6357/6357 6667/6667/6667 6352/6352/6352
f 6667/6667/6667 6668/6668/6668 6352/6352/6352
f 6352/6352/6352 6668/6668/6668 6347/6347/6347
f 6668/6668/6668 6669/6669/6669 6347/6347/6347
f 6347/6347/6347 6669/6669/6669 6336/6336/6336
f 6669/6669/6669 6670/6670/6670 6336/6336/6336
f 6336/6336/6336 6670/6670/6670 6328/6328/6328
f 6670/6670/6670 6327/6327/6327 6328/6328/6328
f 6670/6670/6670 6671/6671/6671 6327/6327/6327
f 6671/6671/6671 6326/6326/6326 6327/6327/6327
f 6669/6669/6669 6672/6672/6672 6670/6670/6670
f 6672/6672/6672 6671/6671/6671 6670/6670/6670
f 6668/6668/6668 6673/6673/6673 6669/6669/6669
f 6673/6673/6673 6672/6672/6672 6669/6669/6669
f 6667/6667/6667 6674/6674/6674 6668/6668/6668
f 6674/6674/6674 6673/6673/6673 6668/6668/6668
f 6666/6666/6666 6675/6675/6675 6667/6667/6667
f 6675/6675/6675 6674/6674/6674 6667/6667/6667
f 6671/6671/6671 6676/6676/6676 6326/6326/6326
f 6676/6676/6676 5703/5703/5703 6326/6326/6326
f 6676/6676/6676 5693/5693/5693 5703/5703/5703
f 6672/6672/6672 6677/6677/6677 6671/6671/6671
f 6677/6677/6677 6676/6676/6676 6671/6671/6671
f 6678/6678/6678 5693/5693/5693 6676/6676/6676
f 6677/6677/6677 6678/6678/6678 6676/6676/6676
f 6678/6678/6678 5694/5694/5694 5693/5693/5693
f 6673/6673/6673 6679/6679/6679 6672/6672/6672
f 6679/6679/6679 6677/6677/6677 6672/6672/6672
f 6674/6674/6674 6680/6680/6680 6673/6673/6673
f 6680/6680/6680 6679/6679/6679 6673/6673/6673
f 6681/6681/6681 6678/6678/6678 6677/6677/6677
f 6679/6679/6679 6681/6681/6681 6677/6677/6677
f 6682/6682/6682 5694/5694/5694 6678/6678/6678
f 6681/6681/6681 6682/6682/6682 6678/6678/6678
f 6683/6683/6683 6681/6681/6681 6679/6679/6679
f 6680/6680/6680 6683/6683/6683 6679/6679/6679
f 6684/6684/6684 6680/6680/6680 6674/6674/6674
f 6675/6675/6675 6684/6684/6684 6674/6674/6674
f 6682/6682/6682 6685/6685/6685 5694/5694/5694
f 6685/6685/6685 6686/6686/6686 5694/5694/5694
f 6687/6687/6687 6682/6682/6682 6681/6681/6681
f 6683/6683/6683 6687/6687/6687 6681/6681/6681
f 6688/6688/6688 6683/6683/6683 6680/6680/6680
f 6684/6684/6684 6688/6688/6688 6680/6680/6680
f 6685/6685/6685 6689/6689/6689 6686/6686/6686
f 6689/6689/6689 6690/6690/6690 6686/6686/6686
f 6691/6691/6691 6685/6685/6685 6682/6682/6682
f 6687/6687/6687 6691/6691/6691 6682/6682/6682
f 6692/6692/6692 6691/6691/6691 6687/6687/6687
f 6693/6693/6693 6687/6687/6687 6683/6683/6683
f 6688/6688/6688 6693/6693/6693 6683/6683/6683
f 6693/6693/6693 6692/6692/6692 6687/6687/6687
f 6685/6685/6685 6691/6691/6691 6694/6694/6694
f 6694/6694/6694 6689/6689/6689 6685/6685/6685
f 6691/6691/6691 6692/6692/6692 6694/6694/6694
f 6694/6694/6694 6695/6695/6695 6689/6689/6689
f 6689/6689/6689 6695/6695/6695 6696/6696/6696
f 6690/6690/6690 6689/6689/6689 6696/6696/6696
f 6696/6696/6696 6697/6697/6697 6690/6690/6690
f 6696/6696/6696 6698/6698/6698 6697/6697/6697
f 6697/6697/6697 6698/6698/6698 6699/6699/6699
f 6692/6692/6692 6700/6700/6700 6694/6694/6694
f 6692/6692/6692 6701/6701/6701 6700/6700/6700
f 6701/6701/6701 6702/6702/6702 6700/6700/6700
f 6703/6703/6703 6701/6701/6701 6692/6692/6692
f 6704/6704/6704 6703/6703/6703 6692/6692/6692
f 6704/6704/6704 6692/6692/6692 6693/6693/6693
f 6693/6693/6693 6705/6705/6705 6704/6704/6704
f 6705/6705/6705 6693/6693/6693 6688/6688/6688
f 6706/6706/6706 6704/6704/6704 6705/6705/6705
f 6707/6707/6707 6705/6705/6705 6688/6688/6688
f 6707/6707/6707 6688/6688/6688 6684/6684/6684
f 6705/6705/6705 6708/6708/6708 6706/6706/6706
f 6708/6708/6708 6705/6705/6705 6707/6707/6707
f 6709/6709/6709 6707/6707/6707 6684/6684/6684
f 6709/6709/6709 6684/6684/6684 6675/6675/6675
f 6708/6708/6708 6710/6710/6710 6706/6706/6706
f 6710/6710/6710 6711/6711/6711 6706/6706/6706
f 6712/6712/6712 6710/6710/6710 6708/6708/6708
f 6713/6713/6713 6712/6712/6712 6708/6708/6708
f 6714/6714/6714 6708/6708/6708 6707/6707/6707
f 6714/6714/6714 6707/6707/6707 6709/6709/6709
f 6713/6713/6713 6708/6708/6708 6714/6714/6714
f 6715/6715/6715 6709/6709/6709 6675/6675/6675
f 6715/6715/6715 6675/6675/6675 6666/6666/6666
f 6665/6665/6665 6715/6715/6715 6666/6666/6666
f 6716/6716/6716 6714/6714/6714 6709/6709/6709
f 6716/6716/6716 6709/6709/6709 6715/6715/6715
f 6717/6717/6717 6715/6715/6715 6665/6665/6665
f 6717/6717/6717 6716/6716/6716 6715/6715/6715
f 6664/6664/6664 6717/6717/6717 6665/6665/6665
f 6714/6714/6714 6718/6718/6718 6713/6713/6713
f 6718/6718/6718 6714/6714/6714 6716/6716/6716
f 6719/6719/6719 6717/6717/6717 6664/6664/6664
f 6663/6663/6663 6719/6719/6719 6664/6664/6664
f 6720/6720/6720 6716/6716/6716 6717/6717/6717
f 6720/6720/6720 6718/6718/6718 6716/6716/6716
f 6719/6719/6719 6720/6720/6720 6717/6717/6717
f 6721/6721/6721 6713/6713/6713 6718/6718/6718
f 6721/6721/6721 6722/6722/6722 6713/6713/6713
f 6723/6723/6723 6719/6719/6719 6663/6663/6663
f 6662/6662/6662 6723/6723/6723 6663/6663/6663
f 6724/6724/6724 6720/6720/6720 6719/6719/6719
f 6723/6723/6723 6724/6724/6724 6719/6719/6719
f 6725/6725/6725 6718/6718/6718 6720/6720/6720
f 6718/6718/6718 6725/6725/6725 6721/6721/6721
f 6724/6724/6724 6725/6725/6725 6720/6720/6720
f 6725/6725/6725 6726/6726/6726 6721/6721/6721
f 6726/6726/6726 6725/6725/6725 6724/6724/6724
f 6726/6726/6726 6727/6727/6727 6721/6721/6721
f 6728/6728/6728 6727/6727/6727 6726/6726/6726
f 6729/6729/6729 6728/6728/6728 6726/6726/6726
f 6730/6730/6730 6723/6723/6723 6662/6662/6662
f 6661/6661/6661 6730/6730/6730 6662/6662/6662
f 6731/6731/6731 6724/6724/6724 6723/6723/6723
f 6731/6731/6731 6726/6726/6726 6724/6724/6724
f 6730/6730/6730 6731/6731/6731 6723/6723/6723
f 6726/6726/6726 6732/6732/6732 6729/6729/6729
f 6732/6732/6732 6726/6726/6726 6731/6731/6731
f 6733/6733/6733 6730/6730/6730 6661/6661/6661
f 6660/6660/6660 6733/6733/6733 6661/6661/6661
f 6734/6734/6734 6731/6731/6731 6730/6730/6730
f 6734/6734/6734 6732/6732/6732 6731/6731/6731
f 6733/6733/6733 6734/6734/6734 6730/6730/6730
f 6732/6732/6732 6735/6735/6735 6729/6729/6729
f 6735/6735/6735 6732/6732/6732 6734/6734/6734
f 6735/6735/6735 6736/6736/6736 6729/6729/6729
f 6737/6737/6737 6733/6733/6733 6660/6660/6660
f 6659/6659/6659 6737/6737/6737 6660/6660/6660
f 6738/6738/6738 6734/6734/6734 6733/6733/6733
f 6738/6738/6738 6735/6735/6735 6734/6734/6734
f 6737/6737/6737 6738/6738/6738 6733/6733/6733
f 6736/6736/6736 6735/6735/6735 6739/6739/6739
f 6739/6739/6739 6735/6735/6735 6738/6738/6738
f 6740/6740/6740 6737/6737/6737 6659/6659/6659
f 6658/6658/6658 6740/6740/6740 6659/6659/6659
f 6741/6741/6741 6738/6738/6738 6737/6737/6737
f 6741/6741/6741 6739/6739/6739 6738/6738/6738
f 6740/6740/6740 6741/6741/6741 6737/6737/6737
f 6742/6742/6742 6740/6740/6740 6658/6658/6658
f 6654/6654/6654 6742/6742/6742 6658/6658/6658
f 6743/6743/6743 6741/6741/6741 6740/6740/6740
f 6742/6742/6742 6743/6743/6743 6740/6740/6740
f 6744/6744/6744 6742/6742/6742 6654/6654/6654
f 6655/6655/6655 6744/6744/6744 6654/6654/6654
f 6739/6739/6739 6745/6745/6745 6736/6736/6736
f 6745/6745/6745 6746/6746/6746 6736/6736/6736
f 6747/6747/6747 6746/6746/6746 6745/6745/6745
f 6745/6745/6745 6748/6748/6748 6747/6747/6747
f 6748/6748/6748 6745/6745/6745 6739/6739/6739
f 6748/6748/6748 6749/6749/6749 6747/6747/6747
f 6750/6750/6750 6739/6739/6739 6741/6741/6741
f 6750/6750/6750 6748/6748/6748 6739/6739/6739
f 6743/6743/6743 6750/6750/6750 6741/6741/6741
f 6751/6751/6751 6743/6743/6743 6742/6742/6742
f 6744/6744/6744 6751/6751/6751 6742/6742/6742
f 6752/6752/6752 6744/6744/6744 6655/6655/6655
f 6656/6656/6656 6752/6752/6752 6655/6655/6655
f 6749/6749/6749 6748/6748/6748 6753/6753/6753
f 6753/6753/6753 6748/6748/6748 6750/6750/6750
f 6754/6754/6754 6750/6750/6750 6743/6743/6743
f 6751/6751/6751 6754/6754/6754 6743/6743/6743
f 6754/6754/6754 6753/6753/6753 6750/6750/6750
f 6755/6755/6755 6751/6751/6751 6744/6744/6744
f 6752/6752/6752 6755/6755/6755 6744/6744/6744
f 6756/6756/6756 6752/6752/6752 6656/6656/6656
f 6657/6657/6657 6756/6756/6756 6656/6656/6656
f 6757/6757/6757 6754/6754/6754 6751/6751/6751
f 6755/6755/6755 6757/6757/6757 6751/6751/6751
f 6758/6758/6758 6755/6755/6755 6752/6752/6752
f 6756/6756/6756 6758/6758/6758 6752/6752/6752
f 6753/6753/6753 6759/6759/6759 6749/6749/6749
f 6759/6759/6759 6760/6760/6760 6749/6749/6749
f 6761/6761/6761 6760/6760/6760 6759/6759/6759
f 6759/6759/6759 6762/6762/6762 6761/6761/6761
f 6762/6762/6762 6759/6759/6759 6753/6753/6753
f 6762/6762/6762 6763/6763/6763 6761/6761/6761
f 6764/6764/6764 6753/6753/6753 6754/6754/6754
f 6764/6764/6764 6762/6762/6762 6753/6753/6753
f 6757/6757/6757 6764/6764/6764 6754/6754/6754
f 6765/6765/6765 6757/6757/6757 6755/6755/6755
f 6758/6758/6758 6765/6765/6765 6755/6755/6755
f 6763/6763/6763 6762/6762/6762 6766/6766/6766
f 6766/6766/6766 6762/6762/6762 6764/6764/6764
f 6767/6767/6767 6764/6764/6764 6757/6757/6757
f 6765/6765/6765 6767/6767/6767 6757/6757/6757
f 6767/6767/6767 6766/6766/6766 6764/6764/6764
f 6766/6766/6766 6768/6768/6768 6763/6763/6763
f 6768/6768/6768 6769/6769/6769 6763/6763/6763
f 6770/6770/6770 6769/6769/6769 6768/6768/6768
f 6771/6771/6771 6768/6768/6768 6766/6766/6766
f 6770/6770/6770 6768/6768/6768 6771/6771/6771
f 6772/6772/6772 6771/6771/6771 6766/6766/6766
f 6772/6772/6772 6766/6766/6766 6767/6767/6767
f 6771/6771/6771 6773/6773/6773 6770/6770/6770
f 6773/6773/6773 6774/6774/6774 6770/6770/6770
f 6775/6775/6775 6774/6774/6774 6773/6773/6773
f 6776/6776/6776 6772/6772/6772 6767/6767/6767
f 6776/6776/6776 6767/6767/6767 6765/6765/6765
f 6777/6777/6777 6776/6776/6776 6765/6765/6765
f 6777/6777/6777 6765/6765/6765 6758/6758/6758
f 6778/6778/6778 6776/6776/6776 6777/6777/6777
f 6779/6779/6779 6777/6777/6777 6758/6758/6758
f 6779/6779/6779 6758/6758/6758 6756/6756/6756
f 6780/6780/6780 6778/6778/6778 6777/6777/6777
f 6780/6780/6780 6777/6777/6777 6779/6779/6779
f 6781/6781/6781 6778/6778/6778 6780/6780/6780
f 6782/6782/6782 6779/6779/6779 6756/6756/6756
f 6782/6782/6782 6756/6756/6756 6657/6657/6657
f 6783/6783/6783 6780/6780/6780 6779/6779/6779
f 6783/6783/6783 6779/6779/6779 6782/6782/6782
f 6784/6784/6784 6781/6781/6781 6780/6780/6780
f 6784/6784/6784 6780/6780/6780 6783/6783/6783
f 6785/6785/6785 6781/6781/6781 6784/6784/6784
f 6786/6786/6786 6782/6782/6782 6657/6657/6657
f 6786/6786/6786 6657/6657/6657 6653/6653/6653
f 6787/6787/6787 6783/6783/6783 6782/6782/6782
f 6787/6787/6787 6782/6782/6782 6786/6786/6786
f 6788/6788/6788 6784/6784/6784 6783/6783/6783
f 6788/6788/6788 6783/6783/6783 6787/6787/6787
f 6789/6789/6789 6785/6785/6785 6784/6784/6784
f 6789/6789/6789 6784/6784/6784 6788/6788/6788
f 6790/6790/6790 6786/6786/6786 6653/6653/6653
f 6790/6790/6790 6653/6653/6653 6651/6651/6651
f 6791/6791/6791 6787/6787/6787 6786/6786/6786
f 6791/6791/6791 6786/6786/6786 6790/6790/6790
f 6792/6792/6792 6788/6788/6788 6787/6787/6787
f 6792/6792/6792 6787/6787/6787 6791/6791/6791
f 6793/6793/6793 6790/6790/6790 6651/6651/6651
f 6793/6793/6793 6651/6651/6651 6648/6648/6648
f 6794/6794/6794 6791/6791/6791 6790/6790/6790
f 6794/6794/6794 6790/6790/6790 6793/6793/6793
f 6795/6795/6795 6793/6793/6793 6648/6648/6648
f 6795/6795/6795 6648/6648/6648 6644/6644/6644
f 6785/6785/6785 6789/6789/6789 6796/6796/6796
f 6797/6797/6797 6796/6796/6796 6789/6789/6789
f 6796/6796/6796 6798/6798/6798 6785/6785/6785
f 6797/6797/6797 6799/6799/6799 6796/6796/6796
f 6800/6800/6800 6799/6799/6799 6797/6797/6797
f 6801/6801/6801 6800/6800/6800 6797/6797/6797
f 6801/6801/6801 6802/6802/6802 6800/6800/6800
f 6803/6803/6803 6802/6802/6802 6801/6801/6801
f 6804/6804/6804 6803/6803/6803 6801/6801/6801
f 6805/6805/6805 6794/6794/6794 6793/6793/6793
f 6805/6805/6805 6793/6793/6793 6795/6795/6795
f 6789/6789/6789 6806/6806/6806 6797/6797/6797
f 6806/6806/6806 6789/6789/6789 6788/6788/6788
f 6806/6806/6806 6788/6788/6788 6792/6792/6792
f 6797/6797/6797 6806/6806/6806 6807/6807/6807
f 6807/6807/6807 6806/6806/6806 6792/6792/6792
f 6797/6797/6797 6808/6808/6808 6801/6801/6801
f 6808/6808/6808 6797/6797/6797 6807/6807/6807
f 6807/6807/6807 6792/6792/6792 6809/6809/6809
f 6809/6809/6809 6792/6792/6792 6791/6791/6791
f 6809/6809/6809 6791/6791/6791 6794/6794/6794
f 6808/6808/6808 6807/6807/6807 6810/6810/6810
f 6810/6810/6810 6807/6807/6807 6809/6809/6809
f 6811/6811/6811 6809/6809/6809 6794/6794/6794
f 6811/6811/6811 6794/6794/6794 6805/6805/6805
f 6810/6810/6810 6809/6809/6809 6811/6811/6811
f 6801/6801/6801 6808/6808/6808 6812/6812/6812
f 6812/6812/6812 6808/6808/6808 6810/6810/6810
f 6813/6813/6813 6810/6810/6810 6811/6811/6811
f 6812/6812/6812 6810/6810/6810 6813/6813/6813
f 6814/6814/6814 6811/6811/6811 6805/6805/6805
f 6813/6813/6813 6811/6811/6811 6814/6814/6814
f 6815/6815/6815 6801/6801/6801 6812/6812/6812
f 6815/6815/6815 6804/6804/6804 6801/6801/6801
f 6816/6816/6816 6804/6804/6804 6815/6815/6815
f 6816/6816/6816 6817/6817/6817 6804/6804/6804
f 6818/6818/6818 6817/6817/6817 6816/6816/6816
f 6819/6819/6819 6818/6818/6818 6816/6816/6816
f 6820/6820/6820 6812/6812/6812 6813/6813/6813
f 6815/6815/6815 6812/6812/6812 6820/6820/6820
f 6814/6814/6814 6805/6805/6805 6821/6821/6821
f 6821/6821/6821 6805/6805/6805 6795/6795/6795
f 6822/6822/6822 6813/6813/6813 6814/6814/6814
f 6820/6820/6820 6813/6813/6813 6822/6822/6822
f 6823/6823/6823 6815/6815/6815 6820/6820/6820
f 6815/6815/6815 6823/6823/6823 6816/6816/6816
f 6823/6823/6823 6820/6820/6820 6824/6824/6824
f 6824/6824/6824 6820/6820/6820 6822/6822/6822
f 6822/6822/6822 6814/6814/6814 6825/6825/6825
f 6825/6825/6825 6814/6814/6814 6821/6821/6821
f 6821/6821/6821 6795/6795/6795 6826/6826/6826
f 6826/6826/6826 6795/6795/6795 6644/6644/6644
f 6826/6826/6826 6644/6644/6644 6633/6633/6633
f 6827/6827/6827 6821/6821/6821 6826/6826/6826
f 6825/6825/6825 6821/6821/6821 6827/6827/6827
f 6828/6828/6828 6826/6826/6826 6633/6633/6633
f 6827/6827/6827 6826/6826/6826 6828/6828/6828
f 6828/6828/6828 6633/6633/6633 6624/6624/6624
f 6620/6620/6620 6828/6828/6828 6624/6624/6624
f 6829/6829/6829 6828/6828/6828 6620/6620/6620
f 6829/6829/6829 6827/6827/6827 6828/6828/6828
f 6613/6613/6613 6829/6829/6829 6620/6620/6620
f 6830/6830/6830 6822/6822/6822 6825/6825/6825
f 6824/6824/6824 6822/6822/6822 6830/6830/6830
f 6831/6831/6831 6825/6825/6825 6827/6827/6827
f 6831/6831/6831 6827/6827/6827 6829/6829/6829
f 6830/6830/6830 6825/6825/6825 6831/6831/6831
f 6832/6832/6832 6829/6829/6829 6613/6613/6613
f 6832/6832/6832 6831/6831/6831 6829/6829/6829
f 6608/6608/6608 6832/6832/6832 6613/6613/6613
f 6612/6612/6612 6832/6832/6832 6608/6608/6608
f 6833/6833/6833 6831/6831/6831 6832/6832/6832
f 6833/6833/6833 6830/6830/6830 6831/6831/6831
f 6612/6612/6612 6833/6833/6833 6832/6832/6832
f 6834/6834/6834 6824/6824/6824 6830/6830/6830
f 6834/6834/6834 6830/6830/6830 6833/6833/6833
f 6835/6835/6835 6833/6833/6833 6612/6612/6612
f 6835/6835/6835 6834/6834/6834 6833/6833/6833
f 6607/6607/6607 6835/6835/6835 6612/6612/6612
f 6836/6836/6836 6824/6824/6824 6834/6834/6834
f 6836/6836/6836 6823/6823/6823 6824/6824/6824
f 6816/6816/6816 6823/6823/6823 6836/6836/6836
f 6837/6837/6837 6834/6834/6834 6835/6835/6835
f 6837/6837/6837 6836/6836/6836 6834/6834/6834
f 6838/6838/6838 6835/6835/6835 6607/6607/6607
f 6838/6838/6838 6837/6837/6837 6835/6835/6835
f 6602/6602/6602 6838/6838/6838 6607/6607/6607
f 6839/6839/6839 6816/6816/6816 6836/6836/6836
f 6839/6839/6839 6836/6836/6836 6837/6837/6837
f 6840/6840/6840 6837/6837/6837 6838/6838/6838
f 6840/6840/6840 6839/6839/6839 6837/6837/6837
f 6841/6841/6841 6838/6838/6838 6602/6602/6602
f 6841/6841/6841 6840/6840/6840 6838/6838/6838
f 6597/6597/6597 6841/6841/6841 6602/6602/6602
f 6816/6816/6816 6839/6839/6839 6842/6842/6842
f 6842/6842/6842 6839/6839/6839 6840/6840/6840
f 6842/6842/6842 6819/6819/6819 6816/6816/6816
f 6843/6843/6843 6819/6819/6819 6842/6842/6842
f 6844/6844/6844 6840/6840/6840 6841/6841/6841
f 6844/6844/6844 6842/6842/6842 6840/6840/6840
f 6845/6845/6845 6841/6841/6841 6597/6597/6597
f 6845/6845/6845 6844/6844/6844 6841/6841/6841
f 6586/6586/6586 6845/6845/6845 6597/6597/6597
f 6846/6846/6846 6843/6843/6843 6842/6842/6842
f 6846/6846/6846 6842/6842/6842 6844/6844/6844
f 6847/6847/6847 6843/6843/6843 6846/6846/6846
f 6848/6848/6848 6847/6847/6847 6846/6846/6846
f 6849/6849/6849 6844/6844/6844 6845/6845/6845
f 6849/6849/6849 6846/6846/6846 6844/6844/6844
f 6850/6850/6850 6845/6845/6845 6586/6586/6586
f 6850/6850/6850 6849/6849/6849 6845/6845/6845
f 6578/6578/6578 6850/6850/6850 6586/6586/6586
f 6572/6572/6572 6850/6850/6850 6578/6578/6578
f 6851/6851/6851 6848/6848/6848 6846/6846/6846
f 6846/6846/6846 6849/6849/6849 6851/6851/6851
f 6851/6851/6851 6849/6849/6849 6850/6850/6850
f 6572/6572/6572 6851/6851/6851 6850/6850/6850
f 6560/6560/6560 6848/6848/6848 6851/6851/6851
f 6558/6558/6558 6851/6851/6851 6572/6572/6572
f 6558/6558/6558 6560/6560/6560 6851/6851/6851
f 6854/6854/6854 6853/6853/6853 6852/6852/6852
f 6855/6855/6855 6854/6854/6854 6852/6852/6852
f 6852/6852/6852 6853/6853/6853 6856/6856/6856
f 6857/6857/6857 6854/6854/6854 6855/6855/6855
f 6853/6853/6853 6858/6858/6858 6856/6856/6856
f 6859/6859/6859 6857/6857/6857 6855/6855/6855
f 6856/6856/6856 6858/6858/6858 6860/6860/6860
f 6861/6861/6861 6857/6857/6857 6859/6859/6859
f 6858/6858/6858 6862/6862/6862 6860/6860/6860
f 6863/6863/6863 6861/6861/6861 6859/6859/6859
f 6860/6860/6860 6862/6862/6862 6864/6864/6864
f 6865/6865/6865 6861/6861/6861 6863/6863/6863
f 6862/6862/6862 6866/6866/6866 6864/6864/6864
f 6867/6867/6867 6865/6865/6865 6863/6863/6863
f 6864/6864/6864 6866/6866/6866 6868/6868/6868
f 6869/6869/6869 6865/6865/6865 6867/6867/6867
f 6866/6866/6866 6870/6870/6870 6868/6868/6868
f 6871/6871/6871 6869/6869/6869 6867/6867/6867
f 6868/6868/6868 6870/6870/6870 6872/6872/6872
f 6873/6873/6873 6869/6869/6869 6871/6871/6871
f 6870/6870/6870 6874/6874/6874 6872/6872/6872
f 6875/6875/6875 6873/6873/6873 6871/6871/6871
f 6872/6872/6872 6874/6874/6874 6876/6876/6876
f 6877/6877/6877 6873/6873/6873 6875/6875/6875
f 6874/6874/6874 6878/6878/6878 6876/6876/6876
f 6879/6879/6879 6877/6877/6877 6875/6875/6875
f 6876/6876/6876 6878/6878/6878 6880/6880/6880
f 6881/6881/6881 6877/6877/6877 6879/6879/6879
f 6878/6878/6878 6882/6882/6882 6880/6880/6880
f 6883/6883/6883 6881/6881/6881 6879/6879/6879
f 6880/6880/6880 6882/6882/6882 6884/6884/6884
f 6885/6885/6885 6881/6881/6881 6883/6883/6883
f 6882/6882/6882 6886/6886/6886 6884/6884/6884
f 6887/6887/6887 6885/6885/6885 6883/6883/6883
f 6884/6884/6884 6886/6886/6886 6888/6888/6888
f 6889/6889/6889 6885/6885/6885 6887/6887/6887
f 6886/6886/6886 6890/6890/6890 6888/6888/6888
f 6891/6891/6891 6889/6889/6889 6887/6887/6887
f 6888/6888/6888 6890/6890/6890 6892/6892/6892
f 6893/6893/6893 6889/6889/6889 6891/6891/6891
f 6890/6890/6890 6894/6894/6894 6892/6892/6892
f 6895/6895/6895 6893/6893/6893 6891/6891/6891
f 6892/6892/6892 6894/6894/6894 6896/6896/6896
f 6897/6897/6897 6893/6893/6893 6895/6895/6895
f 6894/6894/6894 6898/6898/6898 6896/6896/6896
f 6899/6899/6899 6897/6897/6897 6895/6895/6895
f 6896/6896/6896 6898/6898/6898 6900/6900/6900
f 6901/6901/6901 6897/6897/6897 6899/6899/6899
f 6898/6898/6898 6902/6902/6902 6900/6900/6900
f 6903/6903/6903 6901/6901/6901 6899/6899/6899
f 6900/6900/6900 6902/6902/6902 6904/6904/6904
f 6905/6905/6905 6901/6901/6901 6903/6903/6903
f 6902/6902/6902 6906/6906/6906 6904/6904/6904
f 6907/6907/6907 6905/6905/6905 6903/6903/6903
f 6904/6904/6904 6906/6906/6906 6908/6908/6908
f 6909/6909/6909 6905/6905/6905 6907/6907/6907
f 6906/6906/6906 6910/6910/6910 6908/6908/6908
f 6911/6911/6911 6909/6909/6909 6907/6907/6907
f 6908/6908/6908 6910/6910/6910 6912/6912/6912
f 6913/6913/6913 6909/6909/6909 6911/6911/6911
f 6910/6910/6910 6914/6914/6914 6912/6912/6912
f 6915/6915/6915 6913/6913/6913 6911/6911/6911
f 6912/6912/6912 6914/6914/6914 6915/6915/6915
f 6914/6914/6914 6913/6913/6913 6915/6915/6915
f 6918/6918/6918 6917/6917/6917 6916/6916/6916
f 6917/6917/6917 6919/6919/6919 6916/6916/6916
f 6918/6918/6918 6916/6916/6916 6920/6920/6920
f 6917/6917/6917 6921/6921/6921 6919/6919/6919
f 6922/6922/6922 6918/6918/6918 6920/6920/6920
f 6921/6921/6921 6923/6923/6923 6919/6919/6919
f 6922/6922/6922 6920/6920/6920 6924/6924/6924
f 6921/6921/6921 6925/6925/6925 6923/6923/6923
f 6926/6926/6926 6922/6922/6922 6924/6924/6924
f 6925/6925/6925 6927/6927/6927 6923/6923/6923
f 6926/6926/6926 6924/6924/6924 6928/6928/6928
f 6925/6925/6925 6929/6929/6929 6927/6927/6927
f 6930/6930/6930 6926/6926/6926 6928/6928/6928
f 6929/6929/6929 6931/6931/6931 6927/6927/6927
f 6930/6930/6930 6928/6928/6928 6932/6932/6932
f 6929/6929/6929 6933/6933/6933 6931/6931/6931
f 6934/6934/6934 6930/6930/6930 6932/6932/6932
f 6933/6933/6933 6935/6935/6935 6931/6931/6931
f 6934/6934/6934 6932/6932/6932 6936/6936/6936
f 6933/6933/6933 6937/6937/6937 6935/6935/6935
f 6938/6938/6938 6934/6934/6934 6936/6936/6936
f 6937/6937/6937 6939/6939/6939 6935/6935/6935
f 6938/6938/6938 6936/6936/6936 6940/6940/6940
f 6937/6937/6937 6941/6941/6941 6939/6939/6939
f 6942/6942/6942 6938/6938/6938 6940/6940/6940
f 6941/6941/6941 6943/6943/6943 6939/6939/6939
f 6942/6942/6942 6940/6940/6940 6944/6944/6944
f 6941/6941/6941 6945/6945/6945 6943/6943/6943
f 6946/6946/6946 6942/6942/6942 6944/6944/6944
f 6945/6945/6945 6947/6947/6947 6943/6943/6943
f 6946/6946/6946 6944/6944/6944 6948/6948/6948
f 6945/6945/6945 6949/6949/6949 6947/6947/6947
f 6950/6950/6950 6946/6946/6946 6948/6948/6948
f 6949/6949/6949 6951/6951/6951 6947/6947/6947
f 6950/6950/6950 6948/6948/6948 6952/6952/6952
f 6949/6949/6949 6953/6953/6953 6951/6951/6951
f 6954/6954/6954 6950/6950/6950 6952/6952/6952
f 6953/6953/6953 6955/6955/6955 6951/6951/6951
f 6954/6954/6954 6952/6952/6952 6956/6956/6956
f 6953/6953/6953 6957/6957/6957 6955/6955/6955
f 6958/6958/6958 6954/6954/6954 6956/6956/6956
f 6957/6957/6957 6959/6959/6959 6955/6955/6955
f 6958/6958/6958 6956/6956/6956 6960/6960/6960
f 6957/6957/6957 6961/6961/6961 6959/6959/6959
f 6962/6962/6962 6958/6958/6958 6960/6960/6960
f 6961/6961/6961 6963/6963/6963 6959/6959/6959
f 6962/6962/6962 6960/6960/6960 6964/6964/6964
f 6961/6961/6961 6965/6965/6965 6963/6963/6963
f 6966/6966/6966 6962/6962/6962 6964/6964/6964
f 6965/6965/6965 6967/6967/6967 6963/6963/6963
f 6966/6966/6966 6964/6964/6964 6968/6968/6968
f 6965/6965/6965 6969/6969/6969 6967/6967/6967
f 6970/6970/6970 6966/6966/6966 6968/6968/6968
f 6969/6969/6969 6971/6971/6971 6967/6967/6967
f 6970/6970/6970 6968/6968/6968 6972/6972/6972
f 6969/6969/6969 6973/6973/6973 6971/6971/6971
f 6974/6974/6974 6970/6970/6970 6972/6972/6972
f 6973/6973/6973 6975/6975/6975 6971/6971/6971
f 6974/6974/6974 6972/6972/6972 6976/6976/6976
f 6973/6973/6973 6977/6977/6977 6975/6975/6975
f 6978/6978/6978 6974/6974/6974 6976/6976/6976
f 6977/6977/6977 6979/6979/6979 6975/6975/6975
f 6978/6978/6978 6976/6976/6976 6979/6979/6979
f 6977/6977/6977 6978/6978/6978 6979/6979/6979
f 6982/6982/6982 6981/6981/6981 6980/6980/6980
f 6981/6981/6981 6983/6983/6983 6980/6980/6980
f 6982/6982/6982 6980/6980/6980 6984/6984/6984
f 6981/6981/6981 6985/6985/6985 6983/6983/6983
f 6986/6986/6986 6982/6982/6982 6984/6984/6984
f 6985/6985/6985 6987/6987/6987 6983/6983/6983
f 6986/6986/6986 6984/6984/6984 6988/6988/6988
f 6985/6985/6985 6989/6989/6989 6987/6987/6987
f 6990/6990/6990 6986/6986/6986 6988/6988/6988
f 6989/6989/6989 6991/6991/6991 6987/6987/6987
f 6990/6990/6990 6988/6988/6988 6992/6992/6992
f 6989/6989/6989 6993/6993/6993 6991/6991/6991
f 6994/6994/6994 6990/6990/6990 6992/6992/6992
f 6993/6993/6993 6995/6995/6995 6991/6991/6991
f 6994/6994/6994 6992/6992/6992 6996/6996/6996
f 6993/6993/6993 6997/6997/6997 6995/6995/6995
f 6998/6998/6998 6994/6994/6994 6996/6996/6996
f 6997/6997/6997 6999/6999/6999 6995/6995/6995
f 6998/6998/6998 6996/6996/6996 7000/7000/7000
f 6997/6997/6997 7001/7001/7001 6999/6999/6999
f 7002/7002/7002 6998/6998/6998 7000/7000/7000
f 7001/7001/7001 7003/7003/7003 6999/6999/6999
f 7002/7002/7002 7000/7000/7000 7004/7004/7004
f 7001/7001/7001 7005/7005/7005 7003/7003/7003
f 7006/7006/7006 7002/7002/7002 7004/7004/7004
f 7005/7005/7005 7007/7007/7007 7003/7003/7003
f 7006/7006/7006 7004/7004/7004 7008/7008/7008
f 7005/7005/7005 7009/7009/7009 7007/7007/7007
f 7010/7010/7010 7006/7006/7006 7008/7008/7008
f 7009/7009/7009 7011/7011/7011 7007/7007/7007
f 7010/7010/7010 7008/7008/7008 7012/7012/7012
f 7009/7009/7009 7013/7013/7013 7011/7011/7011
f 7014/7014/7014 7010/7010/7010 7012/7012/7012
f 7013/7013/7013 7015/7015/7015 7011/7011/7011
f 7014/7014/7014 7012/7012/7012 7016/7016/7016
f 7013/7013/7013 7017/7017/7017 7015/7015/7015
f 7018/7018/7018 7014/7014/7014 7016/7016/7016
f 7017/7017/7017 7019/7019/7019 7015/7015/7015
f 7018/7018/7018 7016/7016/7016 7020/7020/7020
f 7017/7017/7017 7021/7021/7021 7019/7019/7019
f 7022/7022/7022 7018/7018/7018 7020/7020/7020
f 7021/7021/7021 7023/7023/7023 7019/7019/7019
f 7022/7022/7022 7020/7020/7020 7024/7024/7024
f 7021/7021/7021 7025/7025/7025 7023/7023/7023
f 7026/7026/7026 7022/7022/7022 7024/7024/7024
f 7025/7025/7025 7027/7027/7027 7023/7023/7023
f 7026/7026/7026 7024/7024/7024 7028/7028/7028
f 7025/7025/7025 7029/7029/7029 7027/7027/7027
f 7030/7030/7030 7026/7026/7026 7028/7028/7028
f 7029/7029/7029 7031/7031/7031 7027/7027/7027
f 7030/7030/7030 7028/7028/7028 7032/7032/7032
f 7029/7029/7029 7033/7033/7033 7031/7031/7031
f 7034/7034/7034 7030/7030/7030 7032/7032/7032
f 7033/7033/7033 7035/7035/7035 7031/7031/7031
f 7034/7034/7034 7032/7032/7032 7036/7036/7036
f 7033/7033/7033 7037/7037/7037 7035/7035/7035
f 7038/7038/7038 7034/7034/7034 7036/7036/7036
f 7037/7037/7037 7039/7039/7039 7035/7035/7035
f 7038/7038/7038 7036/7036/7036 7040/7040/7040
f 7037/7037/7037 7041/7041/7041 7039/7039/7039
f 7042/7042/7042 7038/7038/7038 7040/7040/7040
f 7041/7041/7041 7043/7043/7043 7039/7039/7039
f 7042/7042/7042 7040/7040/7040 7043/7043/7043
f 7041/7041/7041 7042/7042/7042 7043/7043/7043
f 7046/7046/7046 7045/7045/7045 7044/7044/7044
f 7045/7045/7045 7047/7047/7047 7044/7044/7044
f 7046/7046/7046 7044/7044/7044 7048/7048/7048
f 7045/7045/7045 7049/7049/7049 7047/7047/7047
f 7050/7050/7050 7046/7046/7046 7048/7048/7048
f 7049/7049/7049 7051/7051/7051 7047/7047/7047
f 7050/7050/7050 7048/7048/7048 7052/7052/7052
f 7049/7049/7049 7053/7053/7053 7051/7051/7051
f 7054/7054/7054 7050/7050/7050 7052/7052/7052
f 7053/7053/7053 7055/7055/7055 7051/7051/7051
f 7054/7054/7054 7052/7052/7052 7056/7056/7056
f 7053/7053/7053 7057/7057/7057 7055/7055/7055
f 7058/7058/7058 7054/7054/7054 7056/7056/7056
f 7057/7057/7057 7059/7059/7059 7055/7055/7055
f 7058/7058/7058 7056/7056/7056 7060/7060/7060
f 7057/7057/7057 7061/7061/7061 7059/7059/7059
f 7062/7062/7062 7058/7058/7058 7060/7060/7060
f 7061/7061/7061 7063/7063/7063 7059/7059/7059
f 7062/7062/7062 7060/7060/7060 7064/7064/7064
f 7061/7061/7061 7065/7065/7065 7063/7063/7063
f 7066/7066/7066 7062/7062/7062 7064/7064/7064
f 7065/7065/7065 7067/7067/7067 7063/7063/7063
f 7066/7066/7066 7064/7064/7064 7068/7068/7068
f 7065/7065/7065 7069/7069/7069 7067/7067/7067
f 7070/7070/7070 7066/7066/7066 7068/7068/7068
f 7069/7069/7069 7071/7071/7071 7067/7067/7067
f 7070/7070/7070 7068/7068/7068 7072/7072/7072
f 7069/7069/7069 7073/7073/7073 7071/7071/7071
f 7074/7074/7074 7070/7070/7070 7072/7072/7072
f 7073/7073/7073 7075/7075/7075 7071/7071/7071
f 7074/7074/7074 7072/7072/7072 7076/7076/7076
f 7073/7073/7073 7077/7077/7077 7075/7075/7075
f 7078/7078/7078 7074/7074/7074 7076/7076/7076
f 7077/7077/7077 7079/7079/7079 7075/7075/7075
f 7078/7078/7078 7076/7076/7076 7080/7080/7080
f 7077/7077/7077 7081/7081/7081 7079/7079/7079
f 7082/7082/7082 7078/7078/7078 7080/7080/7080
f 7081/7081/7081 7083/7083/7083 7079/7079/7079
f 7082/7082/7082 7080/7080/7080 7084/7084/7084
f 7081/7081/7081 7085/7085/7085 7083/7083/7083
f 7086/7086/7086 7082/7082/7082 7084/7084/7084
f 7085/7085/7085 7087/7087/7087 7083/7083/7083
f 7086/7086/7086 7084/7084/7084 7088/7088/7088
f 7085/7085/7085 7089/7089/7089 7087/7087/7087
f 7090/7090/7090 7086/7086/7086 7088/7088/7088
f 7089/7089/7089 7091/7091/7091 7087/7087/7087
f 7090/7090/7090 7088/7088/7088 7092/7092/7092
f 7089/7089/7089 7093/7093/7093 7091/7091/7091
f 7094/7094/7094 7090/7090/7090 7092/7092/7092
f 7093/7093/7093 7095/7095/7095 7091/7091/7091
f 7094/7094/7094 7092/7092/7092 7096/7096/7096
f 7093/7093/7093 7097/7097/7097 7095/7095/7095
f 7098/7098/7098 7094/7094/7094 7096/7096/7096
f 7097/7097/7097 7099/7099/7099 7095/7095/7095
f 7098/7098/7098 7096/7096/7096 7100/7100/7100
f 7097/7097/7097 7101/7101/7101 7099/7099/7099
f 7102/7102/7102 7098/7098/7098 7100/7100/7100
f 7101/7101/7101 7103/7103/7103 7099/7099/7099
f 7102/7102/7102 7100/7100/7100 7104/7104/7104
f 7101/7101/7101 7105/7105/7105 7103/7103/7103
f 7106/7106/7106 7102/7102/7102 7104/7104/7104
f 7105/7105/7105 7107/7107/7107 7103/7103/7103
f 7106/7106/7106 7104/7104/7104 7107/7107/7107
f 7105/7105/7105 7106/7106/7106 7107/7107/7107
f 7110/7110/7110 7109/7109/7109 7108/7108/7108
f 7109/7109/7109 7111/7111/7111 7108/7108/7108
f 7110/7110/7110 7108/7108/7108 7112/7112/7112
f 7109/7109/7109 7113/7113/7113 7111/7111/7111
f 7114/7114/7114 7110/7110/7110 7112/7112/7112
f 7113/7113/7113 7115/7115/7115 7111/7111/7111
f 7114/7114/7114 7112/7112/7112 7116/7116/7116
f 7113/7113/7113 7117/7117/7117 7115/7115/7115
f 7118/7118/7118 7114/7114/7114 7116/7116/7116
f 7117/7117/7117 7119/7119/7119 7115/7115/7115
f 7118/7118/7118 7116/7116/7116 7120/7120/7120
f 7117/7117/7117 7121/7121/7121 7119/7119/7119
f 7122/7122/7122 7118/7118/7118 7120/7120/7120
f 7121/7121/7121 7123/7123/7123 7119/7119/7119
f 7122/7122/7122 7120/7120/7120 7124/7124/7124
f 7121/7121/7121 7125/7125/7125 7123/7123/7123
f 7126/7126/7126 7122/7122/7122 7124/7124/7124
f 7125/7125/7125 7127/7127/7127 7123/7123/7123
f 7126/7126/7126 7124/7124/7124 7128/7128/7128
f 7125/7125/7125 7129/7129/7129 7127/7127/7127
f 7130/7130/7130 7126/7126/7126 7128/7128/7128
f 7129/7129/7129 7131/7131/7131 7127/7127/7127
f 7130/7130/7130 7128/7128/7128 7132/7132/7132
f 7129/7129/7129 7133/7133/7133 7131/7131/7131
f 7134/7134/7134 7130/7130/7130 7132/7132/7132
f 7133/7133/7133 7135/7135/7135 7131/7131/7131
f 7134/7134/7134 7132/7132/7132 7136/7136/7136
f 7133/7133/7133 7137/7137/7137 7135/7135/7135
f 7138/7138/7138 7134/7134/7134 7136/7136/7136
f 7137/7137/7137 7139/7139/7139 7135/7135/7135
f 7138/7138/7138 7136/7136/7136 7140/7140/7140
f 7137/7137/7137 7141/7141/7141 7139/7139/7139
f 7142/7142/7142 7138/7138/7138 7140/7140/7140
f 7141/7141/7141 7143/7143/7143 7139/7139/7139
f 7142/7142/7142 7140/7140/7140 7144/7144/7144
f 7141/7141/7141 7145/7145/7145 7143/7143/7143
f 7146/7146/7146 7142/7142/7142 7144/7144/7144
f 7145/7145/7145 7147/7147/7147 7143/7143/7143
f 7146/7146/7146 7144/7144/7144 7148/7148/7148
f 7145/7145/7145 7149/7149/7149 7147/7147/7147
f 7150/7150/7150 7146/7146/7146 7148/7148/7148
f 7149/7149/7149 7151/7151/7151 7147/7147/7147
f 7150/7150/7150 7148/7148/7148 7152/7152/7152
f 7149/7149/7149 7153/7153/7153 7151/7151/7151
f 7154/7154/7154 7150/7150/7150 7152/7152/7152
f 7153/7153/7153 7155/7155/7155 7151/7151/7151
f 7154/7154/7154 7152/7152/7152 7156/7156/7156
f 7153/7153/7153 7157/7157/7157 7155/7155/7155
f 7158/7158/7158 7154/7154/7154 7156/7156/7156
f 7157/7157/7157 7159/7159/7159 7155/7155/7155
f 7158/7158/7158 7156/7156/7156 7160/7160/7160
f 7157/7157/7157 7161/7161/7161 7159/7159/7159
f 7162/7162/7162 7158/7158/7158 7160/7160/7160
f 7161/7161/7161 7163/7163/7163 7159/7159/7159
f 7162/7162/7162 7160/7160/7160 7164/7164/7164
f 7161/7161/7161 7165/7165/7165 7163/7163/7163
f 7166/7166/7166 7162/7162/7162 7164/7164/7164
f 7165/7165/7165 7167/7167/7167 7163/7163/7163
f 7166/7166/7166 7164/7164/7164 7168/7168/7168
f 7165/7165/7165 7169/7169/7169 7167/7167/7167
f 7170/7170/7170 7166/7166/7166 7168/7168/7168
f 7169/7169/7169 7171/7171/7171 7167/7167/7167
f 7170/7170/7170 7168/7168/7168 7171/7171/7171
f 7169/7169/7169 7170/7170/7170 7171/7171/7171
f 7174/7174/7174 7173/7173/7173 7172/7172/7172
f 7175/7175/7175 7174/7174/7174 7172/7172/7172
f 7172/7172/7172 7173/7173/7173 7176/7176/7176
f 7177/7177/7177 7174/7174/7174 7175/7175/7175
f 7173/7173/7173 7178/7178/7178 7176/7176/7176
f 7179/7179/7179 7177/7177/7177 7175/7175/7175
f 7176/7176/7176 7178/7178/7178 7180/7180/7180
f 7181/7181/7181 7177/7177/7177 7179/7179/7179
f 7178/7178/7178 7182/7182/7182 7180/7180/7180
f 7183/7183/7183 7181/7181/7181 7179/7179/7179
f 7180/7180/7180 7182/7182/7182 7184/7184/7184
f 7185/7185/7185 7181/7181/7181 7183/7183/7183
f 7182/7182/7182 7186/7186/7186 7184/7184/7184
f 7187/7187/7187 7185/7185/7185 7183/7183/7183
f 7184/7184/7184 7186/7186/7186 7188/7188/7188
f 7189/7189/7189 7185/7185/7185 7187/7187/7187
f 7186/7186/7186 7190/7190/7190 7188/7188/7188
f 7191/7191/7191 7189/7189/7189 7187/7187/7187
f 7188/7188/7188 7190/7190/7190 7192/7192/7192
f 7193/7193/7193 7189/7189/7189 7191/7191/7191
f 7190/7190/7190 7194/7194/7194 7192/7192/7192
f 7195/7195/7195 7193/7193/7193 7191/7191/7191
f 7192/7192/7192 7194/7194/7194 7196/7196/7196
f 7197/7197/7197 7193/7193/7193 7195/7195/7195
f 7194/7194/7194 7198/7198/7198 7196/7196/7196
f 7199/7199/7199 7197/7197/7197 7195/7195/7195
f 7196/7196/7196 7198/7198/7198 7200/7200/7200
f 7201/7201/7201 7197/7197/7197 7199/7199/7199
f 7198/7198/7198 7202/7202/7202 7200/7200/7200
f 7203/7203/7203 7201/7201/7201 7199/7199/7199
f 7200/7200/7200 7202/7202/7202 7204/7204/7204
f 7205/7205/7205 7201/7201/7201 7203/7203/7203
f 7202/7202/7202 7206/7206/7206 7204/7204/7204
f 7207/7207/7207 7205/7205/7205 7203/7203/7203
f 7204/7204/7204 7206/7206/7206 7208/7208/7208
f 7209/7209/7209 7205/7205/7205 7207/7207/7207
f 7206/7206/7206 7210/7210/7210 7208/7208/7208
f 7211/7211/7211 7209/7209/7209 7207/7207/7207
f 7208/7208/7208 7210/7210/7210 7212/7212/7212
f 7213/7213/7213 7209/7209/7209 7211/7211/7211
f 7210/7210/7210 7214/7214/7214 7212/7212/7212
f 7215/7215/7215 7213/7213/7213 7211/7211/7211
f 7212/7212/7212 7214/7214/7214 7216/7216/7216
f 7217/7217/7217 7213/7213/7213 7215/7215/7215
f 7214/7214/7214 7218/7218/7218 7216/7216/7216
f 7219/7219/7219 7217/7217/7217 7215/7215/7215
f 7216/7216/7216 7218/7218/7218 7220/7220/7220
f 7221/7221/7221 7217/7217/7217 7219/7219/7219
f 7218/7218/7218 7222/7222/7222 7220/7220/7220
f 7223/7223/7223 7221/7221/7221 7219/7219/7219
f 7220/7220/7220 7222/7222/7222 7224/7224/7224
f 7225/7225/7225 7221/7221/7221 7223/7223/7223
f 7222/7222/7222 7226/7226/7226 7224/7224/7224
f 7227/7227/7227 7225/7225/7225 7223/7223/7223
f 7224/7224/7224 7226/7226/7226 7228/7228/7228
f 7229/7229/7229 7225/7225/7225 7227/7227/7227
f 7226/7226/7226 7230/7230/7230 7228/7228/7228
f 7231/7231/7231 7229/7229/7229 7227/7227/7227
f 7228/7228/7228 7230/7230/7230 7232/7232/7232
f 7233/7233/7233 7229/7229/7229 7231/7231/7231
f 7230/7230/7230 7234/7234/7234 7232/7232/7232
f 7235/7235/7235 7233/7233/7233 7231/7231/7231
f 7232/7232/7232 7234/7234/7234 7235/7235/7235
f 7234/7234/7234 7233/7233/7233 7235/7235/7235
f 7238/7238/7238 7237/7237/7237 7236/7236/7236
f 7239/7239/7239 7238/7238/7238 7236/7236/7236
f 7236/7236/7236 7237/7237/7237 7240/7240/7240
f 7241/7241/7241 7238/7238/7238 7239/7239/7239
f 7237/7237/7237 7242/7242/7242 7240/7240/7240
f 7243/7243/7243 7241/7241/7241 7239/7239/7239
f 7240/7240/7240 7242/7242/7242 7244/7244/7244
f 7245/7245/7245 7241/7241/7241 7243/7243/7243
f 7242/7242/7242 7246/7246/7246 7244/7244/7244
f 7247/7247/7247 7245/7245/7245 7243/7243/7243
f 7244/7244/7244 7246/7246/7246 7248/7248/7248
f 7249/7249/7249 7245/7245/7245 7247/7247/7247
f 7246/7246/7246 7250/7250/7250 7248/7248/7248
f 7251/7251/7251 7249/7249/7249 7247/7247/7247
f 7248/7248/7248 7250/7250/7250 7252/7252/7252
f 7253/7253/7253 7249/7249/7249 7251/7251/7251
f 7250/7250/7250 7254/7254/7254 7252/7252/7252
f 7255/7255/7255 7253/7253/7253 7251/7251/7251
f 7252/7252/7252 7254/7254/7254 7256/7256/7256
f 7257/7257/7257 7253/7253/7253 7255/7255/7255
f 7254/7254/7254 7258/7258/7258 7256/7256/7256
f 7259/7259/7259 7257/7257/7257 7255/7255/7255
f 7256/7256/7256 7258/7258/7258 7260/7260/7260
f 7261/7261/7261 7257/7257/7257 7259/7259/7259
f 7258/7258/7258 7262/7262/7262 7260/7260/7260
f 7263/7263/7263 7261/7261/7261 7259/7259/7259
f 7260/7260/7260 7262/7262/7262 7264/7264/7264
f 7265/7265/7265 7261/7261/7261 7263/7263/7263
f 7262/7262/7262 7266/7266/7266 7264/7264/7264
f 7267/7267/7267 7265/7265/7265 7263/7263/7263
f 7264/7264/7264 7266/7266/7266 7268/7268/7268
f 7269/7269/7269 7265/7265/7265 7267/7267/7267
f 7266/7266/7266 7270/7270/7270 7268/7268/7268
f 7271/7271/7271 7269/7269/7269 7267/7267/7267
f 7268/7268/7268 7270/7270/7270 7272/7272/7272
f 7273/7273/7273 7269/7269/7269 7271/7271/7271
f 7270/7270/7270 7274/7274/7274 7272/7272/7272
f 7275/7275/7275 7273/7273/7273 7271/7271/7271
f 7272/7272/7272 7274/7274/7274 7276/7276/7276
f 7277/7277/7277 7273/7273/7273 7275/7275/7275
f 7274/7274/7274 7278/7278/7278 7276/7276/7276
f 7279/7279/7279 7277/7277/7277 7275/7275/7275
f 7276/7276/7276 7278/7278/7278 7280/7280/7280
f 7281/7281/7281 7277/7277/7277 7279/7279/7279
f 7278/7278/7278 7282/7282/7282 7280/7280/7280
f 7283/7283/7283 7281/7281/7281 7279/7279/7279
f 7280/7280/7280 7282/7282/7282 7284/7284/7284
f 7285/7285/7285 7281/7281/7281 7283/7283/7283
f 7282/7282/7282 7286/7286/7286 7284/7284/7284
f 7287/7287/7287 7285/7285/7285 7283/7283/7283
f 7284/7284/7284 7286/7286/7286 7288/7288/7288
f 7289/7289/7289 7285/7285/7285 7287/7287/7287
f 7286/7286/7286 7290/7290/7290 7288/7288/7288
f 7291/7291/7291 7289/7289/7289 7287/7287/7287
f 7288/7288/7288 7290/7290/7290 7292/7292/7292
f 7293/7293/7293 7289/7289/7289 7291/7291/7291
f 7290/7290/7290 7294/7294/7294 7292/7292/7292
f 7295/7295/7295 7293/7293/7293 7291/7291/7291
f 7292/7292/7292 7294/7294/7294 7296/7296/7296
f 7297/7297/7297 7293/7293/7293 7295/7295/7295
f 7294/7294/7294 7298/7298/7298 7296/7296/7296
f 7299/7299/7299 7297/7297/7297 7295/7295/7295
f 7296/7296/7296 7298/7298/7298 7299/7299/7299
f 7298/7298/7298 7297/7297/7297 7299/7299/7299
